BEGIN TRANSACTION;
CREATE TABLE `event_quest_character_m` (
    `event_quest_character_id` INTEGER NOT NULL,
    `event_id` INTEGER NOT NULL,
    `unit_type_id` INTEGER NOT NULL,
    PRIMARY KEY (`event_quest_character_id`)
);
INSERT INTO "event_quest_character_m" VALUES(1,95,101);
INSERT INTO "event_quest_character_m" VALUES(2,95,102);
INSERT INTO "event_quest_character_m" VALUES(3,95,103);
INSERT INTO "event_quest_character_m" VALUES(4,95,104);
INSERT INTO "event_quest_character_m" VALUES(5,95,105);
INSERT INTO "event_quest_character_m" VALUES(6,95,106);
INSERT INTO "event_quest_character_m" VALUES(7,95,107);
INSERT INTO "event_quest_character_m" VALUES(8,95,108);
INSERT INTO "event_quest_character_m" VALUES(9,95,109);
INSERT INTO "event_quest_character_m" VALUES(10,105,101);
INSERT INTO "event_quest_character_m" VALUES(11,105,102);
INSERT INTO "event_quest_character_m" VALUES(12,105,103);
INSERT INTO "event_quest_character_m" VALUES(13,105,104);
INSERT INTO "event_quest_character_m" VALUES(14,105,105);
INSERT INTO "event_quest_character_m" VALUES(15,105,106);
INSERT INTO "event_quest_character_m" VALUES(16,105,107);
INSERT INTO "event_quest_character_m" VALUES(17,105,108);
INSERT INTO "event_quest_character_m" VALUES(18,105,109);
INSERT INTO "event_quest_character_m" VALUES(19,112,101);
INSERT INTO "event_quest_character_m" VALUES(20,112,102);
INSERT INTO "event_quest_character_m" VALUES(21,112,103);
INSERT INTO "event_quest_character_m" VALUES(22,112,104);
INSERT INTO "event_quest_character_m" VALUES(23,112,105);
INSERT INTO "event_quest_character_m" VALUES(24,112,106);
INSERT INTO "event_quest_character_m" VALUES(25,112,107);
INSERT INTO "event_quest_character_m" VALUES(26,112,108);
INSERT INTO "event_quest_character_m" VALUES(27,112,109);
INSERT INTO "event_quest_character_m" VALUES(28,118,101);
INSERT INTO "event_quest_character_m" VALUES(29,118,102);
INSERT INTO "event_quest_character_m" VALUES(30,118,103);
INSERT INTO "event_quest_character_m" VALUES(31,118,104);
INSERT INTO "event_quest_character_m" VALUES(32,118,105);
INSERT INTO "event_quest_character_m" VALUES(33,118,106);
INSERT INTO "event_quest_character_m" VALUES(34,118,107);
INSERT INTO "event_quest_character_m" VALUES(35,118,108);
INSERT INTO "event_quest_character_m" VALUES(36,118,109);
INSERT INTO "event_quest_character_m" VALUES(37,124,101);
INSERT INTO "event_quest_character_m" VALUES(38,124,102);
INSERT INTO "event_quest_character_m" VALUES(39,124,103);
INSERT INTO "event_quest_character_m" VALUES(40,124,104);
INSERT INTO "event_quest_character_m" VALUES(41,124,105);
INSERT INTO "event_quest_character_m" VALUES(42,124,106);
INSERT INTO "event_quest_character_m" VALUES(43,124,107);
INSERT INTO "event_quest_character_m" VALUES(44,124,108);
INSERT INTO "event_quest_character_m" VALUES(45,124,109);
INSERT INTO "event_quest_character_m" VALUES(46,131,1);
INSERT INTO "event_quest_character_m" VALUES(47,131,2);
INSERT INTO "event_quest_character_m" VALUES(48,131,3);
INSERT INTO "event_quest_character_m" VALUES(49,131,4);
INSERT INTO "event_quest_character_m" VALUES(50,131,5);
INSERT INTO "event_quest_character_m" VALUES(51,131,6);
INSERT INTO "event_quest_character_m" VALUES(52,131,7);
INSERT INTO "event_quest_character_m" VALUES(53,131,8);
INSERT INTO "event_quest_character_m" VALUES(54,131,9);
INSERT INTO "event_quest_character_m" VALUES(55,134,101);
INSERT INTO "event_quest_character_m" VALUES(56,134,102);
INSERT INTO "event_quest_character_m" VALUES(57,134,103);
INSERT INTO "event_quest_character_m" VALUES(58,134,104);
INSERT INTO "event_quest_character_m" VALUES(59,134,105);
INSERT INTO "event_quest_character_m" VALUES(60,134,106);
INSERT INTO "event_quest_character_m" VALUES(61,134,107);
INSERT INTO "event_quest_character_m" VALUES(62,134,108);
INSERT INTO "event_quest_character_m" VALUES(63,134,109);
CREATE TABLE `event_quest_deformation_asset_m` (
    `unit_type_id` INTEGER NOT NULL,
    `asset_type` INTEGER NOT NULL,
    `deformation_asset` TEXT NOT NULL,
    `release_tag` TEXT, `_encryption_release_id` INTEGER NULL,
    PRIMARY KEY (`unit_type_id`,`asset_type`)
);
INSERT INTO "event_quest_deformation_asset_m" VALUES(101,1,'assets/image/quest/sd/01_101_01.png',NULL,NULL);
INSERT INTO "event_quest_deformation_asset_m" VALUES(101,2,'assets/image/quest/sd/01_101_02.png',NULL,NULL);
INSERT INTO "event_quest_deformation_asset_m" VALUES(102,1,'assets/image/quest/sd/01_102_01.png',NULL,NULL);
INSERT INTO "event_quest_deformation_asset_m" VALUES(102,2,'assets/image/quest/sd/01_102_02.png',NULL,NULL);
INSERT INTO "event_quest_deformation_asset_m" VALUES(103,1,'assets/image/quest/sd/01_103_01.png',NULL,NULL);
INSERT INTO "event_quest_deformation_asset_m" VALUES(103,2,'assets/image/quest/sd/01_103_02.png',NULL,NULL);
INSERT INTO "event_quest_deformation_asset_m" VALUES(104,1,'assets/image/quest/sd/01_104_01.png',NULL,NULL);
INSERT INTO "event_quest_deformation_asset_m" VALUES(104,2,'assets/image/quest/sd/01_104_02.png',NULL,NULL);
INSERT INTO "event_quest_deformation_asset_m" VALUES(105,1,'assets/image/quest/sd/01_105_01.png',NULL,NULL);
INSERT INTO "event_quest_deformation_asset_m" VALUES(105,2,'assets/image/quest/sd/01_105_02.png',NULL,NULL);
INSERT INTO "event_quest_deformation_asset_m" VALUES(106,1,'assets/image/quest/sd/01_106_01.png',NULL,NULL);
INSERT INTO "event_quest_deformation_asset_m" VALUES(106,2,'assets/image/quest/sd/01_106_02.png',NULL,NULL);
INSERT INTO "event_quest_deformation_asset_m" VALUES(107,1,'assets/image/quest/sd/01_107_01.png',NULL,NULL);
INSERT INTO "event_quest_deformation_asset_m" VALUES(107,2,'assets/image/quest/sd/01_107_02.png',NULL,NULL);
INSERT INTO "event_quest_deformation_asset_m" VALUES(108,1,'assets/image/quest/sd/01_108_01.png',NULL,NULL);
INSERT INTO "event_quest_deformation_asset_m" VALUES(108,2,'assets/image/quest/sd/01_108_02.png',NULL,NULL);
INSERT INTO "event_quest_deformation_asset_m" VALUES(109,1,'assets/image/quest/sd/01_109_01.png',NULL,NULL);
INSERT INTO "event_quest_deformation_asset_m" VALUES(109,2,'assets/image/quest/sd/01_109_02.png',NULL,NULL);
INSERT INTO "event_quest_deformation_asset_m" VALUES(1,1,'assets/image/quest/sd/01_001_01.png',NULL,NULL);
INSERT INTO "event_quest_deformation_asset_m" VALUES(1,2,'assets/image/quest/sd/01_001_02.png',NULL,NULL);
INSERT INTO "event_quest_deformation_asset_m" VALUES(2,1,'assets/image/quest/sd/01_002_01.png',NULL,NULL);
INSERT INTO "event_quest_deformation_asset_m" VALUES(2,2,'assets/image/quest/sd/01_002_02.png',NULL,NULL);
INSERT INTO "event_quest_deformation_asset_m" VALUES(3,1,'assets/image/quest/sd/01_003_01.png',NULL,NULL);
INSERT INTO "event_quest_deformation_asset_m" VALUES(3,2,'assets/image/quest/sd/01_003_02.png',NULL,NULL);
INSERT INTO "event_quest_deformation_asset_m" VALUES(4,1,'assets/image/quest/sd/01_004_01.png',NULL,NULL);
INSERT INTO "event_quest_deformation_asset_m" VALUES(4,2,'assets/image/quest/sd/01_004_02.png',NULL,NULL);
INSERT INTO "event_quest_deformation_asset_m" VALUES(5,1,'assets/image/quest/sd/01_005_01.png',NULL,NULL);
INSERT INTO "event_quest_deformation_asset_m" VALUES(5,2,'assets/image/quest/sd/01_005_02.png',NULL,NULL);
INSERT INTO "event_quest_deformation_asset_m" VALUES(6,1,'assets/image/quest/sd/01_006_01.png',NULL,NULL);
INSERT INTO "event_quest_deformation_asset_m" VALUES(6,2,'assets/image/quest/sd/01_006_02.png',NULL,NULL);
INSERT INTO "event_quest_deformation_asset_m" VALUES(7,1,'assets/image/quest/sd/01_007_01.png',NULL,NULL);
INSERT INTO "event_quest_deformation_asset_m" VALUES(7,2,'assets/image/quest/sd/01_007_02.png',NULL,NULL);
INSERT INTO "event_quest_deformation_asset_m" VALUES(8,1,'assets/image/quest/sd/01_008_01.png',NULL,NULL);
INSERT INTO "event_quest_deformation_asset_m" VALUES(8,2,'assets/image/quest/sd/01_008_02.png',NULL,NULL);
INSERT INTO "event_quest_deformation_asset_m" VALUES(9,1,'assets/image/quest/sd/01_009_01.png',NULL,NULL);
INSERT INTO "event_quest_deformation_asset_m" VALUES(9,2,'assets/image/quest/sd/01_009_02.png',NULL,NULL);
CREATE TABLE `event_quest_difficulty_m` (
    `difficulty` INTEGER NOT NULL,
    `capital_type` INTEGER NOT NULL,
    `capital_value` INTEGER NOT NULL,
    `event_point` INTEGER NOT NULL,
    PRIMARY KEY (`difficulty`)
);
INSERT INTO "event_quest_difficulty_m" VALUES(1,1,5,42);
INSERT INTO "event_quest_difficulty_m" VALUES(2,1,10,99);
INSERT INTO "event_quest_difficulty_m" VALUES(3,1,15,173);
INSERT INTO "event_quest_difficulty_m" VALUES(4,1,25,343);
CREATE TABLE `event_quest_exchange_seal_m` (
    `event_id` INTEGER NOT NULL,
    `event_seal_id` INTEGER NOT NULL,
    `name` TEXT NOT NULL,
    `icon_asset` TEXT NOT NULL,
    `sort` INTEGER NOT NULL,
    `gold_rate` INTEGER NOT NULL,
    `release_tag` TEXT, `_encryption_release_id` INTEGER NULL,
    PRIMARY KEY (`event_id`,`event_seal_id`)
);
INSERT INTO "event_quest_exchange_seal_m" VALUES(105,1,'コーヒー豆','assets/image/quest/gift/quest_exchange_gift_01.png',1,5000,NULL,NULL);
INSERT INTO "event_quest_exchange_seal_m" VALUES(105,2,'しおり','assets/image/quest/gift/quest_exchange_gift_02.png',2,5000,NULL,NULL);
INSERT INTO "event_quest_exchange_seal_m" VALUES(105,3,'シュークリーム','assets/image/quest/gift/quest_exchange_gift_03.png',3,5000,NULL,NULL);
INSERT INTO "event_quest_exchange_seal_m" VALUES(105,4,'うちわ','assets/image/quest/gift/quest_exchange_gift_04.png',4,5000,NULL,NULL);
INSERT INTO "event_quest_exchange_seal_m" VALUES(112,1,'イルカぬいぐるみ','assets/image/quest/gift/quest_exchange_gift_01.png',1,5000,NULL,NULL);
INSERT INTO "event_quest_exchange_seal_m" VALUES(112,2,'うちっちー巾着','assets/image/quest/gift/quest_exchange_gift_02.png',2,5000,NULL,NULL);
INSERT INTO "event_quest_exchange_seal_m" VALUES(112,3,'みとしーに行ってきましたクッキー','assets/image/quest/gift/quest_exchange_gift_03.png',3,5000,NULL,NULL);
INSERT INTO "event_quest_exchange_seal_m" VALUES(112,4,'うちっちーエコバッグ','assets/image/quest/gift/quest_exchange_gift_04.png',4,5000,NULL,NULL);
INSERT INTO "event_quest_exchange_seal_m" VALUES(118,1,'ルーペ','assets/image/quest/gift/quest_exchange_gift_01.png',1,5000,NULL,NULL);
INSERT INTO "event_quest_exchange_seal_m" VALUES(118,2,'探偵帽','assets/image/quest/gift/quest_exchange_gift_02.png',2,5000,NULL,NULL);
INSERT INTO "event_quest_exchange_seal_m" VALUES(118,3,'トランプ','assets/image/quest/gift/quest_exchange_gift_03.png',3,5000,NULL,NULL);
INSERT INTO "event_quest_exchange_seal_m" VALUES(118,4,'トランク','assets/image/quest/gift/quest_exchange_gift_04.png',4,5000,NULL,NULL);
INSERT INTO "event_quest_exchange_seal_m" VALUES(124,1,'ペンライト','assets/image/quest/gift/quest_exchange_gift_01.png',1,5000,NULL,NULL);
INSERT INTO "event_quest_exchange_seal_m" VALUES(124,2,'Tシャツ','assets/image/quest/gift/quest_exchange_gift_02.png',2,5000,NULL,NULL);
INSERT INTO "event_quest_exchange_seal_m" VALUES(124,3,'バングル','assets/image/quest/gift/quest_exchange_gift_03.png',3,5000,NULL,NULL);
INSERT INTO "event_quest_exchange_seal_m" VALUES(124,4,'キャップ','assets/image/quest/gift/quest_exchange_gift_04.png',4,5000,NULL,NULL);
INSERT INTO "event_quest_exchange_seal_m" VALUES(131,1,'カプセルトイ','assets/image/quest/gift/quest_exchange_gift_01.png',1,5000,NULL,NULL);
INSERT INTO "event_quest_exchange_seal_m" VALUES(131,2,'絵馬','assets/image/quest/gift/quest_exchange_gift_02.png',2,5000,NULL,NULL);
INSERT INTO "event_quest_exchange_seal_m" VALUES(131,3,'みたらし団子','assets/image/quest/gift/quest_exchange_gift_03.png',3,5000,NULL,NULL);
INSERT INTO "event_quest_exchange_seal_m" VALUES(131,4,'おでん缶','assets/image/quest/gift/quest_exchange_gift_04.png',4,5000,NULL,NULL);
INSERT INTO "event_quest_exchange_seal_m" VALUES(134,1,'No.10 フォームフィンガー','assets/image/quest/gift/quest_exchange_gift_01.png',1,5000,NULL,NULL);
INSERT INTO "event_quest_exchange_seal_m" VALUES(134,2,'サンシャイン!!コインチョコ','assets/image/quest/gift/quest_exchange_gift_02.png',2,5000,NULL,NULL);
INSERT INTO "event_quest_exchange_seal_m" VALUES(134,3,'ボディバッグ','assets/image/quest/gift/quest_exchange_gift_03.png',3,5000,NULL,NULL);
INSERT INTO "event_quest_exchange_seal_m" VALUES(134,4,'Tシャツ','assets/image/quest/gift/quest_exchange_gift_04.png',4,5000,NULL,NULL);
CREATE TABLE `event_quest_free_live_m` (
    `event_quest_pin_id` INTEGER NOT NULL,
    `difficulty` INTEGER NOT NULL,
    `live_difficulty_id` INTEGER,
    `bonus_unit_rate` INTEGER,
    PRIMARY KEY (`event_quest_pin_id`,`difficulty`)
);
INSERT INTO "event_quest_free_live_m" VALUES(2,1,500001,10);
INSERT INTO "event_quest_free_live_m" VALUES(2,2,500002,20);
INSERT INTO "event_quest_free_live_m" VALUES(2,3,500003,30);
INSERT INTO "event_quest_free_live_m" VALUES(2,4,500004,50);
INSERT INTO "event_quest_free_live_m" VALUES(3,1,500005,10);
INSERT INTO "event_quest_free_live_m" VALUES(3,2,500006,20);
INSERT INTO "event_quest_free_live_m" VALUES(3,3,500007,30);
INSERT INTO "event_quest_free_live_m" VALUES(3,4,500008,50);
INSERT INTO "event_quest_free_live_m" VALUES(4,1,500009,10);
INSERT INTO "event_quest_free_live_m" VALUES(4,2,500010,20);
INSERT INTO "event_quest_free_live_m" VALUES(4,3,500011,30);
INSERT INTO "event_quest_free_live_m" VALUES(4,4,500012,50);
INSERT INTO "event_quest_free_live_m" VALUES(5,1,500013,10);
INSERT INTO "event_quest_free_live_m" VALUES(5,2,500014,20);
INSERT INTO "event_quest_free_live_m" VALUES(5,3,500015,30);
INSERT INTO "event_quest_free_live_m" VALUES(5,4,500016,50);
INSERT INTO "event_quest_free_live_m" VALUES(6,1,500017,10);
INSERT INTO "event_quest_free_live_m" VALUES(6,2,500018,20);
INSERT INTO "event_quest_free_live_m" VALUES(6,3,500019,30);
INSERT INTO "event_quest_free_live_m" VALUES(6,4,500020,50);
INSERT INTO "event_quest_free_live_m" VALUES(7,1,NULL,10);
INSERT INTO "event_quest_free_live_m" VALUES(7,2,NULL,20);
INSERT INTO "event_quest_free_live_m" VALUES(7,3,NULL,30);
INSERT INTO "event_quest_free_live_m" VALUES(7,4,NULL,50);
INSERT INTO "event_quest_free_live_m" VALUES(9,1,500057,10);
INSERT INTO "event_quest_free_live_m" VALUES(9,2,500058,20);
INSERT INTO "event_quest_free_live_m" VALUES(9,3,500059,30);
INSERT INTO "event_quest_free_live_m" VALUES(9,4,500060,50);
INSERT INTO "event_quest_free_live_m" VALUES(10,1,500061,10);
INSERT INTO "event_quest_free_live_m" VALUES(10,2,500062,20);
INSERT INTO "event_quest_free_live_m" VALUES(10,3,500063,30);
INSERT INTO "event_quest_free_live_m" VALUES(10,4,500064,50);
INSERT INTO "event_quest_free_live_m" VALUES(11,1,500033,10);
INSERT INTO "event_quest_free_live_m" VALUES(11,2,500034,20);
INSERT INTO "event_quest_free_live_m" VALUES(11,3,500035,30);
INSERT INTO "event_quest_free_live_m" VALUES(11,4,500036,50);
INSERT INTO "event_quest_free_live_m" VALUES(12,1,500065,10);
INSERT INTO "event_quest_free_live_m" VALUES(12,2,500066,20);
INSERT INTO "event_quest_free_live_m" VALUES(12,3,500067,30);
INSERT INTO "event_quest_free_live_m" VALUES(12,4,500068,50);
INSERT INTO "event_quest_free_live_m" VALUES(13,1,500069,10);
INSERT INTO "event_quest_free_live_m" VALUES(13,2,500070,20);
INSERT INTO "event_quest_free_live_m" VALUES(13,3,500071,30);
INSERT INTO "event_quest_free_live_m" VALUES(13,4,500072,50);
INSERT INTO "event_quest_free_live_m" VALUES(15,1,NULL,10);
INSERT INTO "event_quest_free_live_m" VALUES(15,2,NULL,20);
INSERT INTO "event_quest_free_live_m" VALUES(15,3,NULL,30);
INSERT INTO "event_quest_free_live_m" VALUES(15,4,NULL,50);
INSERT INTO "event_quest_free_live_m" VALUES(16,1,NULL,10);
INSERT INTO "event_quest_free_live_m" VALUES(16,2,NULL,20);
INSERT INTO "event_quest_free_live_m" VALUES(16,3,NULL,30);
INSERT INTO "event_quest_free_live_m" VALUES(16,4,NULL,50);
INSERT INTO "event_quest_free_live_m" VALUES(17,1,NULL,10);
INSERT INTO "event_quest_free_live_m" VALUES(17,2,NULL,20);
INSERT INTO "event_quest_free_live_m" VALUES(17,3,NULL,30);
INSERT INTO "event_quest_free_live_m" VALUES(17,4,NULL,50);
INSERT INTO "event_quest_free_live_m" VALUES(18,1,NULL,10);
INSERT INTO "event_quest_free_live_m" VALUES(18,2,NULL,20);
INSERT INTO "event_quest_free_live_m" VALUES(18,3,NULL,30);
INSERT INTO "event_quest_free_live_m" VALUES(18,4,NULL,50);
INSERT INTO "event_quest_free_live_m" VALUES(19,1,NULL,10);
INSERT INTO "event_quest_free_live_m" VALUES(19,2,NULL,20);
INSERT INTO "event_quest_free_live_m" VALUES(19,3,NULL,30);
INSERT INTO "event_quest_free_live_m" VALUES(19,4,NULL,50);
INSERT INTO "event_quest_free_live_m" VALUES(20,1,NULL,10);
INSERT INTO "event_quest_free_live_m" VALUES(20,2,NULL,20);
INSERT INTO "event_quest_free_live_m" VALUES(20,3,NULL,30);
INSERT INTO "event_quest_free_live_m" VALUES(20,4,NULL,50);
INSERT INTO "event_quest_free_live_m" VALUES(21,1,NULL,10);
INSERT INTO "event_quest_free_live_m" VALUES(21,2,NULL,20);
INSERT INTO "event_quest_free_live_m" VALUES(21,3,NULL,30);
INSERT INTO "event_quest_free_live_m" VALUES(21,4,NULL,50);
INSERT INTO "event_quest_free_live_m" VALUES(22,1,NULL,10);
INSERT INTO "event_quest_free_live_m" VALUES(22,2,NULL,20);
INSERT INTO "event_quest_free_live_m" VALUES(22,3,NULL,30);
INSERT INTO "event_quest_free_live_m" VALUES(22,4,NULL,50);
INSERT INTO "event_quest_free_live_m" VALUES(24,1,500113,10);
INSERT INTO "event_quest_free_live_m" VALUES(24,2,500114,20);
INSERT INTO "event_quest_free_live_m" VALUES(24,3,500115,30);
INSERT INTO "event_quest_free_live_m" VALUES(24,4,500116,50);
INSERT INTO "event_quest_free_live_m" VALUES(25,1,500117,10);
INSERT INTO "event_quest_free_live_m" VALUES(25,2,500118,20);
INSERT INTO "event_quest_free_live_m" VALUES(25,3,500119,30);
INSERT INTO "event_quest_free_live_m" VALUES(25,4,500120,50);
INSERT INTO "event_quest_free_live_m" VALUES(26,1,500073,10);
INSERT INTO "event_quest_free_live_m" VALUES(26,2,500074,20);
INSERT INTO "event_quest_free_live_m" VALUES(26,3,500075,30);
INSERT INTO "event_quest_free_live_m" VALUES(26,4,500076,50);
INSERT INTO "event_quest_free_live_m" VALUES(27,1,500085,10);
INSERT INTO "event_quest_free_live_m" VALUES(27,2,500086,20);
INSERT INTO "event_quest_free_live_m" VALUES(27,3,500087,30);
INSERT INTO "event_quest_free_live_m" VALUES(27,4,500088,50);
INSERT INTO "event_quest_free_live_m" VALUES(28,1,500105,10);
INSERT INTO "event_quest_free_live_m" VALUES(28,2,500106,20);
INSERT INTO "event_quest_free_live_m" VALUES(28,3,500107,30);
INSERT INTO "event_quest_free_live_m" VALUES(28,4,500108,50);
INSERT INTO "event_quest_free_live_m" VALUES(29,1,500121,10);
INSERT INTO "event_quest_free_live_m" VALUES(29,2,500122,20);
INSERT INTO "event_quest_free_live_m" VALUES(29,3,500123,30);
INSERT INTO "event_quest_free_live_m" VALUES(29,4,500124,50);
INSERT INTO "event_quest_free_live_m" VALUES(30,1,500125,10);
INSERT INTO "event_quest_free_live_m" VALUES(30,2,500126,20);
INSERT INTO "event_quest_free_live_m" VALUES(30,3,500127,30);
INSERT INTO "event_quest_free_live_m" VALUES(30,4,500128,50);
INSERT INTO "event_quest_free_live_m" VALUES(32,1,NULL,10);
INSERT INTO "event_quest_free_live_m" VALUES(32,2,NULL,20);
INSERT INTO "event_quest_free_live_m" VALUES(32,3,NULL,30);
INSERT INTO "event_quest_free_live_m" VALUES(32,4,NULL,50);
INSERT INTO "event_quest_free_live_m" VALUES(33,1,NULL,10);
INSERT INTO "event_quest_free_live_m" VALUES(33,2,NULL,20);
INSERT INTO "event_quest_free_live_m" VALUES(33,3,NULL,30);
INSERT INTO "event_quest_free_live_m" VALUES(33,4,NULL,50);
INSERT INTO "event_quest_free_live_m" VALUES(34,1,NULL,10);
INSERT INTO "event_quest_free_live_m" VALUES(34,2,NULL,20);
INSERT INTO "event_quest_free_live_m" VALUES(34,3,NULL,30);
INSERT INTO "event_quest_free_live_m" VALUES(34,4,NULL,50);
INSERT INTO "event_quest_free_live_m" VALUES(35,1,NULL,10);
INSERT INTO "event_quest_free_live_m" VALUES(35,2,NULL,20);
INSERT INTO "event_quest_free_live_m" VALUES(35,3,NULL,30);
INSERT INTO "event_quest_free_live_m" VALUES(35,4,NULL,50);
INSERT INTO "event_quest_free_live_m" VALUES(36,1,NULL,10);
INSERT INTO "event_quest_free_live_m" VALUES(36,2,NULL,20);
INSERT INTO "event_quest_free_live_m" VALUES(36,3,NULL,30);
INSERT INTO "event_quest_free_live_m" VALUES(36,4,NULL,50);
INSERT INTO "event_quest_free_live_m" VALUES(37,1,NULL,10);
INSERT INTO "event_quest_free_live_m" VALUES(37,2,NULL,20);
INSERT INTO "event_quest_free_live_m" VALUES(37,3,NULL,30);
INSERT INTO "event_quest_free_live_m" VALUES(37,4,NULL,50);
INSERT INTO "event_quest_free_live_m" VALUES(38,1,NULL,10);
INSERT INTO "event_quest_free_live_m" VALUES(38,2,NULL,20);
INSERT INTO "event_quest_free_live_m" VALUES(38,3,NULL,30);
INSERT INTO "event_quest_free_live_m" VALUES(38,4,NULL,50);
INSERT INTO "event_quest_free_live_m" VALUES(39,1,NULL,10);
INSERT INTO "event_quest_free_live_m" VALUES(39,2,NULL,20);
INSERT INTO "event_quest_free_live_m" VALUES(39,3,NULL,30);
INSERT INTO "event_quest_free_live_m" VALUES(39,4,NULL,50);
INSERT INTO "event_quest_free_live_m" VALUES(41,1,500089,10);
INSERT INTO "event_quest_free_live_m" VALUES(41,2,500090,20);
INSERT INTO "event_quest_free_live_m" VALUES(41,3,500091,30);
INSERT INTO "event_quest_free_live_m" VALUES(41,4,500092,50);
INSERT INTO "event_quest_free_live_m" VALUES(42,1,500165,10);
INSERT INTO "event_quest_free_live_m" VALUES(42,2,500166,20);
INSERT INTO "event_quest_free_live_m" VALUES(42,3,500167,30);
INSERT INTO "event_quest_free_live_m" VALUES(42,4,500168,50);
INSERT INTO "event_quest_free_live_m" VALUES(43,1,500021,10);
INSERT INTO "event_quest_free_live_m" VALUES(43,2,500022,20);
INSERT INTO "event_quest_free_live_m" VALUES(43,3,500023,30);
INSERT INTO "event_quest_free_live_m" VALUES(43,4,500024,50);
INSERT INTO "event_quest_free_live_m" VALUES(44,1,500161,10);
INSERT INTO "event_quest_free_live_m" VALUES(44,2,500162,20);
INSERT INTO "event_quest_free_live_m" VALUES(44,3,500163,30);
INSERT INTO "event_quest_free_live_m" VALUES(44,4,500164,50);
INSERT INTO "event_quest_free_live_m" VALUES(45,1,500013,10);
INSERT INTO "event_quest_free_live_m" VALUES(45,2,500014,20);
INSERT INTO "event_quest_free_live_m" VALUES(45,3,500015,30);
INSERT INTO "event_quest_free_live_m" VALUES(45,4,500016,50);
INSERT INTO "event_quest_free_live_m" VALUES(46,1,500153,10);
INSERT INTO "event_quest_free_live_m" VALUES(46,2,500154,20);
INSERT INTO "event_quest_free_live_m" VALUES(46,3,500155,30);
INSERT INTO "event_quest_free_live_m" VALUES(46,4,500156,50);
INSERT INTO "event_quest_free_live_m" VALUES(47,1,500025,10);
INSERT INTO "event_quest_free_live_m" VALUES(47,2,500026,20);
INSERT INTO "event_quest_free_live_m" VALUES(47,3,500027,30);
INSERT INTO "event_quest_free_live_m" VALUES(47,4,500028,50);
INSERT INTO "event_quest_free_live_m" VALUES(49,1,NULL,10);
INSERT INTO "event_quest_free_live_m" VALUES(49,2,NULL,20);
INSERT INTO "event_quest_free_live_m" VALUES(49,3,NULL,30);
INSERT INTO "event_quest_free_live_m" VALUES(49,4,NULL,50);
INSERT INTO "event_quest_free_live_m" VALUES(50,1,NULL,10);
INSERT INTO "event_quest_free_live_m" VALUES(50,2,NULL,20);
INSERT INTO "event_quest_free_live_m" VALUES(50,3,NULL,30);
INSERT INTO "event_quest_free_live_m" VALUES(50,4,NULL,50);
INSERT INTO "event_quest_free_live_m" VALUES(51,1,NULL,10);
INSERT INTO "event_quest_free_live_m" VALUES(51,2,NULL,20);
INSERT INTO "event_quest_free_live_m" VALUES(51,3,NULL,30);
INSERT INTO "event_quest_free_live_m" VALUES(51,4,NULL,50);
INSERT INTO "event_quest_free_live_m" VALUES(52,1,NULL,10);
INSERT INTO "event_quest_free_live_m" VALUES(52,2,NULL,20);
INSERT INTO "event_quest_free_live_m" VALUES(52,3,NULL,30);
INSERT INTO "event_quest_free_live_m" VALUES(52,4,NULL,50);
INSERT INTO "event_quest_free_live_m" VALUES(53,1,NULL,10);
INSERT INTO "event_quest_free_live_m" VALUES(53,2,NULL,20);
INSERT INTO "event_quest_free_live_m" VALUES(53,3,NULL,30);
INSERT INTO "event_quest_free_live_m" VALUES(53,4,NULL,50);
INSERT INTO "event_quest_free_live_m" VALUES(54,1,NULL,10);
INSERT INTO "event_quest_free_live_m" VALUES(54,2,NULL,20);
INSERT INTO "event_quest_free_live_m" VALUES(54,3,NULL,30);
INSERT INTO "event_quest_free_live_m" VALUES(54,4,NULL,50);
INSERT INTO "event_quest_free_live_m" VALUES(55,1,NULL,10);
INSERT INTO "event_quest_free_live_m" VALUES(55,2,NULL,20);
INSERT INTO "event_quest_free_live_m" VALUES(55,3,NULL,30);
INSERT INTO "event_quest_free_live_m" VALUES(55,4,NULL,50);
INSERT INTO "event_quest_free_live_m" VALUES(56,1,NULL,10);
INSERT INTO "event_quest_free_live_m" VALUES(56,2,NULL,20);
INSERT INTO "event_quest_free_live_m" VALUES(56,3,NULL,30);
INSERT INTO "event_quest_free_live_m" VALUES(56,4,NULL,50);
INSERT INTO "event_quest_free_live_m" VALUES(58,1,500113,10);
INSERT INTO "event_quest_free_live_m" VALUES(58,2,500114,20);
INSERT INTO "event_quest_free_live_m" VALUES(58,3,500115,30);
INSERT INTO "event_quest_free_live_m" VALUES(58,4,500116,50);
INSERT INTO "event_quest_free_live_m" VALUES(59,1,500117,10);
INSERT INTO "event_quest_free_live_m" VALUES(59,2,500118,20);
INSERT INTO "event_quest_free_live_m" VALUES(59,3,500119,30);
INSERT INTO "event_quest_free_live_m" VALUES(59,4,500120,50);
INSERT INTO "event_quest_free_live_m" VALUES(60,1,500121,10);
INSERT INTO "event_quest_free_live_m" VALUES(60,2,500122,20);
INSERT INTO "event_quest_free_live_m" VALUES(60,3,500123,30);
INSERT INTO "event_quest_free_live_m" VALUES(60,4,500124,50);
INSERT INTO "event_quest_free_live_m" VALUES(61,1,500145,10);
INSERT INTO "event_quest_free_live_m" VALUES(61,2,500146,20);
INSERT INTO "event_quest_free_live_m" VALUES(61,3,500147,30);
INSERT INTO "event_quest_free_live_m" VALUES(61,4,500148,50);
INSERT INTO "event_quest_free_live_m" VALUES(62,1,500153,10);
INSERT INTO "event_quest_free_live_m" VALUES(62,2,500154,20);
INSERT INTO "event_quest_free_live_m" VALUES(62,3,500155,30);
INSERT INTO "event_quest_free_live_m" VALUES(62,4,500156,50);
INSERT INTO "event_quest_free_live_m" VALUES(63,1,500133,10);
INSERT INTO "event_quest_free_live_m" VALUES(63,2,500134,20);
INSERT INTO "event_quest_free_live_m" VALUES(63,3,500135,30);
INSERT INTO "event_quest_free_live_m" VALUES(63,4,500136,50);
INSERT INTO "event_quest_free_live_m" VALUES(64,1,500177,10);
INSERT INTO "event_quest_free_live_m" VALUES(64,2,500178,20);
INSERT INTO "event_quest_free_live_m" VALUES(64,3,500179,30);
INSERT INTO "event_quest_free_live_m" VALUES(64,4,500180,50);
INSERT INTO "event_quest_free_live_m" VALUES(65,1,500169,10);
INSERT INTO "event_quest_free_live_m" VALUES(65,2,500170,20);
INSERT INTO "event_quest_free_live_m" VALUES(65,3,500171,30);
INSERT INTO "event_quest_free_live_m" VALUES(65,4,500172,50);
INSERT INTO "event_quest_free_live_m" VALUES(66,1,500181,10);
INSERT INTO "event_quest_free_live_m" VALUES(66,2,500182,20);
INSERT INTO "event_quest_free_live_m" VALUES(66,3,500183,30);
INSERT INTO "event_quest_free_live_m" VALUES(66,4,500184,50);
INSERT INTO "event_quest_free_live_m" VALUES(68,1,NULL,10);
INSERT INTO "event_quest_free_live_m" VALUES(68,2,NULL,20);
INSERT INTO "event_quest_free_live_m" VALUES(68,3,NULL,30);
INSERT INTO "event_quest_free_live_m" VALUES(68,4,NULL,50);
INSERT INTO "event_quest_free_live_m" VALUES(69,1,NULL,10);
INSERT INTO "event_quest_free_live_m" VALUES(69,2,NULL,20);
INSERT INTO "event_quest_free_live_m" VALUES(69,3,NULL,30);
INSERT INTO "event_quest_free_live_m" VALUES(69,4,NULL,50);
INSERT INTO "event_quest_free_live_m" VALUES(70,1,NULL,10);
INSERT INTO "event_quest_free_live_m" VALUES(70,2,NULL,20);
INSERT INTO "event_quest_free_live_m" VALUES(70,3,NULL,30);
INSERT INTO "event_quest_free_live_m" VALUES(70,4,NULL,50);
INSERT INTO "event_quest_free_live_m" VALUES(71,1,NULL,10);
INSERT INTO "event_quest_free_live_m" VALUES(71,2,NULL,20);
INSERT INTO "event_quest_free_live_m" VALUES(71,3,NULL,30);
INSERT INTO "event_quest_free_live_m" VALUES(71,4,NULL,50);
INSERT INTO "event_quest_free_live_m" VALUES(72,1,NULL,10);
INSERT INTO "event_quest_free_live_m" VALUES(72,2,NULL,20);
INSERT INTO "event_quest_free_live_m" VALUES(72,3,NULL,30);
INSERT INTO "event_quest_free_live_m" VALUES(72,4,NULL,50);
INSERT INTO "event_quest_free_live_m" VALUES(73,1,NULL,10);
INSERT INTO "event_quest_free_live_m" VALUES(73,2,NULL,20);
INSERT INTO "event_quest_free_live_m" VALUES(73,3,NULL,30);
INSERT INTO "event_quest_free_live_m" VALUES(73,4,NULL,50);
INSERT INTO "event_quest_free_live_m" VALUES(74,1,NULL,10);
INSERT INTO "event_quest_free_live_m" VALUES(74,2,NULL,20);
INSERT INTO "event_quest_free_live_m" VALUES(74,3,NULL,30);
INSERT INTO "event_quest_free_live_m" VALUES(74,4,NULL,50);
INSERT INTO "event_quest_free_live_m" VALUES(75,1,NULL,10);
INSERT INTO "event_quest_free_live_m" VALUES(75,2,NULL,20);
INSERT INTO "event_quest_free_live_m" VALUES(75,3,NULL,30);
INSERT INTO "event_quest_free_live_m" VALUES(75,4,NULL,50);
INSERT INTO "event_quest_free_live_m" VALUES(77,1,500201,10);
INSERT INTO "event_quest_free_live_m" VALUES(77,2,500202,20);
INSERT INTO "event_quest_free_live_m" VALUES(77,3,500203,30);
INSERT INTO "event_quest_free_live_m" VALUES(77,4,500204,50);
INSERT INTO "event_quest_free_live_m" VALUES(78,1,500205,10);
INSERT INTO "event_quest_free_live_m" VALUES(78,2,500206,20);
INSERT INTO "event_quest_free_live_m" VALUES(78,3,500207,30);
INSERT INTO "event_quest_free_live_m" VALUES(78,4,500208,50);
INSERT INTO "event_quest_free_live_m" VALUES(79,1,500209,10);
INSERT INTO "event_quest_free_live_m" VALUES(79,2,500210,20);
INSERT INTO "event_quest_free_live_m" VALUES(79,3,500211,30);
INSERT INTO "event_quest_free_live_m" VALUES(79,4,500212,50);
INSERT INTO "event_quest_free_live_m" VALUES(80,1,500213,10);
INSERT INTO "event_quest_free_live_m" VALUES(80,2,500214,20);
INSERT INTO "event_quest_free_live_m" VALUES(80,3,500215,30);
INSERT INTO "event_quest_free_live_m" VALUES(80,4,500216,50);
INSERT INTO "event_quest_free_live_m" VALUES(81,1,500217,10);
INSERT INTO "event_quest_free_live_m" VALUES(81,2,500218,20);
INSERT INTO "event_quest_free_live_m" VALUES(81,3,500219,30);
INSERT INTO "event_quest_free_live_m" VALUES(81,4,500220,50);
INSERT INTO "event_quest_free_live_m" VALUES(82,1,500221,10);
INSERT INTO "event_quest_free_live_m" VALUES(82,2,500222,20);
INSERT INTO "event_quest_free_live_m" VALUES(82,3,500223,30);
INSERT INTO "event_quest_free_live_m" VALUES(82,4,500224,50);
INSERT INTO "event_quest_free_live_m" VALUES(83,1,500225,10);
INSERT INTO "event_quest_free_live_m" VALUES(83,2,500226,20);
INSERT INTO "event_quest_free_live_m" VALUES(83,3,500227,30);
INSERT INTO "event_quest_free_live_m" VALUES(83,4,500228,50);
INSERT INTO "event_quest_free_live_m" VALUES(85,1,NULL,10);
INSERT INTO "event_quest_free_live_m" VALUES(85,2,NULL,20);
INSERT INTO "event_quest_free_live_m" VALUES(85,3,NULL,30);
INSERT INTO "event_quest_free_live_m" VALUES(85,4,NULL,50);
INSERT INTO "event_quest_free_live_m" VALUES(86,1,NULL,10);
INSERT INTO "event_quest_free_live_m" VALUES(86,2,NULL,20);
INSERT INTO "event_quest_free_live_m" VALUES(86,3,NULL,30);
INSERT INTO "event_quest_free_live_m" VALUES(86,4,NULL,50);
INSERT INTO "event_quest_free_live_m" VALUES(87,1,NULL,10);
INSERT INTO "event_quest_free_live_m" VALUES(87,2,NULL,20);
INSERT INTO "event_quest_free_live_m" VALUES(87,3,NULL,30);
INSERT INTO "event_quest_free_live_m" VALUES(87,4,NULL,50);
INSERT INTO "event_quest_free_live_m" VALUES(88,1,NULL,10);
INSERT INTO "event_quest_free_live_m" VALUES(88,2,NULL,20);
INSERT INTO "event_quest_free_live_m" VALUES(88,3,NULL,30);
INSERT INTO "event_quest_free_live_m" VALUES(88,4,NULL,50);
INSERT INTO "event_quest_free_live_m" VALUES(89,1,NULL,10);
INSERT INTO "event_quest_free_live_m" VALUES(89,2,NULL,20);
INSERT INTO "event_quest_free_live_m" VALUES(89,3,NULL,30);
INSERT INTO "event_quest_free_live_m" VALUES(89,4,NULL,50);
INSERT INTO "event_quest_free_live_m" VALUES(90,1,NULL,10);
INSERT INTO "event_quest_free_live_m" VALUES(90,2,NULL,20);
INSERT INTO "event_quest_free_live_m" VALUES(90,3,NULL,30);
INSERT INTO "event_quest_free_live_m" VALUES(90,4,NULL,50);
INSERT INTO "event_quest_free_live_m" VALUES(91,1,NULL,10);
INSERT INTO "event_quest_free_live_m" VALUES(91,2,NULL,20);
INSERT INTO "event_quest_free_live_m" VALUES(91,3,NULL,30);
INSERT INTO "event_quest_free_live_m" VALUES(91,4,NULL,50);
INSERT INTO "event_quest_free_live_m" VALUES(92,1,NULL,10);
INSERT INTO "event_quest_free_live_m" VALUES(92,2,NULL,20);
INSERT INTO "event_quest_free_live_m" VALUES(92,3,NULL,30);
INSERT INTO "event_quest_free_live_m" VALUES(92,4,NULL,50);
INSERT INTO "event_quest_free_live_m" VALUES(94,1,500169,10);
INSERT INTO "event_quest_free_live_m" VALUES(94,2,500170,20);
INSERT INTO "event_quest_free_live_m" VALUES(94,3,500171,30);
INSERT INTO "event_quest_free_live_m" VALUES(94,4,500172,50);
INSERT INTO "event_quest_free_live_m" VALUES(95,1,500153,10);
INSERT INTO "event_quest_free_live_m" VALUES(95,2,500154,20);
INSERT INTO "event_quest_free_live_m" VALUES(95,3,500155,30);
INSERT INTO "event_quest_free_live_m" VALUES(95,4,500156,50);
INSERT INTO "event_quest_free_live_m" VALUES(96,1,500013,10);
INSERT INTO "event_quest_free_live_m" VALUES(96,2,500014,20);
INSERT INTO "event_quest_free_live_m" VALUES(96,3,500015,30);
INSERT INTO "event_quest_free_live_m" VALUES(96,4,500016,50);
INSERT INTO "event_quest_free_live_m" VALUES(97,1,500129,10);
INSERT INTO "event_quest_free_live_m" VALUES(97,2,500130,20);
INSERT INTO "event_quest_free_live_m" VALUES(97,3,500131,30);
INSERT INTO "event_quest_free_live_m" VALUES(97,4,500132,50);
INSERT INTO "event_quest_free_live_m" VALUES(98,1,500025,10);
INSERT INTO "event_quest_free_live_m" VALUES(98,2,500026,20);
INSERT INTO "event_quest_free_live_m" VALUES(98,3,500027,30);
INSERT INTO "event_quest_free_live_m" VALUES(98,4,500028,50);
INSERT INTO "event_quest_free_live_m" VALUES(99,1,500053,10);
INSERT INTO "event_quest_free_live_m" VALUES(99,2,500054,20);
INSERT INTO "event_quest_free_live_m" VALUES(99,3,500055,30);
INSERT INTO "event_quest_free_live_m" VALUES(99,4,500056,50);
INSERT INTO "event_quest_free_live_m" VALUES(101,1,NULL,10);
INSERT INTO "event_quest_free_live_m" VALUES(101,2,NULL,20);
INSERT INTO "event_quest_free_live_m" VALUES(101,3,NULL,30);
INSERT INTO "event_quest_free_live_m" VALUES(101,4,NULL,50);
INSERT INTO "event_quest_free_live_m" VALUES(102,1,NULL,10);
INSERT INTO "event_quest_free_live_m" VALUES(102,2,NULL,20);
INSERT INTO "event_quest_free_live_m" VALUES(102,3,NULL,30);
INSERT INTO "event_quest_free_live_m" VALUES(102,4,NULL,50);
INSERT INTO "event_quest_free_live_m" VALUES(103,1,NULL,10);
INSERT INTO "event_quest_free_live_m" VALUES(103,2,NULL,20);
INSERT INTO "event_quest_free_live_m" VALUES(103,3,NULL,30);
INSERT INTO "event_quest_free_live_m" VALUES(103,4,NULL,50);
INSERT INTO "event_quest_free_live_m" VALUES(104,1,NULL,10);
INSERT INTO "event_quest_free_live_m" VALUES(104,2,NULL,20);
INSERT INTO "event_quest_free_live_m" VALUES(104,3,NULL,30);
INSERT INTO "event_quest_free_live_m" VALUES(104,4,NULL,50);
INSERT INTO "event_quest_free_live_m" VALUES(105,1,NULL,10);
INSERT INTO "event_quest_free_live_m" VALUES(105,2,NULL,20);
INSERT INTO "event_quest_free_live_m" VALUES(105,3,NULL,30);
INSERT INTO "event_quest_free_live_m" VALUES(105,4,NULL,50);
INSERT INTO "event_quest_free_live_m" VALUES(106,1,NULL,10);
INSERT INTO "event_quest_free_live_m" VALUES(106,2,NULL,20);
INSERT INTO "event_quest_free_live_m" VALUES(106,3,NULL,30);
INSERT INTO "event_quest_free_live_m" VALUES(106,4,NULL,50);
INSERT INTO "event_quest_free_live_m" VALUES(107,1,NULL,10);
INSERT INTO "event_quest_free_live_m" VALUES(107,2,NULL,20);
INSERT INTO "event_quest_free_live_m" VALUES(107,3,NULL,30);
INSERT INTO "event_quest_free_live_m" VALUES(107,4,NULL,50);
INSERT INTO "event_quest_free_live_m" VALUES(108,1,NULL,10);
INSERT INTO "event_quest_free_live_m" VALUES(108,2,NULL,20);
INSERT INTO "event_quest_free_live_m" VALUES(108,3,NULL,30);
INSERT INTO "event_quest_free_live_m" VALUES(108,4,NULL,50);
CREATE TABLE `event_quest_free_m` (
    `event_quest_pin_id` INTEGER NOT NULL,
    `is_random_live` INTEGER,
    `attribute_id` INTEGER,
    `quest_type` INTEGER,
    PRIMARY KEY (`event_quest_pin_id`)
);
INSERT INTO "event_quest_free_m" VALUES(2,0,NULL,0);
INSERT INTO "event_quest_free_m" VALUES(3,0,NULL,0);
INSERT INTO "event_quest_free_m" VALUES(4,0,NULL,0);
INSERT INTO "event_quest_free_m" VALUES(5,0,NULL,0);
INSERT INTO "event_quest_free_m" VALUES(6,0,NULL,0);
INSERT INTO "event_quest_free_m" VALUES(7,1,5,1);
INSERT INTO "event_quest_free_m" VALUES(9,0,NULL,0);
INSERT INTO "event_quest_free_m" VALUES(10,0,NULL,0);
INSERT INTO "event_quest_free_m" VALUES(11,0,NULL,0);
INSERT INTO "event_quest_free_m" VALUES(12,0,NULL,0);
INSERT INTO "event_quest_free_m" VALUES(13,0,NULL,0);
INSERT INTO "event_quest_free_m" VALUES(15,1,1,1);
INSERT INTO "event_quest_free_m" VALUES(16,1,3,1);
INSERT INTO "event_quest_free_m" VALUES(17,1,2,1);
INSERT INTO "event_quest_free_m" VALUES(18,1,5,2);
INSERT INTO "event_quest_free_m" VALUES(19,1,5,2);
INSERT INTO "event_quest_free_m" VALUES(20,1,5,2);
INSERT INTO "event_quest_free_m" VALUES(21,1,5,2);
INSERT INTO "event_quest_free_m" VALUES(22,1,5,2);
INSERT INTO "event_quest_free_m" VALUES(24,0,NULL,0);
INSERT INTO "event_quest_free_m" VALUES(25,0,NULL,0);
INSERT INTO "event_quest_free_m" VALUES(26,0,NULL,0);
INSERT INTO "event_quest_free_m" VALUES(27,0,NULL,0);
INSERT INTO "event_quest_free_m" VALUES(28,0,NULL,0);
INSERT INTO "event_quest_free_m" VALUES(29,0,NULL,0);
INSERT INTO "event_quest_free_m" VALUES(30,0,NULL,0);
INSERT INTO "event_quest_free_m" VALUES(32,1,1,1);
INSERT INTO "event_quest_free_m" VALUES(33,1,3,1);
INSERT INTO "event_quest_free_m" VALUES(34,1,2,1);
INSERT INTO "event_quest_free_m" VALUES(35,1,5,2);
INSERT INTO "event_quest_free_m" VALUES(36,1,5,2);
INSERT INTO "event_quest_free_m" VALUES(37,1,5,2);
INSERT INTO "event_quest_free_m" VALUES(38,1,5,2);
INSERT INTO "event_quest_free_m" VALUES(39,1,5,2);
INSERT INTO "event_quest_free_m" VALUES(41,0,NULL,0);
INSERT INTO "event_quest_free_m" VALUES(42,0,NULL,0);
INSERT INTO "event_quest_free_m" VALUES(43,0,NULL,0);
INSERT INTO "event_quest_free_m" VALUES(44,0,NULL,0);
INSERT INTO "event_quest_free_m" VALUES(45,0,NULL,0);
INSERT INTO "event_quest_free_m" VALUES(46,0,NULL,0);
INSERT INTO "event_quest_free_m" VALUES(47,0,NULL,0);
INSERT INTO "event_quest_free_m" VALUES(49,1,1,1);
INSERT INTO "event_quest_free_m" VALUES(50,1,3,1);
INSERT INTO "event_quest_free_m" VALUES(51,1,2,1);
INSERT INTO "event_quest_free_m" VALUES(52,1,5,2);
INSERT INTO "event_quest_free_m" VALUES(53,1,5,2);
INSERT INTO "event_quest_free_m" VALUES(54,1,5,2);
INSERT INTO "event_quest_free_m" VALUES(55,1,5,2);
INSERT INTO "event_quest_free_m" VALUES(56,1,5,2);
INSERT INTO "event_quest_free_m" VALUES(58,0,NULL,0);
INSERT INTO "event_quest_free_m" VALUES(59,0,NULL,0);
INSERT INTO "event_quest_free_m" VALUES(60,0,NULL,0);
INSERT INTO "event_quest_free_m" VALUES(61,0,NULL,0);
INSERT INTO "event_quest_free_m" VALUES(62,0,NULL,0);
INSERT INTO "event_quest_free_m" VALUES(63,0,NULL,0);
INSERT INTO "event_quest_free_m" VALUES(64,0,NULL,0);
INSERT INTO "event_quest_free_m" VALUES(65,0,NULL,0);
INSERT INTO "event_quest_free_m" VALUES(66,0,NULL,0);
INSERT INTO "event_quest_free_m" VALUES(68,1,1,1);
INSERT INTO "event_quest_free_m" VALUES(69,1,2,1);
INSERT INTO "event_quest_free_m" VALUES(70,1,3,1);
INSERT INTO "event_quest_free_m" VALUES(71,1,5,2);
INSERT INTO "event_quest_free_m" VALUES(72,1,5,2);
INSERT INTO "event_quest_free_m" VALUES(73,1,5,2);
INSERT INTO "event_quest_free_m" VALUES(74,1,5,2);
INSERT INTO "event_quest_free_m" VALUES(75,1,5,2);
INSERT INTO "event_quest_free_m" VALUES(77,0,NULL,0);
INSERT INTO "event_quest_free_m" VALUES(78,0,NULL,0);
INSERT INTO "event_quest_free_m" VALUES(79,0,NULL,0);
INSERT INTO "event_quest_free_m" VALUES(80,0,NULL,0);
INSERT INTO "event_quest_free_m" VALUES(81,0,NULL,0);
INSERT INTO "event_quest_free_m" VALUES(82,0,NULL,0);
INSERT INTO "event_quest_free_m" VALUES(83,0,NULL,0);
INSERT INTO "event_quest_free_m" VALUES(85,1,1,1);
INSERT INTO "event_quest_free_m" VALUES(86,1,2,1);
INSERT INTO "event_quest_free_m" VALUES(87,1,3,1);
INSERT INTO "event_quest_free_m" VALUES(88,1,5,2);
INSERT INTO "event_quest_free_m" VALUES(89,1,5,2);
INSERT INTO "event_quest_free_m" VALUES(90,1,5,2);
INSERT INTO "event_quest_free_m" VALUES(91,1,5,2);
INSERT INTO "event_quest_free_m" VALUES(92,1,5,2);
INSERT INTO "event_quest_free_m" VALUES(94,0,NULL,0);
INSERT INTO "event_quest_free_m" VALUES(95,0,NULL,0);
INSERT INTO "event_quest_free_m" VALUES(96,0,NULL,0);
INSERT INTO "event_quest_free_m" VALUES(97,0,NULL,0);
INSERT INTO "event_quest_free_m" VALUES(98,0,NULL,0);
INSERT INTO "event_quest_free_m" VALUES(99,0,NULL,0);
INSERT INTO "event_quest_free_m" VALUES(101,1,1,1);
INSERT INTO "event_quest_free_m" VALUES(102,1,2,1);
INSERT INTO "event_quest_free_m" VALUES(103,1,3,1);
INSERT INTO "event_quest_free_m" VALUES(104,1,5,2);
INSERT INTO "event_quest_free_m" VALUES(105,1,5,2);
INSERT INTO "event_quest_free_m" VALUES(106,1,5,2);
INSERT INTO "event_quest_free_m" VALUES(107,1,5,2);
INSERT INTO "event_quest_free_m" VALUES(108,1,5,2);
CREATE TABLE `event_quest_free_mission_m` (
    `event_quest_free_mission_id` INTEGER NOT NULL,
    `event_quest_pin_id` INTEGER NOT NULL,
    `type` INTEGER NOT NULL,
    `param` INTEGER,
    `achievement_goal` INTEGER,
    PRIMARY KEY (`event_quest_free_mission_id`)
);
INSERT INTO "event_quest_free_mission_m" VALUES(1,2,1000,1,NULL);
INSERT INTO "event_quest_free_mission_m" VALUES(2,2,2000,1,NULL);
INSERT INTO "event_quest_free_mission_m" VALUES(3,2,6000,5,NULL);
INSERT INTO "event_quest_free_mission_m" VALUES(4,3,1000,1,NULL);
INSERT INTO "event_quest_free_mission_m" VALUES(5,3,2000,1,NULL);
INSERT INTO "event_quest_free_mission_m" VALUES(6,3,6000,5,NULL);
INSERT INTO "event_quest_free_mission_m" VALUES(7,4,1000,1,NULL);
INSERT INTO "event_quest_free_mission_m" VALUES(8,4,2000,1,NULL);
INSERT INTO "event_quest_free_mission_m" VALUES(9,4,6000,5,NULL);
INSERT INTO "event_quest_free_mission_m" VALUES(10,5,1000,1,NULL);
INSERT INTO "event_quest_free_mission_m" VALUES(11,5,2000,1,NULL);
INSERT INTO "event_quest_free_mission_m" VALUES(12,5,6000,5,NULL);
INSERT INTO "event_quest_free_mission_m" VALUES(13,6,1000,1,NULL);
INSERT INTO "event_quest_free_mission_m" VALUES(14,6,2000,1,NULL);
INSERT INTO "event_quest_free_mission_m" VALUES(15,6,6000,5,NULL);
INSERT INTO "event_quest_free_mission_m" VALUES(16,7,6000,5,NULL);
INSERT INTO "event_quest_free_mission_m" VALUES(17,7,6000,10,NULL);
INSERT INTO "event_quest_free_mission_m" VALUES(18,7,6000,25,NULL);
INSERT INTO "event_quest_free_mission_m" VALUES(19,9,1000,4,NULL);
INSERT INTO "event_quest_free_mission_m" VALUES(20,9,2000,4,NULL);
INSERT INTO "event_quest_free_mission_m" VALUES(21,9,6000,1,NULL);
INSERT INTO "event_quest_free_mission_m" VALUES(22,10,1000,4,NULL);
INSERT INTO "event_quest_free_mission_m" VALUES(23,10,2000,4,NULL);
INSERT INTO "event_quest_free_mission_m" VALUES(24,10,5100,30,NULL);
INSERT INTO "event_quest_free_mission_m" VALUES(25,11,1000,4,NULL);
INSERT INTO "event_quest_free_mission_m" VALUES(26,11,2000,4,NULL);
INSERT INTO "event_quest_free_mission_m" VALUES(27,11,6000,3,NULL);
INSERT INTO "event_quest_free_mission_m" VALUES(28,12,1000,4,NULL);
INSERT INTO "event_quest_free_mission_m" VALUES(29,12,2000,4,NULL);
INSERT INTO "event_quest_free_mission_m" VALUES(30,12,5100,40,NULL);
INSERT INTO "event_quest_free_mission_m" VALUES(31,13,1000,4,NULL);
INSERT INTO "event_quest_free_mission_m" VALUES(32,13,2000,4,NULL);
INSERT INTO "event_quest_free_mission_m" VALUES(33,13,6000,5,NULL);
INSERT INTO "event_quest_free_mission_m" VALUES(34,15,6000,5,NULL);
INSERT INTO "event_quest_free_mission_m" VALUES(35,15,6000,10,NULL);
INSERT INTO "event_quest_free_mission_m" VALUES(36,15,6000,20,NULL);
INSERT INTO "event_quest_free_mission_m" VALUES(37,16,6000,5,NULL);
INSERT INTO "event_quest_free_mission_m" VALUES(38,16,6000,10,NULL);
INSERT INTO "event_quest_free_mission_m" VALUES(39,16,6000,20,NULL);
INSERT INTO "event_quest_free_mission_m" VALUES(40,17,6000,5,NULL);
INSERT INTO "event_quest_free_mission_m" VALUES(41,17,6000,10,NULL);
INSERT INTO "event_quest_free_mission_m" VALUES(42,17,6000,20,NULL);
INSERT INTO "event_quest_free_mission_m" VALUES(43,24,1000,4,NULL);
INSERT INTO "event_quest_free_mission_m" VALUES(44,24,2101,NULL,150);
INSERT INTO "event_quest_free_mission_m" VALUES(45,24,6000,1,NULL);
INSERT INTO "event_quest_free_mission_m" VALUES(46,25,2000,4,NULL);
INSERT INTO "event_quest_free_mission_m" VALUES(47,25,1101,NULL,150000);
INSERT INTO "event_quest_free_mission_m" VALUES(48,25,6000,3,NULL);
INSERT INTO "event_quest_free_mission_m" VALUES(49,26,1000,4,NULL);
INSERT INTO "event_quest_free_mission_m" VALUES(50,26,2101,NULL,350);
INSERT INTO "event_quest_free_mission_m" VALUES(51,26,2001,4,3);
INSERT INTO "event_quest_free_mission_m" VALUES(52,27,2000,4,NULL);
INSERT INTO "event_quest_free_mission_m" VALUES(53,27,5101,NULL,350);
INSERT INTO "event_quest_free_mission_m" VALUES(54,27,1001,4,3);
INSERT INTO "event_quest_free_mission_m" VALUES(55,28,5100,30,NULL);
INSERT INTO "event_quest_free_mission_m" VALUES(56,28,1101,NULL,200000);
INSERT INTO "event_quest_free_mission_m" VALUES(57,28,2001,4,5);
INSERT INTO "event_quest_free_mission_m" VALUES(58,29,1000,4,NULL);
INSERT INTO "event_quest_free_mission_m" VALUES(59,29,5101,NULL,400);
INSERT INTO "event_quest_free_mission_m" VALUES(60,29,6000,5,NULL);
INSERT INTO "event_quest_free_mission_m" VALUES(61,30,5100,40,NULL);
INSERT INTO "event_quest_free_mission_m" VALUES(62,30,5101,NULL,500);
INSERT INTO "event_quest_free_mission_m" VALUES(63,30,1001,4,5);
INSERT INTO "event_quest_free_mission_m" VALUES(64,32,2000,4,NULL);
INSERT INTO "event_quest_free_mission_m" VALUES(65,32,1001,4,20);
INSERT INTO "event_quest_free_mission_m" VALUES(66,32,5101,NULL,7500);
INSERT INTO "event_quest_free_mission_m" VALUES(67,33,2000,4,NULL);
INSERT INTO "event_quest_free_mission_m" VALUES(68,33,1001,4,20);
INSERT INTO "event_quest_free_mission_m" VALUES(69,33,5101,NULL,7500);
INSERT INTO "event_quest_free_mission_m" VALUES(70,34,2000,4,NULL);
INSERT INTO "event_quest_free_mission_m" VALUES(71,34,1001,4,20);
INSERT INTO "event_quest_free_mission_m" VALUES(72,34,5101,NULL,7500);
INSERT INTO "event_quest_free_mission_m" VALUES(73,41,1000,4,NULL);
INSERT INTO "event_quest_free_mission_m" VALUES(74,41,2101,NULL,150);
INSERT INTO "event_quest_free_mission_m" VALUES(75,41,6000,1,NULL);
INSERT INTO "event_quest_free_mission_m" VALUES(76,42,2000,4,NULL);
INSERT INTO "event_quest_free_mission_m" VALUES(77,42,1101,NULL,150000);
INSERT INTO "event_quest_free_mission_m" VALUES(78,42,6000,3,NULL);
INSERT INTO "event_quest_free_mission_m" VALUES(79,43,1000,4,NULL);
INSERT INTO "event_quest_free_mission_m" VALUES(80,43,2101,NULL,350);
INSERT INTO "event_quest_free_mission_m" VALUES(81,43,2001,4,3);
INSERT INTO "event_quest_free_mission_m" VALUES(82,44,2000,4,NULL);
INSERT INTO "event_quest_free_mission_m" VALUES(83,44,5101,NULL,350);
INSERT INTO "event_quest_free_mission_m" VALUES(84,44,1001,4,3);
INSERT INTO "event_quest_free_mission_m" VALUES(85,45,5100,30,NULL);
INSERT INTO "event_quest_free_mission_m" VALUES(86,45,1101,NULL,200000);
INSERT INTO "event_quest_free_mission_m" VALUES(87,45,2001,4,5);
INSERT INTO "event_quest_free_mission_m" VALUES(88,46,1000,4,NULL);
INSERT INTO "event_quest_free_mission_m" VALUES(89,46,5101,NULL,400);
INSERT INTO "event_quest_free_mission_m" VALUES(90,46,6000,5,NULL);
INSERT INTO "event_quest_free_mission_m" VALUES(91,47,5100,40,NULL);
INSERT INTO "event_quest_free_mission_m" VALUES(92,47,5101,NULL,500);
INSERT INTO "event_quest_free_mission_m" VALUES(93,47,1001,4,5);
INSERT INTO "event_quest_free_mission_m" VALUES(94,49,2000,4,NULL);
INSERT INTO "event_quest_free_mission_m" VALUES(95,49,1001,4,20);
INSERT INTO "event_quest_free_mission_m" VALUES(96,49,5101,NULL,7500);
INSERT INTO "event_quest_free_mission_m" VALUES(97,50,2000,4,NULL);
INSERT INTO "event_quest_free_mission_m" VALUES(98,50,1001,4,20);
INSERT INTO "event_quest_free_mission_m" VALUES(99,50,5101,NULL,7500);
INSERT INTO "event_quest_free_mission_m" VALUES(100,51,2000,4,NULL);
INSERT INTO "event_quest_free_mission_m" VALUES(101,51,1001,4,20);
INSERT INTO "event_quest_free_mission_m" VALUES(102,51,5101,NULL,7500);
INSERT INTO "event_quest_free_mission_m" VALUES(103,58,1000,4,NULL);
INSERT INTO "event_quest_free_mission_m" VALUES(104,58,2101,NULL,150);
INSERT INTO "event_quest_free_mission_m" VALUES(105,58,6000,1,NULL);
INSERT INTO "event_quest_free_mission_m" VALUES(106,59,2000,4,NULL);
INSERT INTO "event_quest_free_mission_m" VALUES(107,59,5101,NULL,200);
INSERT INTO "event_quest_free_mission_m" VALUES(108,59,1001,4,2);
INSERT INTO "event_quest_free_mission_m" VALUES(109,60,5100,30,NULL);
INSERT INTO "event_quest_free_mission_m" VALUES(110,60,1101,NULL,150000);
INSERT INTO "event_quest_free_mission_m" VALUES(111,60,2001,4,2);
INSERT INTO "event_quest_free_mission_m" VALUES(112,61,2000,4,NULL);
INSERT INTO "event_quest_free_mission_m" VALUES(113,61,1101,NULL,250000);
INSERT INTO "event_quest_free_mission_m" VALUES(114,61,6000,3,NULL);
INSERT INTO "event_quest_free_mission_m" VALUES(115,62,1000,4,NULL);
INSERT INTO "event_quest_free_mission_m" VALUES(116,62,5101,NULL,300);
INSERT INTO "event_quest_free_mission_m" VALUES(117,62,2001,4,3);
INSERT INTO "event_quest_free_mission_m" VALUES(118,63,5100,40,NULL);
INSERT INTO "event_quest_free_mission_m" VALUES(119,63,2101,NULL,350);
INSERT INTO "event_quest_free_mission_m" VALUES(120,63,1001,4,3);
INSERT INTO "event_quest_free_mission_m" VALUES(121,64,1000,4,NULL);
INSERT INTO "event_quest_free_mission_m" VALUES(122,64,2101,NULL,400);
INSERT INTO "event_quest_free_mission_m" VALUES(123,64,6000,5,NULL);
INSERT INTO "event_quest_free_mission_m" VALUES(124,65,5100,50,NULL);
INSERT INTO "event_quest_free_mission_m" VALUES(125,65,1101,NULL,450000);
INSERT INTO "event_quest_free_mission_m" VALUES(126,65,2001,4,5);
INSERT INTO "event_quest_free_mission_m" VALUES(127,66,2000,4,NULL);
INSERT INTO "event_quest_free_mission_m" VALUES(128,66,5101,NULL,500);
INSERT INTO "event_quest_free_mission_m" VALUES(129,66,1001,4,5);
INSERT INTO "event_quest_free_mission_m" VALUES(130,68,2000,4,NULL);
INSERT INTO "event_quest_free_mission_m" VALUES(131,68,1001,4,20);
INSERT INTO "event_quest_free_mission_m" VALUES(132,68,5101,NULL,7500);
INSERT INTO "event_quest_free_mission_m" VALUES(133,69,2000,4,NULL);
INSERT INTO "event_quest_free_mission_m" VALUES(134,69,1001,4,20);
INSERT INTO "event_quest_free_mission_m" VALUES(135,69,5101,NULL,7500);
INSERT INTO "event_quest_free_mission_m" VALUES(136,70,2000,4,NULL);
INSERT INTO "event_quest_free_mission_m" VALUES(137,70,1001,4,20);
INSERT INTO "event_quest_free_mission_m" VALUES(138,70,5101,NULL,7500);
INSERT INTO "event_quest_free_mission_m" VALUES(139,77,1000,4,NULL);
INSERT INTO "event_quest_free_mission_m" VALUES(140,77,2101,NULL,50);
INSERT INTO "event_quest_free_mission_m" VALUES(141,77,6000,1,NULL);
INSERT INTO "event_quest_free_mission_m" VALUES(142,78,2000,4,NULL);
INSERT INTO "event_quest_free_mission_m" VALUES(143,78,5101,NULL,100);
INSERT INTO "event_quest_free_mission_m" VALUES(144,78,1001,4,3);
INSERT INTO "event_quest_free_mission_m" VALUES(145,79,5100,40,NULL);
INSERT INTO "event_quest_free_mission_m" VALUES(146,79,1101,NULL,150000);
INSERT INTO "event_quest_free_mission_m" VALUES(147,79,2001,4,3);
INSERT INTO "event_quest_free_mission_m" VALUES(148,80,1000,4,NULL);
INSERT INTO "event_quest_free_mission_m" VALUES(149,80,5101,NULL,200);
INSERT INTO "event_quest_free_mission_m" VALUES(150,80,6000,5,NULL);
INSERT INTO "event_quest_free_mission_m" VALUES(151,81,5100,50,NULL);
INSERT INTO "event_quest_free_mission_m" VALUES(152,81,2101,NULL,250);
INSERT INTO "event_quest_free_mission_m" VALUES(153,81,1001,4,3);
INSERT INTO "event_quest_free_mission_m" VALUES(154,82,2000,4,NULL);
INSERT INTO "event_quest_free_mission_m" VALUES(155,82,1101,NULL,300000);
INSERT INTO "event_quest_free_mission_m" VALUES(156,82,6000,3,NULL);
INSERT INTO "event_quest_free_mission_m" VALUES(157,83,1000,4,NULL);
INSERT INTO "event_quest_free_mission_m" VALUES(158,83,5101,NULL,350);
INSERT INTO "event_quest_free_mission_m" VALUES(159,83,2001,4,3);
INSERT INTO "event_quest_free_mission_m" VALUES(160,85,2000,4,NULL);
INSERT INTO "event_quest_free_mission_m" VALUES(161,85,1001,4,20);
INSERT INTO "event_quest_free_mission_m" VALUES(162,85,5101,NULL,7500);
INSERT INTO "event_quest_free_mission_m" VALUES(163,86,2000,4,NULL);
INSERT INTO "event_quest_free_mission_m" VALUES(164,86,1001,4,20);
INSERT INTO "event_quest_free_mission_m" VALUES(165,86,5101,NULL,7500);
INSERT INTO "event_quest_free_mission_m" VALUES(166,87,2000,4,NULL);
INSERT INTO "event_quest_free_mission_m" VALUES(167,87,1001,4,20);
INSERT INTO "event_quest_free_mission_m" VALUES(168,87,5101,NULL,7500);
INSERT INTO "event_quest_free_mission_m" VALUES(169,94,1000,4,NULL);
INSERT INTO "event_quest_free_mission_m" VALUES(170,94,2101,NULL,50);
INSERT INTO "event_quest_free_mission_m" VALUES(171,94,6000,1,NULL);
INSERT INTO "event_quest_free_mission_m" VALUES(172,95,2000,4,NULL);
INSERT INTO "event_quest_free_mission_m" VALUES(173,95,5101,NULL,200);
INSERT INTO "event_quest_free_mission_m" VALUES(174,95,6000,3,NULL);
INSERT INTO "event_quest_free_mission_m" VALUES(175,96,5100,60,NULL);
INSERT INTO "event_quest_free_mission_m" VALUES(176,96,1101,NULL,300000);
INSERT INTO "event_quest_free_mission_m" VALUES(177,96,2001,4,3);
INSERT INTO "event_quest_free_mission_m" VALUES(178,97,2000,4,NULL);
INSERT INTO "event_quest_free_mission_m" VALUES(179,97,5101,NULL,300);
INSERT INTO "event_quest_free_mission_m" VALUES(180,97,1001,4,5);
INSERT INTO "event_quest_free_mission_m" VALUES(181,98,5100,70,NULL);
INSERT INTO "event_quest_free_mission_m" VALUES(182,98,1101,NULL,400000);
INSERT INTO "event_quest_free_mission_m" VALUES(183,98,2001,4,5);
INSERT INTO "event_quest_free_mission_m" VALUES(184,99,2000,4,NULL);
INSERT INTO "event_quest_free_mission_m" VALUES(185,99,2101,NULL,400);
INSERT INTO "event_quest_free_mission_m" VALUES(186,99,1001,4,5);
INSERT INTO "event_quest_free_mission_m" VALUES(187,101,2000,4,NULL);
INSERT INTO "event_quest_free_mission_m" VALUES(188,101,1001,4,20);
INSERT INTO "event_quest_free_mission_m" VALUES(189,101,5101,NULL,8000);
INSERT INTO "event_quest_free_mission_m" VALUES(190,102,2000,4,NULL);
INSERT INTO "event_quest_free_mission_m" VALUES(191,102,1001,4,20);
INSERT INTO "event_quest_free_mission_m" VALUES(192,102,5101,NULL,8000);
INSERT INTO "event_quest_free_mission_m" VALUES(193,103,2000,4,NULL);
INSERT INTO "event_quest_free_mission_m" VALUES(194,103,1001,4,20);
INSERT INTO "event_quest_free_mission_m" VALUES(195,103,5101,NULL,8000);
CREATE TABLE `event_quest_free_mission_reward_m` (
    `event_quest_free_mission_id` INTEGER NOT NULL,
    `add_type` INTEGER NOT NULL,
    `item_id` INTEGER NOT NULL,
    `item_category_id` INTEGER,
    `amount` INTEGER NOT NULL,
    `item_option` TEXT,
    PRIMARY KEY (`event_quest_free_mission_id`)
);
INSERT INTO "event_quest_free_mission_reward_m" VALUES(1,3002,2,2,2000,NULL);
INSERT INTO "event_quest_free_mission_reward_m" VALUES(2,3000,3,3,30000,NULL);
INSERT INTO "event_quest_free_mission_reward_m" VALUES(3,3001,4,4,1,NULL);
INSERT INTO "event_quest_free_mission_reward_m" VALUES(4,3002,2,2,2000,NULL);
INSERT INTO "event_quest_free_mission_reward_m" VALUES(5,3000,3,3,30000,NULL);
INSERT INTO "event_quest_free_mission_reward_m" VALUES(6,3001,4,4,1,NULL);
INSERT INTO "event_quest_free_mission_reward_m" VALUES(7,3002,2,2,2000,NULL);
INSERT INTO "event_quest_free_mission_reward_m" VALUES(8,3000,3,3,30000,NULL);
INSERT INTO "event_quest_free_mission_reward_m" VALUES(9,3001,4,4,1,NULL);
INSERT INTO "event_quest_free_mission_reward_m" VALUES(10,3002,2,2,2000,NULL);
INSERT INTO "event_quest_free_mission_reward_m" VALUES(11,3000,3,3,30000,NULL);
INSERT INTO "event_quest_free_mission_reward_m" VALUES(12,3001,4,4,1,NULL);
INSERT INTO "event_quest_free_mission_reward_m" VALUES(13,3002,2,2,2000,NULL);
INSERT INTO "event_quest_free_mission_reward_m" VALUES(14,3000,3,3,30000,NULL);
INSERT INTO "event_quest_free_mission_reward_m" VALUES(15,3001,4,4,1,NULL);
INSERT INTO "event_quest_free_mission_reward_m" VALUES(16,3001,4,4,1,NULL);
INSERT INTO "event_quest_free_mission_reward_m" VALUES(17,3006,2,0,5,NULL);
INSERT INTO "event_quest_free_mission_reward_m" VALUES(18,3006,2,0,10,NULL);
INSERT INTO "event_quest_free_mission_reward_m" VALUES(19,3000,3,3,5000,NULL);
INSERT INTO "event_quest_free_mission_reward_m" VALUES(20,3002,2,2,1000,NULL);
INSERT INTO "event_quest_free_mission_reward_m" VALUES(21,3000,3,3,10000,NULL);
INSERT INTO "event_quest_free_mission_reward_m" VALUES(22,3000,3,3,5000,NULL);
INSERT INTO "event_quest_free_mission_reward_m" VALUES(23,3002,2,2,1000,NULL);
INSERT INTO "event_quest_free_mission_reward_m" VALUES(24,3000,3,3,10000,NULL);
INSERT INTO "event_quest_free_mission_reward_m" VALUES(25,3000,3,3,5000,NULL);
INSERT INTO "event_quest_free_mission_reward_m" VALUES(26,3002,2,2,1000,NULL);
INSERT INTO "event_quest_free_mission_reward_m" VALUES(27,3002,2,2,2000,NULL);
INSERT INTO "event_quest_free_mission_reward_m" VALUES(28,3000,3,3,5000,NULL);
INSERT INTO "event_quest_free_mission_reward_m" VALUES(29,3002,2,2,1000,NULL);
INSERT INTO "event_quest_free_mission_reward_m" VALUES(30,3000,3,3,12000,NULL);
INSERT INTO "event_quest_free_mission_reward_m" VALUES(31,3000,3,3,5000,NULL);
INSERT INTO "event_quest_free_mission_reward_m" VALUES(32,3002,2,2,1000,NULL);
INSERT INTO "event_quest_free_mission_reward_m" VALUES(33,3001,4,4,1,NULL);
INSERT INTO "event_quest_free_mission_reward_m" VALUES(34,3000,3,3,30000,NULL);
INSERT INTO "event_quest_free_mission_reward_m" VALUES(35,3001,4,4,2,NULL);
INSERT INTO "event_quest_free_mission_reward_m" VALUES(36,3006,2,0,5,NULL);
INSERT INTO "event_quest_free_mission_reward_m" VALUES(37,3000,3,3,30000,NULL);
INSERT INTO "event_quest_free_mission_reward_m" VALUES(38,3001,4,4,2,NULL);
INSERT INTO "event_quest_free_mission_reward_m" VALUES(39,3006,2,0,5,NULL);
INSERT INTO "event_quest_free_mission_reward_m" VALUES(40,3000,3,3,30000,NULL);
INSERT INTO "event_quest_free_mission_reward_m" VALUES(41,3001,4,4,2,NULL);
INSERT INTO "event_quest_free_mission_reward_m" VALUES(42,3006,2,0,5,NULL);
INSERT INTO "event_quest_free_mission_reward_m" VALUES(43,3000,3,3,5000,NULL);
INSERT INTO "event_quest_free_mission_reward_m" VALUES(44,3002,2,2,850,NULL);
INSERT INTO "event_quest_free_mission_reward_m" VALUES(45,5100,65,0,1,NULL);
INSERT INTO "event_quest_free_mission_reward_m" VALUES(46,3000,3,3,10000,NULL);
INSERT INTO "event_quest_free_mission_reward_m" VALUES(47,3002,2,2,900,NULL);
INSERT INTO "event_quest_free_mission_reward_m" VALUES(48,7000,1,0,1,NULL);
INSERT INTO "event_quest_free_mission_reward_m" VALUES(49,3000,3,3,7500,NULL);
INSERT INTO "event_quest_free_mission_reward_m" VALUES(50,3002,2,2,950,NULL);
INSERT INTO "event_quest_free_mission_reward_m" VALUES(51,3001,4,4,1,NULL);
INSERT INTO "event_quest_free_mission_reward_m" VALUES(52,3000,3,3,15000,NULL);
INSERT INTO "event_quest_free_mission_reward_m" VALUES(53,3002,2,2,1000,NULL);
INSERT INTO "event_quest_free_mission_reward_m" VALUES(54,5100,66,0,1,NULL);
INSERT INTO "event_quest_free_mission_reward_m" VALUES(55,3000,3,3,20000,NULL);
INSERT INTO "event_quest_free_mission_reward_m" VALUES(56,3002,2,2,1050,NULL);
INSERT INTO "event_quest_free_mission_reward_m" VALUES(57,3001,4,4,1,NULL);
INSERT INTO "event_quest_free_mission_reward_m" VALUES(58,3000,3,3,20000,NULL);
INSERT INTO "event_quest_free_mission_reward_m" VALUES(59,3002,2,2,1100,NULL);
INSERT INTO "event_quest_free_mission_reward_m" VALUES(60,3001,4,4,1,NULL);
INSERT INTO "event_quest_free_mission_reward_m" VALUES(61,3000,3,3,20000,NULL);
INSERT INTO "event_quest_free_mission_reward_m" VALUES(62,3002,2,2,1150,NULL);
INSERT INTO "event_quest_free_mission_reward_m" VALUES(63,5100,67,0,1,NULL);
INSERT INTO "event_quest_free_mission_reward_m" VALUES(64,3001,4,4,1,NULL);
INSERT INTO "event_quest_free_mission_reward_m" VALUES(65,3006,2,0,5,NULL);
INSERT INTO "event_quest_free_mission_reward_m" VALUES(66,7000,1,0,1,NULL);
INSERT INTO "event_quest_free_mission_reward_m" VALUES(67,3001,4,4,1,NULL);
INSERT INTO "event_quest_free_mission_reward_m" VALUES(68,3006,2,0,5,NULL);
INSERT INTO "event_quest_free_mission_reward_m" VALUES(69,7000,1,0,1,NULL);
INSERT INTO "event_quest_free_mission_reward_m" VALUES(70,3001,4,4,1,NULL);
INSERT INTO "event_quest_free_mission_reward_m" VALUES(71,3006,2,0,5,NULL);
INSERT INTO "event_quest_free_mission_reward_m" VALUES(72,7000,1,0,1,NULL);
INSERT INTO "event_quest_free_mission_reward_m" VALUES(73,8000,1,0,1,NULL);
INSERT INTO "event_quest_free_mission_reward_m" VALUES(74,3000,3,3,5000,NULL);
INSERT INTO "event_quest_free_mission_reward_m" VALUES(75,5100,157,0,1,NULL);
INSERT INTO "event_quest_free_mission_reward_m" VALUES(76,8000,1,0,1,NULL);
INSERT INTO "event_quest_free_mission_reward_m" VALUES(77,3002,2,2,1000,NULL);
INSERT INTO "event_quest_free_mission_reward_m" VALUES(78,7000,3,0,1,NULL);
INSERT INTO "event_quest_free_mission_reward_m" VALUES(79,8000,1,0,1,NULL);
INSERT INTO "event_quest_free_mission_reward_m" VALUES(80,3000,3,3,10000,NULL);
INSERT INTO "event_quest_free_mission_reward_m" VALUES(81,3001,4,4,1,NULL);
INSERT INTO "event_quest_free_mission_reward_m" VALUES(82,8000,1,0,1,NULL);
INSERT INTO "event_quest_free_mission_reward_m" VALUES(83,3002,2,2,1100,NULL);
INSERT INTO "event_quest_free_mission_reward_m" VALUES(84,5100,158,0,1,NULL);
INSERT INTO "event_quest_free_mission_reward_m" VALUES(85,8000,1,0,1,NULL);
INSERT INTO "event_quest_free_mission_reward_m" VALUES(86,3000,3,3,15000,NULL);
INSERT INTO "event_quest_free_mission_reward_m" VALUES(87,3001,4,4,1,NULL);
INSERT INTO "event_quest_free_mission_reward_m" VALUES(88,8000,1,0,1,NULL);
INSERT INTO "event_quest_free_mission_reward_m" VALUES(89,3002,2,2,1200,NULL);
INSERT INTO "event_quest_free_mission_reward_m" VALUES(90,5100,159,0,1,NULL);
INSERT INTO "event_quest_free_mission_reward_m" VALUES(91,8000,3,0,1,NULL);
INSERT INTO "event_quest_free_mission_reward_m" VALUES(92,3000,3,3,20000,NULL);
INSERT INTO "event_quest_free_mission_reward_m" VALUES(93,3001,4,4,1,NULL);
INSERT INTO "event_quest_free_mission_reward_m" VALUES(94,3001,4,4,1,NULL);
INSERT INTO "event_quest_free_mission_reward_m" VALUES(95,3006,2,0,5,NULL);
INSERT INTO "event_quest_free_mission_reward_m" VALUES(96,7000,3,0,1,NULL);
INSERT INTO "event_quest_free_mission_reward_m" VALUES(97,3001,4,4,1,NULL);
INSERT INTO "event_quest_free_mission_reward_m" VALUES(98,3006,2,0,5,NULL);
INSERT INTO "event_quest_free_mission_reward_m" VALUES(99,7000,3,0,1,NULL);
INSERT INTO "event_quest_free_mission_reward_m" VALUES(100,3001,4,4,1,NULL);
INSERT INTO "event_quest_free_mission_reward_m" VALUES(101,3006,2,0,5,NULL);
INSERT INTO "event_quest_free_mission_reward_m" VALUES(102,7000,3,0,1,NULL);
INSERT INTO "event_quest_free_mission_reward_m" VALUES(103,8000,1,0,1,NULL);
INSERT INTO "event_quest_free_mission_reward_m" VALUES(104,3000,3,3,5000,NULL);
INSERT INTO "event_quest_free_mission_reward_m" VALUES(105,7000,4,0,1,NULL);
INSERT INTO "event_quest_free_mission_reward_m" VALUES(106,3000,3,3,7500,NULL);
INSERT INTO "event_quest_free_mission_reward_m" VALUES(107,3002,2,2,800,NULL);
INSERT INTO "event_quest_free_mission_reward_m" VALUES(108,3001,4,4,1,NULL);
INSERT INTO "event_quest_free_mission_reward_m" VALUES(109,8000,1,0,1,NULL);
INSERT INTO "event_quest_free_mission_reward_m" VALUES(110,3002,2,2,900,NULL);
INSERT INTO "event_quest_free_mission_reward_m" VALUES(111,3006,2,0,1,NULL);
INSERT INTO "event_quest_free_mission_reward_m" VALUES(112,3000,3,3,10000,NULL);
INSERT INTO "event_quest_free_mission_reward_m" VALUES(113,3002,2,2,1000,NULL);
INSERT INTO "event_quest_free_mission_reward_m" VALUES(114,3001,4,4,1,NULL);
INSERT INTO "event_quest_free_mission_reward_m" VALUES(115,8000,1,0,1,NULL);
INSERT INTO "event_quest_free_mission_reward_m" VALUES(116,3000,3,3,12500,NULL);
INSERT INTO "event_quest_free_mission_reward_m" VALUES(117,3006,2,0,1,NULL);
INSERT INTO "event_quest_free_mission_reward_m" VALUES(118,3000,3,3,15000,NULL);
INSERT INTO "event_quest_free_mission_reward_m" VALUES(119,3002,2,2,1100,NULL);
INSERT INTO "event_quest_free_mission_reward_m" VALUES(120,3001,4,4,1,NULL);
INSERT INTO "event_quest_free_mission_reward_m" VALUES(121,8000,1,0,1,NULL);
INSERT INTO "event_quest_free_mission_reward_m" VALUES(122,3002,2,2,1200,NULL);
INSERT INTO "event_quest_free_mission_reward_m" VALUES(123,7000,4,0,1,NULL);
INSERT INTO "event_quest_free_mission_reward_m" VALUES(124,3000,3,3,17500,NULL);
INSERT INTO "event_quest_free_mission_reward_m" VALUES(125,3002,2,2,1300,NULL);
INSERT INTO "event_quest_free_mission_reward_m" VALUES(126,3006,2,0,1,NULL);
INSERT INTO "event_quest_free_mission_reward_m" VALUES(127,8000,1,0,1,NULL);
INSERT INTO "event_quest_free_mission_reward_m" VALUES(128,3000,3,3,20000,NULL);
INSERT INTO "event_quest_free_mission_reward_m" VALUES(129,5100,169,0,1,NULL);
INSERT INTO "event_quest_free_mission_reward_m" VALUES(130,3001,4,4,1,NULL);
INSERT INTO "event_quest_free_mission_reward_m" VALUES(131,3006,2,0,5,NULL);
INSERT INTO "event_quest_free_mission_reward_m" VALUES(132,7000,4,0,1,NULL);
INSERT INTO "event_quest_free_mission_reward_m" VALUES(133,3001,4,4,1,NULL);
INSERT INTO "event_quest_free_mission_reward_m" VALUES(134,3006,2,0,5,NULL);
INSERT INTO "event_quest_free_mission_reward_m" VALUES(135,7000,4,0,1,NULL);
INSERT INTO "event_quest_free_mission_reward_m" VALUES(136,3001,4,4,1,NULL);
INSERT INTO "event_quest_free_mission_reward_m" VALUES(137,3006,2,0,5,NULL);
INSERT INTO "event_quest_free_mission_reward_m" VALUES(138,7000,4,0,1,NULL);
INSERT INTO "event_quest_free_mission_reward_m" VALUES(139,8000,1,0,1,NULL);
INSERT INTO "event_quest_free_mission_reward_m" VALUES(140,3000,3,3,5000,NULL);
INSERT INTO "event_quest_free_mission_reward_m" VALUES(141,3001,4,4,1,NULL);
INSERT INTO "event_quest_free_mission_reward_m" VALUES(142,8000,1,0,1,NULL);
INSERT INTO "event_quest_free_mission_reward_m" VALUES(143,3002,2,2,1000,NULL);
INSERT INTO "event_quest_free_mission_reward_m" VALUES(144,3006,2,0,1,NULL);
INSERT INTO "event_quest_free_mission_reward_m" VALUES(145,8000,1,0,1,NULL);
INSERT INTO "event_quest_free_mission_reward_m" VALUES(146,3000,3,3,10000,NULL);
INSERT INTO "event_quest_free_mission_reward_m" VALUES(147,3001,4,4,1,NULL);
INSERT INTO "event_quest_free_mission_reward_m" VALUES(148,8000,1,0,1,NULL);
INSERT INTO "event_quest_free_mission_reward_m" VALUES(149,3002,2,2,1200,NULL);
INSERT INTO "event_quest_free_mission_reward_m" VALUES(150,7000,7,0,1,NULL);
INSERT INTO "event_quest_free_mission_reward_m" VALUES(151,8000,1,0,1,NULL);
INSERT INTO "event_quest_free_mission_reward_m" VALUES(152,3000,3,3,15000,NULL);
INSERT INTO "event_quest_free_mission_reward_m" VALUES(153,3006,2,0,2,NULL);
INSERT INTO "event_quest_free_mission_reward_m" VALUES(154,8000,1,0,1,NULL);
INSERT INTO "event_quest_free_mission_reward_m" VALUES(155,3002,2,2,1500,NULL);
INSERT INTO "event_quest_free_mission_reward_m" VALUES(156,3001,4,4,1,NULL);
INSERT INTO "event_quest_free_mission_reward_m" VALUES(157,8000,3,0,1,NULL);
INSERT INTO "event_quest_free_mission_reward_m" VALUES(158,3000,3,3,20000,NULL);
INSERT INTO "event_quest_free_mission_reward_m" VALUES(159,5100,186,0,1,NULL);
INSERT INTO "event_quest_free_mission_reward_m" VALUES(160,3001,4,4,1,NULL);
INSERT INTO "event_quest_free_mission_reward_m" VALUES(161,3006,2,0,5,NULL);
INSERT INTO "event_quest_free_mission_reward_m" VALUES(162,7000,7,0,1,NULL);
INSERT INTO "event_quest_free_mission_reward_m" VALUES(163,3001,4,4,1,NULL);
INSERT INTO "event_quest_free_mission_reward_m" VALUES(164,3006,2,0,5,NULL);
INSERT INTO "event_quest_free_mission_reward_m" VALUES(165,7000,7,0,1,NULL);
INSERT INTO "event_quest_free_mission_reward_m" VALUES(166,3001,4,4,1,NULL);
INSERT INTO "event_quest_free_mission_reward_m" VALUES(167,3006,2,0,5,NULL);
INSERT INTO "event_quest_free_mission_reward_m" VALUES(168,7000,7,0,1,NULL);
INSERT INTO "event_quest_free_mission_reward_m" VALUES(169,8000,1,0,1,NULL);
INSERT INTO "event_quest_free_mission_reward_m" VALUES(170,3000,3,3,5000,NULL);
INSERT INTO "event_quest_free_mission_reward_m" VALUES(171,3001,4,4,1,NULL);
INSERT INTO "event_quest_free_mission_reward_m" VALUES(172,8000,1,0,1,NULL);
INSERT INTO "event_quest_free_mission_reward_m" VALUES(173,3002,2,2,1000,NULL);
INSERT INTO "event_quest_free_mission_reward_m" VALUES(174,3006,2,0,1,NULL);
INSERT INTO "event_quest_free_mission_reward_m" VALUES(175,8000,1,0,1,NULL);
INSERT INTO "event_quest_free_mission_reward_m" VALUES(176,3000,3,3,10000,NULL);
INSERT INTO "event_quest_free_mission_reward_m" VALUES(177,3001,4,4,1,NULL);
INSERT INTO "event_quest_free_mission_reward_m" VALUES(178,8000,1,0,1,NULL);
INSERT INTO "event_quest_free_mission_reward_m" VALUES(179,3002,2,2,1200,NULL);
INSERT INTO "event_quest_free_mission_reward_m" VALUES(180,3006,2,0,1,NULL);
INSERT INTO "event_quest_free_mission_reward_m" VALUES(181,8000,1,0,1,NULL);
INSERT INTO "event_quest_free_mission_reward_m" VALUES(182,3000,3,3,20000,NULL);
INSERT INTO "event_quest_free_mission_reward_m" VALUES(183,3001,4,4,1,NULL);
INSERT INTO "event_quest_free_mission_reward_m" VALUES(184,8000,3,0,1,NULL);
INSERT INTO "event_quest_free_mission_reward_m" VALUES(185,3002,2,2,1500,NULL);
INSERT INTO "event_quest_free_mission_reward_m" VALUES(186,5100,209,0,1,NULL);
INSERT INTO "event_quest_free_mission_reward_m" VALUES(187,3001,4,4,1,NULL);
INSERT INTO "event_quest_free_mission_reward_m" VALUES(188,3006,2,0,5,NULL);
INSERT INTO "event_quest_free_mission_reward_m" VALUES(189,7000,9,0,1,NULL);
INSERT INTO "event_quest_free_mission_reward_m" VALUES(190,3001,4,4,1,NULL);
INSERT INTO "event_quest_free_mission_reward_m" VALUES(191,3006,2,0,5,NULL);
INSERT INTO "event_quest_free_mission_reward_m" VALUES(192,7000,9,0,1,NULL);
INSERT INTO "event_quest_free_mission_reward_m" VALUES(193,3001,4,4,1,NULL);
INSERT INTO "event_quest_free_mission_reward_m" VALUES(194,3006,2,0,5,NULL);
INSERT INTO "event_quest_free_mission_reward_m" VALUES(195,7000,9,0,1,NULL);
CREATE TABLE `event_quest_live_m` (
    `live_difficulty_id` INTEGER NOT NULL,
    `live_setting_id` INTEGER NOT NULL,
    `stage_level` INTEGER,
    `asset_background_id` INTEGER,
    `c_rank_score` INTEGER,
    `b_rank_score` INTEGER,
    `a_rank_score` INTEGER,
    `s_rank_score` INTEGER,
    `random_flag` INTEGER NOT NULL,
    `is_random_selection_live` INTEGER,
    `swing_flag` INTEGER NOT NULL,
    PRIMARY KEY (`live_difficulty_id`)
);
INSERT INTO "event_quest_live_m" VALUES(500001,707,NULL,NULL,NULL,NULL,NULL,NULL,0,0,0);
INSERT INTO "event_quest_live_m" VALUES(500002,708,NULL,NULL,NULL,NULL,NULL,NULL,0,0,0);
INSERT INTO "event_quest_live_m" VALUES(500003,709,NULL,NULL,NULL,NULL,NULL,NULL,0,0,0);
INSERT INTO "event_quest_live_m" VALUES(500004,710,NULL,NULL,NULL,NULL,NULL,NULL,0,0,0);
INSERT INTO "event_quest_live_m" VALUES(500005,573,NULL,NULL,NULL,NULL,NULL,NULL,0,0,0);
INSERT INTO "event_quest_live_m" VALUES(500006,574,NULL,NULL,NULL,NULL,NULL,NULL,0,0,0);
INSERT INTO "event_quest_live_m" VALUES(500007,575,NULL,NULL,NULL,NULL,NULL,NULL,0,0,0);
INSERT INTO "event_quest_live_m" VALUES(500008,576,NULL,NULL,NULL,NULL,NULL,NULL,0,0,0);
INSERT INTO "event_quest_live_m" VALUES(500009,646,NULL,NULL,NULL,NULL,NULL,NULL,0,1,0);
INSERT INTO "event_quest_live_m" VALUES(500010,647,NULL,NULL,NULL,NULL,NULL,NULL,0,1,0);
INSERT INTO "event_quest_live_m" VALUES(500011,648,NULL,NULL,NULL,NULL,NULL,NULL,0,1,0);
INSERT INTO "event_quest_live_m" VALUES(500012,649,NULL,NULL,NULL,NULL,NULL,NULL,0,1,0);
INSERT INTO "event_quest_live_m" VALUES(500013,385,NULL,328,NULL,NULL,NULL,NULL,0,0,0);
INSERT INTO "event_quest_live_m" VALUES(500014,386,NULL,328,NULL,NULL,NULL,NULL,0,0,0);
INSERT INTO "event_quest_live_m" VALUES(500015,387,NULL,328,NULL,NULL,NULL,NULL,0,0,0);
INSERT INTO "event_quest_live_m" VALUES(500016,520,NULL,328,NULL,NULL,NULL,NULL,0,0,0);
INSERT INTO "event_quest_live_m" VALUES(500017,554,NULL,NULL,NULL,NULL,NULL,NULL,0,1,0);
INSERT INTO "event_quest_live_m" VALUES(500018,555,NULL,NULL,NULL,NULL,NULL,NULL,0,1,0);
INSERT INTO "event_quest_live_m" VALUES(500019,556,NULL,NULL,NULL,NULL,NULL,NULL,0,1,0);
INSERT INTO "event_quest_live_m" VALUES(500020,557,NULL,NULL,NULL,NULL,NULL,NULL,0,1,0);
INSERT INTO "event_quest_live_m" VALUES(500021,506,NULL,NULL,NULL,NULL,NULL,NULL,0,1,0);
INSERT INTO "event_quest_live_m" VALUES(500022,507,NULL,NULL,NULL,NULL,NULL,NULL,0,1,0);
INSERT INTO "event_quest_live_m" VALUES(500023,508,NULL,NULL,NULL,NULL,NULL,NULL,0,1,0);
INSERT INTO "event_quest_live_m" VALUES(500024,525,NULL,NULL,NULL,NULL,NULL,NULL,0,1,0);
INSERT INTO "event_quest_live_m" VALUES(500025,610,NULL,330,NULL,NULL,NULL,NULL,0,0,0);
INSERT INTO "event_quest_live_m" VALUES(500026,611,NULL,330,NULL,NULL,NULL,NULL,0,0,0);
INSERT INTO "event_quest_live_m" VALUES(500027,612,NULL,330,NULL,NULL,NULL,NULL,0,0,0);
INSERT INTO "event_quest_live_m" VALUES(500028,613,NULL,330,NULL,NULL,NULL,NULL,0,0,0);
INSERT INTO "event_quest_live_m" VALUES(500029,711,NULL,NULL,NULL,NULL,NULL,NULL,0,0,0);
INSERT INTO "event_quest_live_m" VALUES(500030,712,NULL,NULL,NULL,NULL,NULL,NULL,0,0,0);
INSERT INTO "event_quest_live_m" VALUES(500031,713,NULL,NULL,NULL,NULL,NULL,NULL,0,0,0);
INSERT INTO "event_quest_live_m" VALUES(500032,714,NULL,NULL,NULL,NULL,NULL,NULL,0,0,0);
INSERT INTO "event_quest_live_m" VALUES(500033,682,NULL,NULL,NULL,NULL,NULL,NULL,0,1,0);
INSERT INTO "event_quest_live_m" VALUES(500034,683,NULL,NULL,NULL,NULL,NULL,NULL,0,1,0);
INSERT INTO "event_quest_live_m" VALUES(500035,684,NULL,NULL,NULL,NULL,NULL,NULL,0,1,0);
INSERT INTO "event_quest_live_m" VALUES(500036,685,NULL,NULL,NULL,NULL,NULL,NULL,0,1,0);
INSERT INTO "event_quest_live_m" VALUES(500037,496,NULL,NULL,NULL,NULL,NULL,NULL,0,0,0);
INSERT INTO "event_quest_live_m" VALUES(500038,497,NULL,NULL,NULL,NULL,NULL,NULL,0,0,0);
INSERT INTO "event_quest_live_m" VALUES(500039,498,NULL,NULL,NULL,NULL,NULL,NULL,0,0,0);
INSERT INTO "event_quest_live_m" VALUES(500040,527,NULL,NULL,NULL,NULL,NULL,NULL,0,0,0);
INSERT INTO "event_quest_live_m" VALUES(500041,584,NULL,NULL,NULL,NULL,NULL,NULL,0,0,0);
INSERT INTO "event_quest_live_m" VALUES(500042,585,NULL,NULL,NULL,NULL,NULL,NULL,0,0,0);
INSERT INTO "event_quest_live_m" VALUES(500043,586,NULL,NULL,NULL,NULL,NULL,NULL,0,0,0);
INSERT INTO "event_quest_live_m" VALUES(500044,587,NULL,NULL,NULL,NULL,NULL,NULL,0,0,0);
INSERT INTO "event_quest_live_m" VALUES(500045,408,NULL,NULL,NULL,NULL,NULL,NULL,0,0,0);
INSERT INTO "event_quest_live_m" VALUES(500046,409,NULL,NULL,NULL,NULL,NULL,NULL,0,0,0);
INSERT INTO "event_quest_live_m" VALUES(500047,410,NULL,NULL,NULL,NULL,NULL,NULL,0,0,0);
INSERT INTO "event_quest_live_m" VALUES(500048,521,NULL,NULL,NULL,NULL,NULL,NULL,0,0,0);
INSERT INTO "event_quest_live_m" VALUES(500049,509,NULL,NULL,NULL,NULL,NULL,NULL,0,1,0);
INSERT INTO "event_quest_live_m" VALUES(500050,510,NULL,NULL,NULL,NULL,NULL,NULL,0,1,0);
INSERT INTO "event_quest_live_m" VALUES(500051,511,NULL,NULL,NULL,NULL,NULL,NULL,0,1,0);
INSERT INTO "event_quest_live_m" VALUES(500052,528,NULL,NULL,NULL,NULL,NULL,NULL,0,1,0);
INSERT INTO "event_quest_live_m" VALUES(500053,604,NULL,331,NULL,NULL,NULL,NULL,0,0,0);
INSERT INTO "event_quest_live_m" VALUES(500054,605,NULL,331,NULL,NULL,NULL,NULL,0,0,0);
INSERT INTO "event_quest_live_m" VALUES(500055,606,NULL,331,NULL,NULL,NULL,NULL,0,0,0);
INSERT INTO "event_quest_live_m" VALUES(500056,607,NULL,331,NULL,NULL,NULL,NULL,0,0,0);
INSERT INTO "event_quest_live_m" VALUES(500057,600,NULL,NULL,NULL,NULL,NULL,NULL,0,1,0);
INSERT INTO "event_quest_live_m" VALUES(500058,601,NULL,NULL,NULL,NULL,NULL,NULL,0,1,0);
INSERT INTO "event_quest_live_m" VALUES(500059,602,NULL,NULL,NULL,NULL,NULL,NULL,0,1,0);
INSERT INTO "event_quest_live_m" VALUES(500060,603,NULL,NULL,NULL,NULL,NULL,NULL,0,1,0);
INSERT INTO "event_quest_live_m" VALUES(500061,569,NULL,NULL,NULL,NULL,NULL,NULL,0,0,0);
INSERT INTO "event_quest_live_m" VALUES(500062,570,NULL,NULL,NULL,NULL,NULL,NULL,0,0,0);
INSERT INTO "event_quest_live_m" VALUES(500063,571,NULL,NULL,NULL,NULL,NULL,NULL,0,0,0);
INSERT INTO "event_quest_live_m" VALUES(500064,572,NULL,NULL,NULL,NULL,NULL,NULL,0,0,0);
INSERT INTO "event_quest_live_m" VALUES(500065,666,NULL,NULL,NULL,NULL,NULL,NULL,0,0,0);
INSERT INTO "event_quest_live_m" VALUES(500066,667,NULL,NULL,NULL,NULL,NULL,NULL,0,0,0);
INSERT INTO "event_quest_live_m" VALUES(500067,668,NULL,NULL,NULL,NULL,NULL,NULL,0,0,0);
INSERT INTO "event_quest_live_m" VALUES(500068,669,NULL,NULL,NULL,NULL,NULL,NULL,0,0,0);
INSERT INTO "event_quest_live_m" VALUES(500069,764,NULL,NULL,NULL,NULL,NULL,NULL,0,0,0);
INSERT INTO "event_quest_live_m" VALUES(500070,765,NULL,NULL,NULL,NULL,NULL,NULL,0,0,0);
INSERT INTO "event_quest_live_m" VALUES(500071,766,NULL,NULL,NULL,NULL,NULL,NULL,0,0,0);
INSERT INTO "event_quest_live_m" VALUES(500072,767,NULL,NULL,NULL,NULL,NULL,NULL,0,0,0);
INSERT INTO "event_quest_live_m" VALUES(500073,433,NULL,NULL,NULL,NULL,NULL,NULL,0,0,0);
INSERT INTO "event_quest_live_m" VALUES(500074,434,NULL,NULL,NULL,NULL,NULL,NULL,0,0,0);
INSERT INTO "event_quest_live_m" VALUES(500075,435,NULL,NULL,NULL,NULL,NULL,NULL,0,0,0);
INSERT INTO "event_quest_live_m" VALUES(500076,522,NULL,NULL,NULL,NULL,NULL,NULL,0,0,0);
INSERT INTO "event_quest_live_m" VALUES(500077,615,NULL,NULL,NULL,NULL,NULL,NULL,0,0,0);
INSERT INTO "event_quest_live_m" VALUES(500078,616,NULL,NULL,NULL,NULL,NULL,NULL,0,0,0);
INSERT INTO "event_quest_live_m" VALUES(500079,617,NULL,NULL,NULL,NULL,NULL,NULL,0,0,0);
INSERT INTO "event_quest_live_m" VALUES(500080,618,NULL,NULL,NULL,NULL,NULL,NULL,0,0,0);
INSERT INTO "event_quest_live_m" VALUES(500081,776,NULL,NULL,NULL,NULL,NULL,NULL,0,0,0);
INSERT INTO "event_quest_live_m" VALUES(500082,777,NULL,NULL,NULL,NULL,NULL,NULL,0,0,0);
INSERT INTO "event_quest_live_m" VALUES(500083,778,NULL,NULL,NULL,NULL,NULL,NULL,0,0,0);
INSERT INTO "event_quest_live_m" VALUES(500084,779,NULL,NULL,NULL,NULL,NULL,NULL,0,0,0);
INSERT INTO "event_quest_live_m" VALUES(500085,564,NULL,NULL,NULL,NULL,NULL,NULL,0,0,0);
INSERT INTO "event_quest_live_m" VALUES(500086,565,NULL,NULL,NULL,NULL,NULL,NULL,0,0,0);
INSERT INTO "event_quest_live_m" VALUES(500087,566,NULL,NULL,NULL,NULL,NULL,NULL,0,0,0);
INSERT INTO "event_quest_live_m" VALUES(500088,567,NULL,NULL,NULL,NULL,NULL,NULL,0,0,0);
INSERT INTO "event_quest_live_m" VALUES(500089,769,NULL,NULL,NULL,NULL,NULL,NULL,0,1,0);
INSERT INTO "event_quest_live_m" VALUES(500090,770,NULL,NULL,NULL,NULL,NULL,NULL,0,1,0);
INSERT INTO "event_quest_live_m" VALUES(500091,771,NULL,NULL,NULL,NULL,NULL,NULL,0,1,0);
INSERT INTO "event_quest_live_m" VALUES(500092,772,NULL,NULL,NULL,NULL,NULL,NULL,0,1,0);
INSERT INTO "event_quest_live_m" VALUES(500093,802,NULL,NULL,NULL,NULL,NULL,NULL,0,1,0);
INSERT INTO "event_quest_live_m" VALUES(500094,803,NULL,NULL,NULL,NULL,NULL,NULL,0,1,0);
INSERT INTO "event_quest_live_m" VALUES(500095,804,NULL,NULL,NULL,NULL,NULL,NULL,0,1,0);
INSERT INTO "event_quest_live_m" VALUES(500096,805,NULL,NULL,NULL,NULL,NULL,NULL,0,1,0);
INSERT INTO "event_quest_live_m" VALUES(500097,559,NULL,NULL,NULL,NULL,NULL,NULL,0,1,0);
INSERT INTO "event_quest_live_m" VALUES(500098,560,NULL,NULL,NULL,NULL,NULL,NULL,0,1,0);
INSERT INTO "event_quest_live_m" VALUES(500099,561,NULL,NULL,NULL,NULL,NULL,NULL,0,1,0);
INSERT INTO "event_quest_live_m" VALUES(500100,562,NULL,NULL,NULL,NULL,NULL,NULL,0,1,0);
INSERT INTO "event_quest_live_m" VALUES(500101,642,NULL,NULL,NULL,NULL,NULL,NULL,0,0,0);
INSERT INTO "event_quest_live_m" VALUES(500102,643,NULL,NULL,NULL,NULL,NULL,NULL,0,0,0);
INSERT INTO "event_quest_live_m" VALUES(500103,644,NULL,NULL,NULL,NULL,NULL,NULL,0,0,0);
INSERT INTO "event_quest_live_m" VALUES(500104,645,NULL,NULL,NULL,NULL,NULL,NULL,0,0,0);
INSERT INTO "event_quest_live_m" VALUES(500105,689,NULL,NULL,NULL,NULL,NULL,NULL,0,0,0);
INSERT INTO "event_quest_live_m" VALUES(500106,690,NULL,NULL,NULL,NULL,NULL,NULL,0,0,0);
INSERT INTO "event_quest_live_m" VALUES(500107,691,NULL,NULL,NULL,NULL,NULL,NULL,0,0,0);
INSERT INTO "event_quest_live_m" VALUES(500108,692,NULL,NULL,NULL,NULL,NULL,NULL,0,0,0);
INSERT INTO "event_quest_live_m" VALUES(500109,784,NULL,NULL,NULL,NULL,NULL,NULL,0,0,0);
INSERT INTO "event_quest_live_m" VALUES(500110,785,NULL,NULL,NULL,NULL,NULL,NULL,0,0,0);
INSERT INTO "event_quest_live_m" VALUES(500111,786,NULL,NULL,NULL,NULL,NULL,NULL,0,0,0);
INSERT INTO "event_quest_live_m" VALUES(500112,787,NULL,NULL,NULL,NULL,NULL,NULL,0,0,0);
INSERT INTO "event_quest_live_m" VALUES(500113,818,NULL,NULL,NULL,NULL,NULL,NULL,0,1,0);
INSERT INTO "event_quest_live_m" VALUES(500114,819,NULL,NULL,NULL,NULL,NULL,NULL,0,1,0);
INSERT INTO "event_quest_live_m" VALUES(500115,820,NULL,NULL,NULL,NULL,NULL,NULL,0,1,0);
INSERT INTO "event_quest_live_m" VALUES(500116,821,NULL,NULL,NULL,NULL,NULL,NULL,0,1,0);
INSERT INTO "event_quest_live_m" VALUES(500117,464,NULL,NULL,NULL,NULL,NULL,NULL,0,0,0);
INSERT INTO "event_quest_live_m" VALUES(500118,465,NULL,NULL,NULL,NULL,NULL,NULL,0,0,0);
INSERT INTO "event_quest_live_m" VALUES(500119,466,NULL,NULL,NULL,NULL,NULL,NULL,0,0,0);
INSERT INTO "event_quest_live_m" VALUES(500120,523,NULL,NULL,NULL,NULL,NULL,NULL,0,0,0);
INSERT INTO "event_quest_live_m" VALUES(500121,855,NULL,NULL,NULL,NULL,NULL,NULL,0,0,0);
INSERT INTO "event_quest_live_m" VALUES(500122,856,NULL,NULL,NULL,NULL,NULL,NULL,0,0,0);
INSERT INTO "event_quest_live_m" VALUES(500123,857,NULL,NULL,NULL,NULL,NULL,NULL,0,0,0);
INSERT INTO "event_quest_live_m" VALUES(500124,858,NULL,NULL,NULL,NULL,NULL,NULL,0,0,0);
INSERT INTO "event_quest_live_m" VALUES(500125,485,NULL,NULL,NULL,NULL,NULL,NULL,0,0,0);
INSERT INTO "event_quest_live_m" VALUES(500126,486,NULL,NULL,NULL,NULL,NULL,NULL,0,0,0);
INSERT INTO "event_quest_live_m" VALUES(500127,487,NULL,NULL,NULL,NULL,NULL,NULL,0,0,0);
INSERT INTO "event_quest_live_m" VALUES(500128,524,NULL,NULL,NULL,NULL,NULL,NULL,0,0,0);
INSERT INTO "event_quest_live_m" VALUES(500129,516,NULL,329,NULL,NULL,NULL,NULL,0,0,0);
INSERT INTO "event_quest_live_m" VALUES(500130,517,NULL,329,NULL,NULL,NULL,NULL,0,0,0);
INSERT INTO "event_quest_live_m" VALUES(500131,518,NULL,329,NULL,NULL,NULL,NULL,0,0,0);
INSERT INTO "event_quest_live_m" VALUES(500132,519,NULL,329,NULL,NULL,NULL,NULL,0,0,0);
INSERT INTO "event_quest_live_m" VALUES(500133,824,NULL,NULL,NULL,NULL,NULL,NULL,0,1,0);
INSERT INTO "event_quest_live_m" VALUES(500134,825,NULL,NULL,NULL,NULL,NULL,NULL,0,1,0);
INSERT INTO "event_quest_live_m" VALUES(500135,826,NULL,NULL,NULL,NULL,NULL,NULL,0,1,0);
INSERT INTO "event_quest_live_m" VALUES(500136,827,NULL,NULL,NULL,NULL,NULL,NULL,0,1,0);
INSERT INTO "event_quest_live_m" VALUES(500137,813,NULL,NULL,NULL,NULL,NULL,NULL,0,0,0);
INSERT INTO "event_quest_live_m" VALUES(500138,814,NULL,NULL,NULL,NULL,NULL,NULL,0,0,0);
INSERT INTO "event_quest_live_m" VALUES(500139,815,NULL,NULL,NULL,NULL,NULL,NULL,0,0,0);
INSERT INTO "event_quest_live_m" VALUES(500140,816,NULL,NULL,NULL,NULL,NULL,NULL,0,0,0);
INSERT INTO "event_quest_live_m" VALUES(500141,834,NULL,NULL,NULL,NULL,NULL,NULL,0,1,0);
INSERT INTO "event_quest_live_m" VALUES(500142,835,NULL,NULL,NULL,NULL,NULL,NULL,0,1,0);
INSERT INTO "event_quest_live_m" VALUES(500143,836,NULL,NULL,NULL,NULL,NULL,NULL,0,1,0);
INSERT INTO "event_quest_live_m" VALUES(500144,837,NULL,NULL,NULL,NULL,NULL,NULL,0,1,0);
INSERT INTO "event_quest_live_m" VALUES(500145,624,NULL,NULL,NULL,NULL,NULL,NULL,0,0,0);
INSERT INTO "event_quest_live_m" VALUES(500146,625,NULL,NULL,NULL,NULL,NULL,NULL,0,0,0);
INSERT INTO "event_quest_live_m" VALUES(500147,626,NULL,NULL,NULL,NULL,NULL,NULL,0,0,0);
INSERT INTO "event_quest_live_m" VALUES(500148,627,NULL,NULL,NULL,NULL,NULL,NULL,0,0,0);
INSERT INTO "event_quest_live_m" VALUES(500149,630,NULL,NULL,NULL,NULL,NULL,NULL,0,1,0);
INSERT INTO "event_quest_live_m" VALUES(500150,631,NULL,NULL,NULL,NULL,NULL,NULL,0,1,0);
INSERT INTO "event_quest_live_m" VALUES(500151,632,NULL,NULL,NULL,NULL,NULL,NULL,0,1,0);
INSERT INTO "event_quest_live_m" VALUES(500152,633,NULL,NULL,NULL,NULL,NULL,NULL,0,1,0);
INSERT INTO "event_quest_live_m" VALUES(500153,828,NULL,290,NULL,NULL,NULL,NULL,0,0,0);
INSERT INTO "event_quest_live_m" VALUES(500154,829,NULL,290,NULL,NULL,NULL,NULL,0,0,0);
INSERT INTO "event_quest_live_m" VALUES(500155,830,NULL,290,NULL,NULL,NULL,NULL,0,0,0);
INSERT INTO "event_quest_live_m" VALUES(500156,831,NULL,290,NULL,NULL,NULL,NULL,0,0,0);
INSERT INTO "event_quest_live_m" VALUES(500157,739,NULL,NULL,NULL,NULL,NULL,NULL,0,0,0);
INSERT INTO "event_quest_live_m" VALUES(500158,740,NULL,NULL,NULL,NULL,NULL,NULL,0,0,0);
INSERT INTO "event_quest_live_m" VALUES(500159,741,NULL,NULL,NULL,NULL,NULL,NULL,0,0,0);
INSERT INTO "event_quest_live_m" VALUES(500160,742,NULL,NULL,NULL,NULL,NULL,NULL,0,0,0);
INSERT INTO "event_quest_live_m" VALUES(500161,790,NULL,NULL,NULL,NULL,NULL,NULL,0,0,0);
INSERT INTO "event_quest_live_m" VALUES(500162,791,NULL,NULL,NULL,NULL,NULL,NULL,0,0,0);
INSERT INTO "event_quest_live_m" VALUES(500163,792,NULL,NULL,NULL,NULL,NULL,NULL,0,0,0);
INSERT INTO "event_quest_live_m" VALUES(500164,793,NULL,NULL,NULL,NULL,NULL,NULL,0,0,0);
INSERT INTO "event_quest_live_m" VALUES(500165,906,NULL,NULL,NULL,NULL,NULL,NULL,0,0,0);
INSERT INTO "event_quest_live_m" VALUES(500166,907,NULL,NULL,NULL,NULL,NULL,NULL,0,0,0);
INSERT INTO "event_quest_live_m" VALUES(500167,908,NULL,NULL,NULL,NULL,NULL,NULL,0,0,0);
INSERT INTO "event_quest_live_m" VALUES(500168,909,NULL,NULL,NULL,NULL,NULL,NULL,0,0,0);
INSERT INTO "event_quest_live_m" VALUES(500169,864,NULL,293,NULL,NULL,NULL,NULL,0,0,0);
INSERT INTO "event_quest_live_m" VALUES(500170,865,NULL,293,NULL,NULL,NULL,NULL,0,0,0);
INSERT INTO "event_quest_live_m" VALUES(500171,866,NULL,293,NULL,NULL,NULL,NULL,0,0,0);
INSERT INTO "event_quest_live_m" VALUES(500172,867,NULL,293,NULL,NULL,NULL,NULL,0,0,0);
INSERT INTO "event_quest_live_m" VALUES(500173,912,NULL,NULL,NULL,NULL,NULL,NULL,0,0,0);
INSERT INTO "event_quest_live_m" VALUES(500174,913,NULL,NULL,NULL,NULL,NULL,NULL,0,0,0);
INSERT INTO "event_quest_live_m" VALUES(500175,914,NULL,NULL,NULL,NULL,NULL,NULL,0,0,0);
INSERT INTO "event_quest_live_m" VALUES(500176,915,NULL,NULL,NULL,NULL,NULL,NULL,0,0,0);
INSERT INTO "event_quest_live_m" VALUES(500177,875,NULL,NULL,NULL,NULL,NULL,NULL,0,1,0);
INSERT INTO "event_quest_live_m" VALUES(500178,876,NULL,NULL,NULL,NULL,NULL,NULL,0,1,0);
INSERT INTO "event_quest_live_m" VALUES(500179,877,NULL,NULL,NULL,NULL,NULL,NULL,0,1,0);
INSERT INTO "event_quest_live_m" VALUES(500180,878,NULL,NULL,NULL,NULL,NULL,NULL,0,1,0);
INSERT INTO "event_quest_live_m" VALUES(500181,879,NULL,NULL,NULL,NULL,NULL,NULL,0,1,0);
INSERT INTO "event_quest_live_m" VALUES(500182,880,NULL,NULL,NULL,NULL,NULL,NULL,0,1,0);
INSERT INTO "event_quest_live_m" VALUES(500183,881,NULL,NULL,NULL,NULL,NULL,NULL,0,1,0);
INSERT INTO "event_quest_live_m" VALUES(500184,882,NULL,NULL,NULL,NULL,NULL,NULL,0,1,0);
INSERT INTO "event_quest_live_m" VALUES(500185,936,NULL,NULL,NULL,NULL,NULL,NULL,0,0,0);
INSERT INTO "event_quest_live_m" VALUES(500186,937,NULL,NULL,NULL,NULL,NULL,NULL,0,0,0);
INSERT INTO "event_quest_live_m" VALUES(500187,938,NULL,NULL,NULL,NULL,NULL,NULL,0,0,0);
INSERT INTO "event_quest_live_m" VALUES(500188,939,NULL,NULL,NULL,NULL,NULL,NULL,0,0,0);
INSERT INTO "event_quest_live_m" VALUES(500189,924,NULL,NULL,NULL,NULL,NULL,NULL,0,0,0);
INSERT INTO "event_quest_live_m" VALUES(500190,925,NULL,NULL,NULL,NULL,NULL,NULL,0,0,0);
INSERT INTO "event_quest_live_m" VALUES(500191,926,NULL,NULL,NULL,NULL,NULL,NULL,0,0,0);
INSERT INTO "event_quest_live_m" VALUES(500192,927,NULL,NULL,NULL,NULL,NULL,NULL,0,0,0);
INSERT INTO "event_quest_live_m" VALUES(500193,499,NULL,NULL,NULL,NULL,NULL,NULL,0,0,0);
INSERT INTO "event_quest_live_m" VALUES(500194,500,NULL,NULL,NULL,NULL,NULL,NULL,0,0,0);
INSERT INTO "event_quest_live_m" VALUES(500195,501,NULL,NULL,NULL,NULL,NULL,NULL,0,0,0);
INSERT INTO "event_quest_live_m" VALUES(500196,502,NULL,NULL,NULL,NULL,NULL,NULL,0,0,0);
INSERT INTO "event_quest_live_m" VALUES(500197,929,NULL,NULL,NULL,NULL,NULL,NULL,0,0,0);
INSERT INTO "event_quest_live_m" VALUES(500198,930,NULL,NULL,NULL,NULL,NULL,NULL,0,0,0);
INSERT INTO "event_quest_live_m" VALUES(500199,931,NULL,NULL,NULL,NULL,NULL,NULL,0,0,0);
INSERT INTO "event_quest_live_m" VALUES(500200,932,NULL,NULL,NULL,NULL,NULL,NULL,0,0,0);
INSERT INTO "event_quest_live_m" VALUES(500201,265,NULL,NULL,NULL,NULL,NULL,NULL,0,0,0);
INSERT INTO "event_quest_live_m" VALUES(500202,266,NULL,NULL,NULL,NULL,NULL,NULL,0,0,0);
INSERT INTO "event_quest_live_m" VALUES(500203,267,NULL,NULL,NULL,NULL,NULL,NULL,0,0,0);
INSERT INTO "event_quest_live_m" VALUES(500204,539,NULL,NULL,NULL,NULL,NULL,NULL,0,0,0);
INSERT INTO "event_quest_live_m" VALUES(500205,80,NULL,NULL,NULL,NULL,NULL,NULL,0,0,0);
INSERT INTO "event_quest_live_m" VALUES(500206,81,NULL,NULL,NULL,NULL,NULL,NULL,0,0,0);
INSERT INTO "event_quest_live_m" VALUES(500207,82,NULL,NULL,NULL,NULL,NULL,NULL,0,0,0);
INSERT INTO "event_quest_live_m" VALUES(500208,113,NULL,NULL,NULL,NULL,NULL,NULL,0,0,0);
INSERT INTO "event_quest_live_m" VALUES(500209,307,NULL,NULL,NULL,NULL,NULL,NULL,0,0,0);
INSERT INTO "event_quest_live_m" VALUES(500210,308,NULL,NULL,NULL,NULL,NULL,NULL,0,0,0);
INSERT INTO "event_quest_live_m" VALUES(500211,309,NULL,NULL,NULL,NULL,NULL,NULL,0,0,0);
INSERT INTO "event_quest_live_m" VALUES(500212,310,NULL,NULL,NULL,NULL,NULL,NULL,0,0,0);
INSERT INTO "event_quest_live_m" VALUES(500213,273,NULL,NULL,NULL,NULL,NULL,NULL,0,0,0);
INSERT INTO "event_quest_live_m" VALUES(500214,274,NULL,NULL,NULL,NULL,NULL,NULL,0,0,0);
INSERT INTO "event_quest_live_m" VALUES(500215,275,NULL,NULL,NULL,NULL,NULL,NULL,0,0,0);
INSERT INTO "event_quest_live_m" VALUES(500216,332,NULL,NULL,NULL,NULL,NULL,NULL,0,0,0);
INSERT INTO "event_quest_live_m" VALUES(500217,442,NULL,NULL,NULL,NULL,NULL,NULL,0,0,0);
INSERT INTO "event_quest_live_m" VALUES(500218,443,NULL,NULL,NULL,NULL,NULL,NULL,0,0,0);
INSERT INTO "event_quest_live_m" VALUES(500219,444,NULL,NULL,NULL,NULL,NULL,NULL,0,0,0);
INSERT INTO "event_quest_live_m" VALUES(500220,445,NULL,NULL,NULL,NULL,NULL,NULL,0,0,0);
INSERT INTO "event_quest_live_m" VALUES(500221,121,NULL,NULL,NULL,NULL,NULL,NULL,0,0,0);
INSERT INTO "event_quest_live_m" VALUES(500222,122,NULL,NULL,NULL,NULL,NULL,NULL,0,0,0);
INSERT INTO "event_quest_live_m" VALUES(500223,123,NULL,NULL,NULL,NULL,NULL,NULL,0,0,0);
INSERT INTO "event_quest_live_m" VALUES(500224,140,NULL,NULL,NULL,NULL,NULL,NULL,0,0,0);
INSERT INTO "event_quest_live_m" VALUES(500225,503,NULL,NULL,NULL,NULL,NULL,NULL,0,0,0);
INSERT INTO "event_quest_live_m" VALUES(500226,504,NULL,NULL,NULL,NULL,NULL,NULL,0,0,0);
INSERT INTO "event_quest_live_m" VALUES(500227,505,NULL,NULL,NULL,NULL,NULL,NULL,0,0,0);
INSERT INTO "event_quest_live_m" VALUES(500228,535,NULL,NULL,NULL,NULL,NULL,NULL,0,0,0);
INSERT INTO "event_quest_live_m" VALUES(500229,328,NULL,NULL,NULL,NULL,NULL,NULL,0,0,0);
INSERT INTO "event_quest_live_m" VALUES(500230,329,NULL,NULL,NULL,NULL,NULL,NULL,0,0,0);
INSERT INTO "event_quest_live_m" VALUES(500231,330,NULL,NULL,NULL,NULL,NULL,NULL,0,0,0);
INSERT INTO "event_quest_live_m" VALUES(500232,331,NULL,NULL,NULL,NULL,NULL,NULL,0,0,0);
INSERT INTO "event_quest_live_m" VALUES(500233,662,NULL,NULL,NULL,NULL,NULL,NULL,0,0,0);
INSERT INTO "event_quest_live_m" VALUES(500234,663,NULL,NULL,NULL,NULL,NULL,NULL,0,0,0);
INSERT INTO "event_quest_live_m" VALUES(500235,664,NULL,NULL,NULL,NULL,NULL,NULL,0,0,0);
INSERT INTO "event_quest_live_m" VALUES(500236,665,NULL,NULL,NULL,NULL,NULL,NULL,0,0,0);
INSERT INTO "event_quest_live_m" VALUES(500237,251,NULL,NULL,NULL,NULL,NULL,NULL,0,0,0);
INSERT INTO "event_quest_live_m" VALUES(500238,252,NULL,NULL,NULL,NULL,NULL,NULL,0,0,0);
INSERT INTO "event_quest_live_m" VALUES(500239,253,NULL,NULL,NULL,NULL,NULL,NULL,0,0,0);
INSERT INTO "event_quest_live_m" VALUES(500240,306,NULL,NULL,NULL,NULL,NULL,NULL,0,0,0);
INSERT INTO "event_quest_live_m" VALUES(500241,93,NULL,NULL,NULL,NULL,NULL,NULL,0,0,0);
INSERT INTO "event_quest_live_m" VALUES(500242,94,NULL,NULL,NULL,NULL,NULL,NULL,0,0,0);
INSERT INTO "event_quest_live_m" VALUES(500243,95,NULL,NULL,NULL,NULL,NULL,NULL,0,0,0);
INSERT INTO "event_quest_live_m" VALUES(500244,115,NULL,NULL,NULL,NULL,NULL,NULL,0,0,0);
INSERT INTO "event_quest_live_m" VALUES(500245,243,NULL,NULL,NULL,NULL,NULL,NULL,0,0,0);
INSERT INTO "event_quest_live_m" VALUES(500246,244,NULL,NULL,NULL,NULL,NULL,NULL,0,0,0);
INSERT INTO "event_quest_live_m" VALUES(500247,245,NULL,NULL,NULL,NULL,NULL,NULL,0,0,0);
INSERT INTO "event_quest_live_m" VALUES(500248,537,NULL,NULL,NULL,NULL,NULL,NULL,0,0,0);
INSERT INTO "event_quest_live_m" VALUES(500249,415,NULL,NULL,NULL,NULL,NULL,NULL,0,0,0);
INSERT INTO "event_quest_live_m" VALUES(500250,416,NULL,NULL,NULL,NULL,NULL,NULL,0,0,0);
INSERT INTO "event_quest_live_m" VALUES(500251,417,NULL,NULL,NULL,NULL,NULL,NULL,0,0,0);
INSERT INTO "event_quest_live_m" VALUES(500252,418,NULL,NULL,NULL,NULL,NULL,NULL,0,0,0);
INSERT INTO "event_quest_live_m" VALUES(500253,254,NULL,NULL,NULL,NULL,NULL,NULL,0,0,0);
INSERT INTO "event_quest_live_m" VALUES(500254,255,NULL,NULL,NULL,NULL,NULL,NULL,0,0,0);
INSERT INTO "event_quest_live_m" VALUES(500255,256,NULL,NULL,NULL,NULL,NULL,NULL,0,0,0);
INSERT INTO "event_quest_live_m" VALUES(500256,538,NULL,NULL,NULL,NULL,NULL,NULL,0,0,0);
INSERT INTO "event_quest_live_m" VALUES(500257,358,NULL,NULL,NULL,NULL,NULL,NULL,0,0,0);
INSERT INTO "event_quest_live_m" VALUES(500258,359,NULL,NULL,NULL,NULL,NULL,NULL,0,0,0);
INSERT INTO "event_quest_live_m" VALUES(500259,360,NULL,NULL,NULL,NULL,NULL,NULL,0,0,0);
INSERT INTO "event_quest_live_m" VALUES(500260,411,NULL,NULL,NULL,NULL,NULL,NULL,0,0,0);
INSERT INTO "event_quest_live_m" VALUES(500261,375,NULL,NULL,NULL,NULL,NULL,NULL,0,0,0);
INSERT INTO "event_quest_live_m" VALUES(500262,376,NULL,NULL,NULL,NULL,NULL,NULL,0,0,0);
INSERT INTO "event_quest_live_m" VALUES(500263,377,NULL,NULL,NULL,NULL,NULL,NULL,0,0,0);
INSERT INTO "event_quest_live_m" VALUES(500264,378,NULL,NULL,NULL,NULL,NULL,NULL,0,0,0);
INSERT INTO "event_quest_live_m" VALUES(500265,412,NULL,NULL,NULL,NULL,NULL,NULL,0,0,0);
INSERT INTO "event_quest_live_m" VALUES(500266,413,NULL,NULL,NULL,NULL,NULL,NULL,0,0,0);
INSERT INTO "event_quest_live_m" VALUES(500267,414,NULL,NULL,NULL,NULL,NULL,NULL,0,0,0);
INSERT INTO "event_quest_live_m" VALUES(500268,552,NULL,NULL,NULL,NULL,NULL,NULL,0,0,0);
INSERT INTO "event_quest_live_m" VALUES(500269,199,NULL,NULL,NULL,NULL,NULL,NULL,0,0,0);
INSERT INTO "event_quest_live_m" VALUES(500270,200,NULL,NULL,NULL,NULL,NULL,NULL,0,0,0);
INSERT INTO "event_quest_live_m" VALUES(500271,201,NULL,NULL,NULL,NULL,NULL,NULL,0,0,0);
INSERT INTO "event_quest_live_m" VALUES(500272,246,NULL,NULL,NULL,NULL,NULL,NULL,0,0,0);
INSERT INTO "event_quest_live_m" VALUES(500273,277,NULL,NULL,NULL,NULL,NULL,NULL,0,0,0);
INSERT INTO "event_quest_live_m" VALUES(500274,278,NULL,NULL,NULL,NULL,NULL,NULL,0,0,0);
INSERT INTO "event_quest_live_m" VALUES(500275,279,NULL,NULL,NULL,NULL,NULL,NULL,0,0,0);
INSERT INTO "event_quest_live_m" VALUES(500276,344,NULL,NULL,NULL,NULL,NULL,NULL,0,0,0);
INSERT INTO "event_quest_live_m" VALUES(500277,467,NULL,NULL,NULL,NULL,NULL,NULL,0,0,0);
INSERT INTO "event_quest_live_m" VALUES(500278,468,NULL,NULL,NULL,NULL,NULL,NULL,0,0,0);
INSERT INTO "event_quest_live_m" VALUES(500279,469,NULL,NULL,NULL,NULL,NULL,NULL,0,0,0);
INSERT INTO "event_quest_live_m" VALUES(500280,531,NULL,NULL,NULL,NULL,NULL,NULL,0,0,0);
INSERT INTO "event_quest_live_m" VALUES(500281,230,NULL,NULL,NULL,NULL,NULL,NULL,0,0,0);
INSERT INTO "event_quest_live_m" VALUES(500282,231,NULL,NULL,NULL,NULL,NULL,NULL,0,0,0);
INSERT INTO "event_quest_live_m" VALUES(500283,232,NULL,NULL,NULL,NULL,NULL,NULL,0,0,0);
INSERT INTO "event_quest_live_m" VALUES(500284,276,NULL,NULL,NULL,NULL,NULL,NULL,0,0,0);
INSERT INTO "event_quest_live_m" VALUES(500285,137,NULL,NULL,NULL,NULL,NULL,NULL,0,0,0);
INSERT INTO "event_quest_live_m" VALUES(500286,138,NULL,NULL,NULL,NULL,NULL,NULL,0,0,0);
INSERT INTO "event_quest_live_m" VALUES(500287,139,NULL,NULL,NULL,NULL,NULL,NULL,0,0,0);
INSERT INTO "event_quest_live_m" VALUES(500288,185,NULL,NULL,NULL,NULL,NULL,NULL,0,0,0);
INSERT INTO "event_quest_live_m" VALUES(500289,280,NULL,NULL,NULL,NULL,NULL,NULL,0,0,0);
INSERT INTO "event_quest_live_m" VALUES(500290,281,NULL,NULL,NULL,NULL,NULL,NULL,0,0,0);
INSERT INTO "event_quest_live_m" VALUES(500291,282,NULL,NULL,NULL,NULL,NULL,NULL,0,0,0);
INSERT INTO "event_quest_live_m" VALUES(500292,283,NULL,NULL,NULL,NULL,NULL,NULL,0,0,0);
INSERT INTO "event_quest_live_m" VALUES(500293,436,NULL,NULL,NULL,NULL,NULL,NULL,0,0,0);
INSERT INTO "event_quest_live_m" VALUES(500294,437,NULL,NULL,NULL,NULL,NULL,NULL,0,0,0);
INSERT INTO "event_quest_live_m" VALUES(500295,438,NULL,NULL,NULL,NULL,NULL,NULL,0,0,0);
INSERT INTO "event_quest_live_m" VALUES(500296,553,NULL,NULL,NULL,NULL,NULL,NULL,0,0,0);
INSERT INTO "event_quest_live_m" VALUES(500297,72,NULL,NULL,NULL,NULL,NULL,NULL,0,0,0);
INSERT INTO "event_quest_live_m" VALUES(500298,73,NULL,NULL,NULL,NULL,NULL,NULL,0,0,0);
INSERT INTO "event_quest_live_m" VALUES(500299,74,NULL,NULL,NULL,NULL,NULL,NULL,0,0,0);
INSERT INTO "event_quest_live_m" VALUES(500300,109,NULL,NULL,NULL,NULL,NULL,NULL,0,0,0);
INSERT INTO "event_quest_live_m" VALUES(500301,971,NULL,NULL,NULL,NULL,NULL,NULL,0,1,0);
INSERT INTO "event_quest_live_m" VALUES(500302,972,NULL,NULL,NULL,NULL,NULL,NULL,0,1,0);
INSERT INTO "event_quest_live_m" VALUES(500303,973,NULL,NULL,NULL,NULL,NULL,NULL,0,1,0);
INSERT INTO "event_quest_live_m" VALUES(500304,974,NULL,NULL,NULL,NULL,NULL,NULL,0,1,0);
INSERT INTO "event_quest_live_m" VALUES(500305,901,NULL,NULL,NULL,NULL,NULL,NULL,0,1,0);
INSERT INTO "event_quest_live_m" VALUES(500306,902,NULL,NULL,NULL,NULL,NULL,NULL,0,1,0);
INSERT INTO "event_quest_live_m" VALUES(500307,903,NULL,NULL,NULL,NULL,NULL,NULL,0,1,0);
INSERT INTO "event_quest_live_m" VALUES(500308,904,NULL,NULL,NULL,NULL,NULL,NULL,0,1,0);
INSERT INTO "event_quest_live_m" VALUES(500309,897,NULL,NULL,NULL,NULL,NULL,NULL,0,1,0);
INSERT INTO "event_quest_live_m" VALUES(500310,898,NULL,NULL,NULL,NULL,NULL,NULL,0,1,0);
INSERT INTO "event_quest_live_m" VALUES(500311,899,NULL,NULL,NULL,NULL,NULL,NULL,0,1,0);
INSERT INTO "event_quest_live_m" VALUES(500312,900,NULL,NULL,NULL,NULL,NULL,NULL,0,1,0);
CREATE TABLE `event_quest_main_live_m` (
    `event_quest_pin_id` INTEGER NOT NULL,
    `difficulty` INTEGER NOT NULL,
    `live_difficulty_id` INTEGER NOT NULL,
    PRIMARY KEY (`event_quest_pin_id`,`difficulty`)
);
CREATE TABLE `event_quest_main_m` (
    `event_quest_pin_id` INTEGER NOT NULL,
    `scenario_event_point` INTEGER NOT NULL,
    `scenario_event_seal_1` INTEGER NOT NULL,
    `scenario_event_seal_2` INTEGER NOT NULL,
    `scenario_event_seal_3` INTEGER NOT NULL,
    `scenario_event_seal_4` INTEGER NOT NULL,
    `event_scenario_id` INTEGER NOT NULL,
    `event_scenario_setting_id` INTEGER,
    `preset_deck_id` INTEGER,
    `is_random_live` INTEGER,
    `attribute_id` INTEGER,
    `chapter` INTEGER,
    `description` TEXT,
    `release_tag` TEXT, `_encryption_release_id` INTEGER NULL,
    PRIMARY KEY (`event_quest_pin_id`)
);
INSERT INTO "event_quest_main_m" VALUES(1,50,0,0,0,0,46,NULL,NULL,NULL,NULL,0,'Aqoursに新聞社から連絡が…！？',NULL,NULL);
INSERT INTO "event_quest_main_m" VALUES(2,150,0,0,0,0,47,NULL,NULL,NULL,NULL,1,'記事に載せてもらう撮影場所をさがす9人',NULL,NULL);
INSERT INTO "event_quest_main_m" VALUES(3,200,0,0,0,0,48,NULL,NULL,NULL,NULL,2,'部室を出て体育館に来たAqoursだったが…',NULL,NULL);
INSERT INTO "event_quest_main_m" VALUES(4,200,0,0,0,0,49,NULL,NULL,NULL,NULL,3,'梨子ちゃんが曲作りをする場所とは…！？',NULL,NULL);
INSERT INTO "event_quest_main_m" VALUES(5,200,0,0,0,0,50,NULL,NULL,NULL,NULL,4,'ついに見つけたAqoursにピッタリの撮影場所とは…！？',NULL,NULL);
INSERT INTO "event_quest_main_m" VALUES(6,200,0,0,0,0,51,NULL,NULL,NULL,NULL,5,'善子が指差した先にあった撮影場所とは…！？',NULL,NULL);
INSERT INTO "event_quest_main_m" VALUES(8,50,0,0,0,0,52,NULL,NULL,NULL,NULL,0,'沼津の一大イベントといえば…',NULL,NULL);
INSERT INTO "event_quest_main_m" VALUES(9,150,0,0,0,0,53,NULL,NULL,NULL,NULL,1,'梨子と果南は何を飲んでいるのか？',NULL,NULL);
INSERT INTO "event_quest_main_m" VALUES(10,200,0,0,0,0,54,NULL,NULL,NULL,NULL,2,'本屋を探索！そこで見つけたのは……',NULL,NULL);
INSERT INTO "event_quest_main_m" VALUES(11,200,0,0,0,0,55,NULL,NULL,NULL,NULL,3,'ルビィ、ダイヤ、鞠莉を発見！しかし……',NULL,NULL);
INSERT INTO "event_quest_main_m" VALUES(12,200,0,0,0,0,56,NULL,NULL,NULL,NULL,4,'残るメンバーは善子。花火大会開始の時間が迫る……',NULL,NULL);
INSERT INTO "event_quest_main_m" VALUES(13,200,0,0,0,0,57,NULL,NULL,NULL,NULL,5,'次々上がる花火に盛り上がる9人',NULL,NULL);
INSERT INTO "event_quest_main_m" VALUES(14,0,0,0,0,0,58,NULL,NULL,NULL,NULL,6,'花火大会の余韻に浸るメンバーに鞠莉が提案した事とは！？',NULL,NULL);
INSERT INTO "event_quest_main_m" VALUES(23,50,0,0,0,0,74,NULL,NULL,NULL,NULL,0,'曜と梨子に翌日の予定を尋ねる千歌',NULL,NULL);
INSERT INTO "event_quest_main_m" VALUES(24,50,0,0,0,0,75,NULL,NULL,NULL,NULL,1,'スタンプラリー1か所目はセイウチの水槽！',NULL,NULL);
INSERT INTO "event_quest_main_m" VALUES(25,100,0,0,0,0,76,NULL,NULL,NULL,NULL,2,'生まれ変わったらクラゲになりたい？',NULL,NULL);
INSERT INTO "event_quest_main_m" VALUES(26,100,0,0,0,0,77,NULL,NULL,NULL,NULL,3,'フクロウとカワウソの姿に癒される9人',NULL,NULL);
INSERT INTO "event_quest_main_m" VALUES(27,150,0,0,0,0,78,NULL,NULL,NULL,NULL,4,'美しい景色に魅入る梨子。しかし他の8人は……',NULL,NULL);
INSERT INTO "event_quest_main_m" VALUES(28,150,0,0,0,0,79,NULL,NULL,NULL,NULL,5,'昼食を済ませた9人。それぞれが気ままに動き出して……',NULL,NULL);
INSERT INTO "event_quest_main_m" VALUES(29,200,0,0,0,0,80,NULL,NULL,NULL,NULL,6,'フラミンゴの羽は何色か？',NULL,NULL);
INSERT INTO "event_quest_main_m" VALUES(30,200,0,0,0,0,81,NULL,NULL,NULL,NULL,7,'水族館を満喫した9人。でも何か忘れてる……？',NULL,NULL);
INSERT INTO "event_quest_main_m" VALUES(31,0,0,0,0,0,82,NULL,NULL,NULL,NULL,8,'うちっちーが見送りに来てくれた！',NULL,NULL);
INSERT INTO "event_quest_main_m" VALUES(40,50,0,0,0,0,83,NULL,NULL,NULL,NULL,0,'淡島へのチケット売り場に集合するAqours。その訳は……',NULL,NULL);
INSERT INTO "event_quest_main_m" VALUES(41,50,0,0,0,0,84,NULL,NULL,NULL,NULL,1,'淡島に到着。今日は記念すべき日になりそう？',NULL,NULL);
INSERT INTO "event_quest_main_m" VALUES(42,100,0,0,0,0,85,NULL,NULL,NULL,NULL,2,'千歌達の到着を待つ淡島住人の2人。',NULL,NULL);
INSERT INTO "event_quest_main_m" VALUES(43,100,0,0,0,0,86,NULL,NULL,NULL,NULL,3,'水族館に行く前に、淡島神社に参拝しよう。',NULL,NULL);
INSERT INTO "event_quest_main_m" VALUES(44,150,0,0,0,0,87,NULL,NULL,NULL,NULL,4,'大きな水槽に可愛いペンギン達がいっぱい！',NULL,NULL);
INSERT INTO "event_quest_main_m" VALUES(45,150,0,0,0,0,88,NULL,NULL,NULL,NULL,5,'ふれあい水槽で海の生き物に触ってみよう！',NULL,NULL);
INSERT INTO "event_quest_main_m" VALUES(46,200,0,0,0,0,89,NULL,NULL,NULL,NULL,6,'メンバーおすすめのお土産はどれ？',NULL,NULL);
INSERT INTO "event_quest_main_m" VALUES(47,200,0,0,0,0,90,NULL,NULL,NULL,NULL,7,'水族館の次に向かうのは……',NULL,NULL);
INSERT INTO "event_quest_main_m" VALUES(48,0,0,0,0,0,91,NULL,NULL,NULL,NULL,8,'淡島巡りを終えた9人。しかし、帰れない……？！',NULL,NULL);
INSERT INTO "event_quest_main_m" VALUES(57,50,0,0,0,0,92,NULL,NULL,NULL,NULL,0,'ライブ後、久しぶりに帰ってきた沼津を堪能する一同',NULL,NULL);
INSERT INTO "event_quest_main_m" VALUES(58,50,0,0,0,0,93,NULL,NULL,NULL,NULL,1,'理事長室へ、鞠莉の仕事のお手伝い',NULL,NULL);
INSERT INTO "event_quest_main_m" VALUES(59,100,0,0,0,0,94,NULL,NULL,NULL,NULL,2,'鞠莉に頼まれた伝言をダイヤに伝えに行こう',NULL,NULL);
INSERT INTO "event_quest_main_m" VALUES(60,100,0,0,0,0,95,NULL,NULL,NULL,NULL,3,'ダイヤに託されたキーホルダーを手に、善子の元へ',NULL,NULL);
INSERT INTO "event_quest_main_m" VALUES(61,150,0,0,0,0,96,NULL,NULL,NULL,NULL,4,'キーホルダーの持ち主を探し、今度は曜の元へ',NULL,NULL);
INSERT INTO "event_quest_main_m" VALUES(62,150,0,0,0,0,97,NULL,NULL,NULL,NULL,5,'キーホルダーをルビィに届けてあげよう',NULL,NULL);
INSERT INTO "event_quest_main_m" VALUES(63,200,0,0,0,0,98,NULL,NULL,NULL,NULL,6,'ルビィにおまんじゅうを託され花丸の元へ',NULL,NULL);
INSERT INTO "event_quest_main_m" VALUES(64,200,0,0,0,0,99,NULL,NULL,NULL,NULL,7,'各地でジョギングしたときの思い出を語る果南と話そう',NULL,NULL);
INSERT INTO "event_quest_main_m" VALUES(65,250,0,0,0,0,100,NULL,NULL,NULL,NULL,8,'改めてピアノへの思いを語る梨子と話そう',NULL,NULL);
INSERT INTO "event_quest_main_m" VALUES(66,250,0,0,0,0,101,NULL,NULL,NULL,NULL,9,'初めての講堂ライブの思い出に浸る千歌と話そう',NULL,NULL);
INSERT INTO "event_quest_main_m" VALUES(67,0,0,0,0,0,102,NULL,NULL,NULL,NULL,10,'福岡でのライブに向けて全力を尽くすことを誓う9人',NULL,NULL);
INSERT INTO "event_quest_main_m" VALUES(76,50,0,0,0,0,103,NULL,NULL,NULL,NULL,0,'ようこそ、私たちの街へ',NULL,NULL);
INSERT INTO "event_quest_main_m" VALUES(77,50,0,0,0,0,104,NULL,NULL,NULL,NULL,1,'UTX学院と言えば、やっぱりあのグループです',NULL,NULL);
INSERT INTO "event_quest_main_m" VALUES(78,100,0,0,0,0,105,NULL,NULL,NULL,NULL,2,'チラシ配りの思い出話に花が咲きます',NULL,NULL);
INSERT INTO "event_quest_main_m" VALUES(79,100,0,0,0,0,106,NULL,NULL,NULL,NULL,3,'みんなの願いごとが叶う場所なんです',NULL,NULL);
INSERT INTO "event_quest_main_m" VALUES(80,150,0,0,0,0,107,NULL,NULL,NULL,NULL,4,'μ''sの基礎体力はここで作られます',NULL,NULL);
INSERT INTO "event_quest_main_m" VALUES(81,150,0,0,0,0,108,NULL,NULL,NULL,NULL,5,'小さな頃の気持ちを思い出してみませんか？',NULL,NULL);
INSERT INTO "event_quest_main_m" VALUES(82,200,0,0,0,0,109,NULL,NULL,NULL,NULL,6,'どれも美味しそうで迷ってしまいます',NULL,NULL);
INSERT INTO "event_quest_main_m" VALUES(83,200,0,0,0,0,110,NULL,NULL,NULL,NULL,7,'ここに来ると話が弾みます',NULL,NULL);
INSERT INTO "event_quest_main_m" VALUES(84,0,0,0,0,0,111,NULL,NULL,NULL,NULL,8,'ここが私たちの学校です',NULL,NULL);
INSERT INTO "event_quest_main_m" VALUES(93,50,0,0,0,0,126,NULL,NULL,NULL,NULL,0,'ライブの余韻はまだまだ持続中です',NULL,NULL);
INSERT INTO "event_quest_main_m" VALUES(94,50,0,0,0,0,127,NULL,NULL,NULL,NULL,1,'2人で歌うカラオケも楽しいのです',NULL,NULL);
INSERT INTO "event_quest_main_m" VALUES(95,100,0,0,0,0,128,NULL,NULL,NULL,NULL,2,'善子ちゃんの堕天使モードが炸裂ずら',NULL,NULL);
INSERT INTO "event_quest_main_m" VALUES(96,100,0,0,0,0,129,NULL,NULL,NULL,NULL,3,'スイーツは別腹です',NULL,NULL);
INSERT INTO "event_quest_main_m" VALUES(97,150,0,0,0,0,130,NULL,NULL,NULL,NULL,4,'楽しい雰囲気の中では、お喋りにも花が咲きます',NULL,NULL);
INSERT INTO "event_quest_main_m" VALUES(98,150,0,0,0,0,131,NULL,NULL,NULL,NULL,5,'お日さまの匂いがするお布団は気持ちが良いのです',NULL,NULL);
INSERT INTO "event_quest_main_m" VALUES(99,200,0,0,0,0,132,NULL,NULL,NULL,NULL,6,'明るいうちのお風呂は至福の時間です',NULL,NULL);
INSERT INTO "event_quest_main_m" VALUES(100,0,0,0,0,0,133,NULL,NULL,NULL,NULL,7,'やっぱりこの景色が落ち着きます',NULL,NULL);
CREATE TABLE `event_quest_map_asset_m` (
    `event_quest_map_asset_id` INTEGER NOT NULL,
    `img_asset` TEXT NOT NULL,
    `release_tag` TEXT, `_encryption_release_id` INTEGER NULL,
    PRIMARY KEY (`event_quest_map_asset_id`)
);
INSERT INTO "event_quest_map_asset_m" VALUES(1,'assets/image/quest/map/q_bg_95.png',NULL,NULL);
INSERT INTO "event_quest_map_asset_m" VALUES(2,'assets/image/quest/map/q_bg.png',NULL,NULL);
INSERT INTO "event_quest_map_asset_m" VALUES(3,'assets/image/quest/map/q_bg.png',NULL,NULL);
INSERT INTO "event_quest_map_asset_m" VALUES(4,'assets/image/quest/map/q_bg.png',NULL,NULL);
INSERT INTO "event_quest_map_asset_m" VALUES(5,'assets/image/quest/map/q_bg.png',NULL,NULL);
INSERT INTO "event_quest_map_asset_m" VALUES(6,'assets/image/quest/map/q_bg.png',NULL,NULL);
INSERT INTO "event_quest_map_asset_m" VALUES(7,'assets/image/quest/map/q_bg.png',NULL,NULL);
CREATE TABLE `event_quest_map_m` (
    `event_quest_map_id` INTEGER NOT NULL,
    `event_quest_map_asset_id` INTEGER NOT NULL,
    `position` INTEGER NOT NULL,
    PRIMARY KEY (`event_quest_map_id`,`event_quest_map_asset_id`)
);
INSERT INTO "event_quest_map_m" VALUES(1,1,1);
INSERT INTO "event_quest_map_m" VALUES(2,2,1);
INSERT INTO "event_quest_map_m" VALUES(3,3,1);
INSERT INTO "event_quest_map_m" VALUES(4,4,1);
INSERT INTO "event_quest_map_m" VALUES(5,5,1);
INSERT INTO "event_quest_map_m" VALUES(6,6,1);
INSERT INTO "event_quest_map_m" VALUES(7,7,1);
CREATE TABLE `event_quest_pin_asset_m` (
    `event_quest_pin_asset_id` INTEGER NOT NULL,
    `enable_asset` TEXT,
    `unlock_asset` TEXT,
    `disable_asset` TEXT,
    `zoom_asset` TEXT,
    `se_asset` TEXT,
    `hidden_asset` TEXT,
    `release_tag` TEXT, `_encryption_release_id` INTEGER NULL,
    PRIMARY KEY (`event_quest_pin_asset_id`)
);
INSERT INTO "event_quest_pin_asset_m" VALUES(1,'assets/image/quest/pin/quest_building_01.png','assets/image/quest/pin/quest_building_01wh.png','assets/image/quest/pin/quest_basic_icon_lock.png',NULL,'assets/image/quest/pin/quest_building_01se.png',NULL,NULL,NULL);
INSERT INTO "event_quest_pin_asset_m" VALUES(2,'assets/image/quest/pin/quest_building_02.png','assets/image/quest/pin/quest_building_02wh.png','assets/image/quest/pin/quest_basic_icon_lock.png',NULL,'assets/image/quest/pin/quest_building_02se.png',NULL,NULL,NULL);
INSERT INTO "event_quest_pin_asset_m" VALUES(3,'assets/image/quest/pin/quest_building_03.png','assets/image/quest/pin/quest_building_03wh.png','assets/image/quest/pin/quest_basic_icon_lock.png',NULL,'assets/image/quest/pin/quest_building_03se.png',NULL,NULL,NULL);
INSERT INTO "event_quest_pin_asset_m" VALUES(4,'assets/image/quest/pin/quest_building_04.png','assets/image/quest/pin/quest_building_04wh.png','assets/image/quest/pin/quest_basic_icon_lock.png',NULL,'assets/image/quest/pin/quest_building_04se.png',NULL,NULL,NULL);
INSERT INTO "event_quest_pin_asset_m" VALUES(5,'assets/image/quest/pin/quest_building_05.png','assets/image/quest/pin/quest_building_05wh.png','assets/image/quest/pin/quest_basic_icon_lock.png',NULL,'assets/image/quest/pin/quest_building_05se.png',NULL,NULL,NULL);
INSERT INTO "event_quest_pin_asset_m" VALUES(6,'assets/image/quest/pin/quest_building_06.png','assets/image/quest/pin/quest_building_06wh.png','assets/image/quest/pin/quest_basic_icon_lock.png',NULL,'assets/image/quest/pin/quest_building_06se.png',NULL,NULL,NULL);
INSERT INTO "event_quest_pin_asset_m" VALUES(7,'assets/image/quest/pin/quest_challenge_building_all.png','assets/image/quest/pin/quest_challenge_building_all_di.png','assets/image/quest/pin/quest_basic_icon_lock.png',NULL,'assets/image/quest/pin/quest_challenge_building_all_se.png',NULL,NULL,NULL);
INSERT INTO "event_quest_pin_asset_m" VALUES(8,'assets/image/quest/pin/quest_building_01.png','assets/image/quest/pin/quest_building_01wh.png','assets/image/quest/pin/quest_basic_icon_lock.png',NULL,'assets/image/quest/pin/quest_building_01.png',NULL,NULL,NULL);
INSERT INTO "event_quest_pin_asset_m" VALUES(9,'assets/image/quest/pin/quest_building_02.png','assets/image/quest/pin/quest_building_02wh.png','assets/image/quest/pin/quest_basic_icon_lock.png',NULL,'assets/image/quest/pin/quest_building_02.png',NULL,NULL,NULL);
INSERT INTO "event_quest_pin_asset_m" VALUES(10,'assets/image/quest/pin/quest_building_03.png','assets/image/quest/pin/quest_building_03wh.png','assets/image/quest/pin/quest_basic_icon_lock.png',NULL,'assets/image/quest/pin/quest_building_03.png',NULL,NULL,NULL);
INSERT INTO "event_quest_pin_asset_m" VALUES(11,'assets/image/quest/pin/quest_building_05.png','assets/image/quest/pin/quest_building_05wh.png','assets/image/quest/pin/quest_basic_icon_lock.png',NULL,'assets/image/quest/pin/quest_building_05.png',NULL,NULL,NULL);
INSERT INTO "event_quest_pin_asset_m" VALUES(12,'assets/image/quest/pin/quest_building_04.png','assets/image/quest/pin/quest_building_04wh.png','assets/image/quest/pin/quest_basic_icon_lock.png',NULL,'assets/image/quest/pin/quest_building_04.png',NULL,NULL,NULL);
INSERT INTO "event_quest_pin_asset_m" VALUES(13,'assets/image/quest/pin/quest_building_07.png','assets/image/quest/pin/quest_building_07wh.png','assets/image/quest/pin/quest_basic_icon_lock.png','assets/image/quest/pin/quest_window_01.png','assets/image/quest/pin/quest_building_07.png',NULL,NULL,NULL);
INSERT INTO "event_quest_pin_asset_m" VALUES(14,'assets/image/quest/pin/quest_building_06.png','assets/image/quest/pin/quest_building_06wh.png','assets/image/quest/pin/quest_basic_icon_lock.png','assets/image/quest/pin/quest_window_02.png','assets/image/quest/pin/quest_building_06.png',NULL,NULL,NULL);
INSERT INTO "event_quest_pin_asset_m" VALUES(15,'assets/image/quest/pin/quest_challenge_building_smile.png','assets/image/quest/pin/quest_challenge_building_smile_wh.png','assets/image/quest/pin/quest_basic_icon_lock.png',NULL,'assets/image/quest/pin/quest_challenge_building_smile.png',NULL,NULL,NULL);
INSERT INTO "event_quest_pin_asset_m" VALUES(16,'assets/image/quest/pin/quest_challenge_building_cool.png','assets/image/quest/pin/quest_challenge_building_cool_wh.png','assets/image/quest/pin/quest_basic_icon_lock.png',NULL,'assets/image/quest/pin/quest_challenge_building_cool.png',NULL,NULL,NULL);
INSERT INTO "event_quest_pin_asset_m" VALUES(17,'assets/image/quest/pin/quest_challenge_building_pure.png','assets/image/quest/pin/quest_challenge_building_pure_wh.png','assets/image/quest/pin/quest_basic_icon_lock.png',NULL,'assets/image/quest/pin/quest_challenge_building_pure.png',NULL,NULL,NULL);
INSERT INTO "event_quest_pin_asset_m" VALUES(18,'assets/image/quest/pin/quest_basic_icon_secret.png','assets/image/quest/pin/quest_basic_icon_secret_wh.png','assets/image/quest/pin/quest_basic_icon_lock.png',NULL,'assets/image/quest/pin/quest_basic_icon_secret.png',NULL,NULL,NULL);
INSERT INTO "event_quest_pin_asset_m" VALUES(19,'assets/image/quest/pin/quest_basic_icon_secret.png','assets/image/quest/pin/quest_basic_icon_secret_wh.png','assets/image/quest/pin/quest_basic_icon_lock.png',NULL,'assets/image/quest/pin/quest_basic_icon_secret.png',NULL,NULL,NULL);
INSERT INTO "event_quest_pin_asset_m" VALUES(20,'assets/image/quest/pin/quest_basic_icon_secret.png','assets/image/quest/pin/quest_basic_icon_secret_wh.png','assets/image/quest/pin/quest_basic_icon_lock.png',NULL,'assets/image/quest/pin/quest_basic_icon_secret.png',NULL,NULL,NULL);
INSERT INTO "event_quest_pin_asset_m" VALUES(21,'assets/image/quest/pin/quest_basic_icon_secret.png','assets/image/quest/pin/quest_basic_icon_secret_wh.png','assets/image/quest/pin/quest_basic_icon_lock.png',NULL,'assets/image/quest/pin/quest_basic_icon_secret.png',NULL,NULL,NULL);
INSERT INTO "event_quest_pin_asset_m" VALUES(22,'assets/image/quest/pin/quest_basic_icon_secret.png','assets/image/quest/pin/quest_basic_icon_secret_wh.png','assets/image/quest/pin/quest_basic_icon_lock.png',NULL,'assets/image/quest/pin/quest_basic_icon_secret.png',NULL,NULL,NULL);
INSERT INTO "event_quest_pin_asset_m" VALUES(23,'assets/image/quest/pin/quest_building_01.png','assets/image/quest/pin/quest_building_01wh.png','assets/image/quest/pin/quest_basic_icon_lock.png','assets/image/quest/pin/quest_window_01.png','assets/image/quest/pin/quest_building_01se.png',NULL,NULL,NULL);
INSERT INTO "event_quest_pin_asset_m" VALUES(24,'assets/image/quest/pin/quest_building_02.png','assets/image/quest/pin/quest_building_02wh.png','assets/image/quest/pin/quest_basic_icon_lock.png',NULL,'assets/image/quest/pin/quest_building_02se.png',NULL,NULL,NULL);
INSERT INTO "event_quest_pin_asset_m" VALUES(25,'assets/image/quest/pin/quest_building_03.png','assets/image/quest/pin/quest_building_03wh.png','assets/image/quest/pin/quest_basic_icon_lock.png',NULL,'assets/image/quest/pin/quest_building_03se.png',NULL,NULL,NULL);
INSERT INTO "event_quest_pin_asset_m" VALUES(26,'assets/image/quest/pin/quest_building_04.png','assets/image/quest/pin/quest_building_04wh.png','assets/image/quest/pin/quest_basic_icon_lock.png',NULL,'assets/image/quest/pin/quest_building_04se.png',NULL,NULL,NULL);
INSERT INTO "event_quest_pin_asset_m" VALUES(27,'assets/image/quest/pin/quest_building_05.png','assets/image/quest/pin/quest_building_05wh.png','assets/image/quest/pin/quest_basic_icon_lock.png',NULL,'assets/image/quest/pin/quest_building_05se.png',NULL,NULL,NULL);
INSERT INTO "event_quest_pin_asset_m" VALUES(28,'assets/image/quest/pin/quest_building_06.png','assets/image/quest/pin/quest_building_06wh.png','assets/image/quest/pin/quest_basic_icon_lock.png',NULL,'assets/image/quest/pin/quest_building_06se.png',NULL,NULL,NULL);
INSERT INTO "event_quest_pin_asset_m" VALUES(29,'assets/image/quest/pin/quest_building_07.png','assets/image/quest/pin/quest_building_07wh.png','assets/image/quest/pin/quest_basic_icon_lock.png',NULL,'assets/image/quest/pin/quest_building_07se.png',NULL,NULL,NULL);
INSERT INTO "event_quest_pin_asset_m" VALUES(30,'assets/image/quest/pin/quest_building_08.png','assets/image/quest/pin/quest_building_08wh.png','assets/image/quest/pin/quest_basic_icon_lock.png',NULL,'assets/image/quest/pin/quest_building_08se.png',NULL,NULL,NULL);
INSERT INTO "event_quest_pin_asset_m" VALUES(31,'assets/image/quest/pin/quest_building_09.png','assets/image/quest/pin/quest_building_09wh.png','assets/image/quest/pin/quest_basic_icon_lock.png',NULL,'assets/image/quest/pin/quest_building_09se.png',NULL,NULL,NULL);
INSERT INTO "event_quest_pin_asset_m" VALUES(32,'assets/image/quest/pin/quest_challenge_building_smile.png','assets/image/quest/pin/quest_challenge_building_smile_wh.png','assets/image/quest/pin/quest_basic_icon_lock.png',NULL,'assets/image/quest/pin/quest_challenge_building_smile_se.png',NULL,NULL,NULL);
INSERT INTO "event_quest_pin_asset_m" VALUES(33,'assets/image/quest/pin/quest_challenge_building_cool.png','assets/image/quest/pin/quest_challenge_building_cool_wh.png','assets/image/quest/pin/quest_basic_icon_lock.png',NULL,'assets/image/quest/pin/quest_challenge_building_cool_se.png',NULL,NULL,NULL);
INSERT INTO "event_quest_pin_asset_m" VALUES(34,'assets/image/quest/pin/quest_challenge_building_pure.png','assets/image/quest/pin/quest_challenge_building_pure_wh.png','assets/image/quest/pin/quest_basic_icon_lock.png',NULL,'assets/image/quest/pin/quest_challenge_building_pure_se.png',NULL,NULL,NULL);
INSERT INTO "event_quest_pin_asset_m" VALUES(35,'assets/image/quest/pin/quest_basic_icon_secret.png','assets/image/quest/pin/quest_basic_icon_secret_wh.png','assets/image/quest/pin/quest_basic_icon_lock.png',NULL,'assets/image/quest/pin/quest_basic_icon_secret_se.png','assets/image/quest/sd/01_110_01.png',NULL,NULL);
INSERT INTO "event_quest_pin_asset_m" VALUES(36,'assets/image/quest/pin/quest_basic_icon_secret.png','assets/image/quest/pin/quest_basic_icon_secret_wh.png','assets/image/quest/pin/quest_basic_icon_lock.png',NULL,'assets/image/quest/pin/quest_basic_icon_secret_se.png','assets/image/quest/sd/01_110_01.png',NULL,NULL);
INSERT INTO "event_quest_pin_asset_m" VALUES(37,'assets/image/quest/pin/quest_basic_icon_secret.png','assets/image/quest/pin/quest_basic_icon_secret_wh.png','assets/image/quest/pin/quest_basic_icon_lock.png',NULL,'assets/image/quest/pin/quest_basic_icon_secret_se.png','assets/image/quest/sd/01_110_01.png',NULL,NULL);
INSERT INTO "event_quest_pin_asset_m" VALUES(38,'assets/image/quest/pin/quest_basic_icon_secret.png','assets/image/quest/pin/quest_basic_icon_secret_wh.png','assets/image/quest/pin/quest_basic_icon_lock.png',NULL,'assets/image/quest/pin/quest_basic_icon_secret_se.png','assets/image/quest/sd/01_110_01.png',NULL,NULL);
INSERT INTO "event_quest_pin_asset_m" VALUES(39,'assets/image/quest/pin/quest_basic_icon_secret.png','assets/image/quest/pin/quest_basic_icon_secret_wh.png','assets/image/quest/pin/quest_basic_icon_lock.png',NULL,'assets/image/quest/pin/quest_basic_icon_secret_se.png','assets/image/quest/sd/01_110_01.png',NULL,NULL);
INSERT INTO "event_quest_pin_asset_m" VALUES(40,'assets/image/quest/pin/quest_building_01.png','assets/image/quest/pin/quest_building_01wh.png','assets/image/quest/pin/quest_basic_icon_lock.png','assets/image/quest/pin/quest_window_01.png','assets/image/quest/pin/quest_building_01se.png',NULL,NULL,NULL);
INSERT INTO "event_quest_pin_asset_m" VALUES(41,'assets/image/quest/pin/quest_building_02.png','assets/image/quest/pin/quest_building_02wh.png','assets/image/quest/pin/quest_basic_icon_lock.png',NULL,'assets/image/quest/pin/quest_building_02se.png',NULL,NULL,NULL);
INSERT INTO "event_quest_pin_asset_m" VALUES(42,'assets/image/quest/pin/quest_building_03.png','assets/image/quest/pin/quest_building_03wh.png','assets/image/quest/pin/quest_basic_icon_lock.png',NULL,'assets/image/quest/pin/quest_building_03se.png',NULL,NULL,NULL);
INSERT INTO "event_quest_pin_asset_m" VALUES(43,'assets/image/quest/pin/quest_building_04.png','assets/image/quest/pin/quest_building_04wh.png','assets/image/quest/pin/quest_basic_icon_lock.png',NULL,'assets/image/quest/pin/quest_building_04se.png',NULL,NULL,NULL);
INSERT INTO "event_quest_pin_asset_m" VALUES(44,'assets/image/quest/pin/quest_building_05.png','assets/image/quest/pin/quest_building_05wh.png','assets/image/quest/pin/quest_basic_icon_lock.png',NULL,'assets/image/quest/pin/quest_building_05se.png',NULL,NULL,NULL);
INSERT INTO "event_quest_pin_asset_m" VALUES(45,'assets/image/quest/pin/quest_building_06.png','assets/image/quest/pin/quest_building_06wh.png','assets/image/quest/pin/quest_basic_icon_lock.png',NULL,'assets/image/quest/pin/quest_building_06se.png',NULL,NULL,NULL);
INSERT INTO "event_quest_pin_asset_m" VALUES(46,'assets/image/quest/pin/quest_building_07.png','assets/image/quest/pin/quest_building_07wh.png','assets/image/quest/pin/quest_basic_icon_lock.png',NULL,'assets/image/quest/pin/quest_building_07se.png',NULL,NULL,NULL);
INSERT INTO "event_quest_pin_asset_m" VALUES(47,'assets/image/quest/pin/quest_building_08.png','assets/image/quest/pin/quest_building_08wh.png','assets/image/quest/pin/quest_basic_icon_lock.png',NULL,'assets/image/quest/pin/quest_building_08se.png',NULL,NULL,NULL);
INSERT INTO "event_quest_pin_asset_m" VALUES(48,'assets/image/quest/pin/quest_building_09.png','assets/image/quest/pin/quest_building_09wh.png','assets/image/quest/pin/quest_basic_icon_lock.png',NULL,'assets/image/quest/pin/quest_building_09se.png',NULL,NULL,NULL);
INSERT INTO "event_quest_pin_asset_m" VALUES(49,'assets/image/quest/pin/quest_challenge_building_smile.png','assets/image/quest/pin/quest_challenge_building_smile_wh.png','assets/image/quest/pin/quest_basic_icon_lock.png',NULL,'assets/image/quest/pin/quest_challenge_building_smile_se.png',NULL,NULL,NULL);
INSERT INTO "event_quest_pin_asset_m" VALUES(50,'assets/image/quest/pin/quest_challenge_building_cool.png','assets/image/quest/pin/quest_challenge_building_cool_wh.png','assets/image/quest/pin/quest_basic_icon_lock.png',NULL,'assets/image/quest/pin/quest_challenge_building_cool_se.png',NULL,NULL,NULL);
INSERT INTO "event_quest_pin_asset_m" VALUES(51,'assets/image/quest/pin/quest_challenge_building_pure.png','assets/image/quest/pin/quest_challenge_building_pure_wh.png','assets/image/quest/pin/quest_basic_icon_lock.png',NULL,'assets/image/quest/pin/quest_challenge_building_pure_se.png',NULL,NULL,NULL);
INSERT INTO "event_quest_pin_asset_m" VALUES(52,'assets/image/quest/pin/quest_basic_icon_secret.png','assets/image/quest/pin/quest_basic_icon_secret_wh.png','assets/image/quest/pin/quest_basic_icon_lock.png',NULL,'assets/image/quest/pin/quest_basic_icon_secret_se.png',NULL,NULL,NULL);
INSERT INTO "event_quest_pin_asset_m" VALUES(53,'assets/image/quest/pin/quest_basic_icon_secret.png','assets/image/quest/pin/quest_basic_icon_secret_wh.png','assets/image/quest/pin/quest_basic_icon_lock.png',NULL,'assets/image/quest/pin/quest_basic_icon_secret_se.png',NULL,NULL,NULL);
INSERT INTO "event_quest_pin_asset_m" VALUES(54,'assets/image/quest/pin/quest_basic_icon_secret.png','assets/image/quest/pin/quest_basic_icon_secret_wh.png','assets/image/quest/pin/quest_basic_icon_lock.png',NULL,'assets/image/quest/pin/quest_basic_icon_secret_se.png',NULL,NULL,NULL);
INSERT INTO "event_quest_pin_asset_m" VALUES(55,'assets/image/quest/pin/quest_basic_icon_secret.png','assets/image/quest/pin/quest_basic_icon_secret_wh.png','assets/image/quest/pin/quest_basic_icon_lock.png',NULL,'assets/image/quest/pin/quest_basic_icon_secret_se.png',NULL,NULL,NULL);
INSERT INTO "event_quest_pin_asset_m" VALUES(56,'assets/image/quest/pin/quest_basic_icon_secret.png','assets/image/quest/pin/quest_basic_icon_secret_wh.png','assets/image/quest/pin/quest_basic_icon_lock.png',NULL,'assets/image/quest/pin/quest_basic_icon_secret_se.png',NULL,NULL,NULL);
INSERT INTO "event_quest_pin_asset_m" VALUES(57,'assets/image/quest/pin/quest_building_01.png','assets/image/quest/pin/quest_building_01wh.png','assets/image/quest/pin/quest_basic_icon_lock.png',NULL,'assets/image/quest/pin/quest_building_01se.png',NULL,NULL,NULL);
INSERT INTO "event_quest_pin_asset_m" VALUES(58,'assets/image/quest/pin/quest_building_02.png','assets/image/quest/pin/quest_building_02wh.png','assets/image/quest/pin/quest_basic_icon_lock.png',NULL,'assets/image/quest/pin/quest_building_02se.png',NULL,NULL,NULL);
INSERT INTO "event_quest_pin_asset_m" VALUES(59,'assets/image/quest/pin/quest_building_03.png','assets/image/quest/pin/quest_building_03wh.png','assets/image/quest/pin/quest_basic_icon_lock.png',NULL,'assets/image/quest/pin/quest_building_03se.png',NULL,NULL,NULL);
INSERT INTO "event_quest_pin_asset_m" VALUES(60,'assets/image/quest/pin/quest_building_04.png','assets/image/quest/pin/quest_building_04wh.png','assets/image/quest/pin/quest_basic_icon_lock.png',NULL,'assets/image/quest/pin/quest_building_04se.png',NULL,NULL,NULL);
INSERT INTO "event_quest_pin_asset_m" VALUES(61,'assets/image/quest/pin/quest_building_05.png','assets/image/quest/pin/quest_building_05wh.png','assets/image/quest/pin/quest_basic_icon_lock.png',NULL,'assets/image/quest/pin/quest_building_05se.png',NULL,NULL,NULL);
INSERT INTO "event_quest_pin_asset_m" VALUES(62,'assets/image/quest/pin/quest_building_06.png','assets/image/quest/pin/quest_building_06wh.png','assets/image/quest/pin/quest_basic_icon_lock.png',NULL,'assets/image/quest/pin/quest_building_06se.png',NULL,NULL,NULL);
INSERT INTO "event_quest_pin_asset_m" VALUES(63,'assets/image/quest/pin/quest_building_07.png','assets/image/quest/pin/quest_building_07wh.png','assets/image/quest/pin/quest_basic_icon_lock.png',NULL,'assets/image/quest/pin/quest_building_07se.png',NULL,NULL,NULL);
INSERT INTO "event_quest_pin_asset_m" VALUES(64,'assets/image/quest/pin/quest_building_08.png','assets/image/quest/pin/quest_building_08wh.png','assets/image/quest/pin/quest_basic_icon_lock.png',NULL,'assets/image/quest/pin/quest_building_08se.png',NULL,NULL,NULL);
INSERT INTO "event_quest_pin_asset_m" VALUES(65,'assets/image/quest/pin/quest_building_09.png','assets/image/quest/pin/quest_building_09wh.png','assets/image/quest/pin/quest_basic_icon_lock.png',NULL,'assets/image/quest/pin/quest_building_09se.png',NULL,NULL,NULL);
INSERT INTO "event_quest_pin_asset_m" VALUES(66,'assets/image/quest/pin/quest_building_10.png','assets/image/quest/pin/quest_building_10wh.png','assets/image/quest/pin/quest_basic_icon_lock.png',NULL,'assets/image/quest/pin/quest_building_10se.png',NULL,NULL,NULL);
INSERT INTO "event_quest_pin_asset_m" VALUES(67,'assets/image/quest/pin/quest_building_11.png','assets/image/quest/pin/quest_building_11wh.png','assets/image/quest/pin/quest_basic_icon_lock.png',NULL,'assets/image/quest/pin/quest_building_11se.png',NULL,NULL,NULL);
INSERT INTO "event_quest_pin_asset_m" VALUES(68,'assets/image/quest/pin/quest_challenge_building_smile.png','assets/image/quest/pin/quest_challenge_building_smile_wh.png','assets/image/quest/pin/quest_basic_icon_lock.png',NULL,'assets/image/quest/pin/quest_challenge_building_smile_se.png',NULL,NULL,NULL);
INSERT INTO "event_quest_pin_asset_m" VALUES(69,'assets/image/quest/pin/quest_challenge_building_pure.png','assets/image/quest/pin/quest_challenge_building_pure_wh.png','assets/image/quest/pin/quest_basic_icon_lock.png',NULL,'assets/image/quest/pin/quest_challenge_building_pure_se.png',NULL,NULL,NULL);
INSERT INTO "event_quest_pin_asset_m" VALUES(70,'assets/image/quest/pin/quest_challenge_building_cool.png','assets/image/quest/pin/quest_challenge_building_cool_wh.png','assets/image/quest/pin/quest_basic_icon_lock.png',NULL,'assets/image/quest/pin/quest_challenge_building_cool_se.png',NULL,NULL,NULL);
INSERT INTO "event_quest_pin_asset_m" VALUES(71,'assets/image/quest/pin/quest_basic_icon_secret.png','assets/image/quest/pin/quest_basic_icon_secret_wh.png','assets/image/quest/pin/quest_basic_icon_lock.png',NULL,'assets/image/quest/pin/quest_basic_icon_secret_se.png',NULL,NULL,NULL);
INSERT INTO "event_quest_pin_asset_m" VALUES(72,'assets/image/quest/pin/quest_basic_icon_secret.png','assets/image/quest/pin/quest_basic_icon_secret_wh.png','assets/image/quest/pin/quest_basic_icon_lock.png',NULL,'assets/image/quest/pin/quest_basic_icon_secret_se.png',NULL,NULL,NULL);
INSERT INTO "event_quest_pin_asset_m" VALUES(73,'assets/image/quest/pin/quest_basic_icon_secret.png','assets/image/quest/pin/quest_basic_icon_secret_wh.png','assets/image/quest/pin/quest_basic_icon_lock.png',NULL,'assets/image/quest/pin/quest_basic_icon_secret_se.png',NULL,NULL,NULL);
INSERT INTO "event_quest_pin_asset_m" VALUES(74,'assets/image/quest/pin/quest_basic_icon_secret.png','assets/image/quest/pin/quest_basic_icon_secret_wh.png','assets/image/quest/pin/quest_basic_icon_lock.png',NULL,'assets/image/quest/pin/quest_basic_icon_secret_se.png',NULL,NULL,NULL);
INSERT INTO "event_quest_pin_asset_m" VALUES(75,'assets/image/quest/pin/quest_basic_icon_secret.png','assets/image/quest/pin/quest_basic_icon_secret_wh.png','assets/image/quest/pin/quest_basic_icon_lock.png',NULL,'assets/image/quest/pin/quest_basic_icon_secret_se.png',NULL,NULL,NULL);
INSERT INTO "event_quest_pin_asset_m" VALUES(76,'assets/image/quest/pin/quest_building_01.png','assets/image/quest/pin/quest_building_01wh.png','assets/image/quest/pin/quest_basic_icon_lock.png',NULL,'assets/image/quest/pin/quest_building_01se.png',NULL,NULL,NULL);
INSERT INTO "event_quest_pin_asset_m" VALUES(77,'assets/image/quest/pin/quest_building_02.png','assets/image/quest/pin/quest_building_02wh.png','assets/image/quest/pin/quest_basic_icon_lock.png',NULL,'assets/image/quest/pin/quest_building_02se.png',NULL,NULL,NULL);
INSERT INTO "event_quest_pin_asset_m" VALUES(78,'assets/image/quest/pin/quest_building_03.png','assets/image/quest/pin/quest_building_03wh.png','assets/image/quest/pin/quest_basic_icon_lock.png',NULL,'assets/image/quest/pin/quest_building_03se.png',NULL,NULL,NULL);
INSERT INTO "event_quest_pin_asset_m" VALUES(79,'assets/image/quest/pin/quest_building_04.png','assets/image/quest/pin/quest_building_04wh.png','assets/image/quest/pin/quest_basic_icon_lock.png',NULL,'assets/image/quest/pin/quest_building_04se.png',NULL,NULL,NULL);
INSERT INTO "event_quest_pin_asset_m" VALUES(80,'assets/image/quest/pin/quest_building_05.png','assets/image/quest/pin/quest_building_05wh.png','assets/image/quest/pin/quest_basic_icon_lock.png',NULL,'assets/image/quest/pin/quest_building_05se.png',NULL,NULL,NULL);
INSERT INTO "event_quest_pin_asset_m" VALUES(81,'assets/image/quest/pin/quest_building_06.png','assets/image/quest/pin/quest_building_06wh.png','assets/image/quest/pin/quest_basic_icon_lock.png',NULL,'assets/image/quest/pin/quest_building_06se.png',NULL,NULL,NULL);
INSERT INTO "event_quest_pin_asset_m" VALUES(82,'assets/image/quest/pin/quest_building_07.png','assets/image/quest/pin/quest_building_07wh.png','assets/image/quest/pin/quest_basic_icon_lock.png','assets/image/quest/pin/quest_window_01.png','assets/image/quest/pin/quest_building_07se.png',NULL,NULL,NULL);
INSERT INTO "event_quest_pin_asset_m" VALUES(83,'assets/image/quest/pin/quest_building_08.png','assets/image/quest/pin/quest_building_08wh.png','assets/image/quest/pin/quest_basic_icon_lock.png',NULL,'assets/image/quest/pin/quest_building_08se.png',NULL,NULL,NULL);
INSERT INTO "event_quest_pin_asset_m" VALUES(84,'assets/image/quest/pin/quest_building_09.png','assets/image/quest/pin/quest_building_09wh.png','assets/image/quest/pin/quest_basic_icon_lock.png','assets/image/quest/pin/quest_window_02.png','assets/image/quest/pin/quest_building_09se.png',NULL,NULL,NULL);
INSERT INTO "event_quest_pin_asset_m" VALUES(85,'assets/image/quest/pin/quest_challenge_building_smile.png','assets/image/quest/pin/quest_challenge_building_smile_wh.png','assets/image/quest/pin/quest_basic_icon_lock.png',NULL,'assets/image/quest/pin/quest_challenge_building_smile_se.png',NULL,NULL,NULL);
INSERT INTO "event_quest_pin_asset_m" VALUES(86,'assets/image/quest/pin/quest_challenge_building_pure.png','assets/image/quest/pin/quest_challenge_building_pure_wh.png','assets/image/quest/pin/quest_basic_icon_lock.png',NULL,'assets/image/quest/pin/quest_challenge_building_pure_se.png',NULL,NULL,NULL);
INSERT INTO "event_quest_pin_asset_m" VALUES(87,'assets/image/quest/pin/quest_challenge_building_cool.png','assets/image/quest/pin/quest_challenge_building_cool_wh.png','assets/image/quest/pin/quest_basic_icon_lock.png',NULL,'assets/image/quest/pin/quest_challenge_building_cool_se.png',NULL,NULL,NULL);
INSERT INTO "event_quest_pin_asset_m" VALUES(88,'assets/image/quest/pin/quest_basic_icon_secret.png','assets/image/quest/pin/quest_basic_icon_secret_wh.png','assets/image/quest/pin/quest_basic_icon_lock.png',NULL,'assets/image/quest/pin/quest_basic_icon_secret_se.png',NULL,NULL,NULL);
INSERT INTO "event_quest_pin_asset_m" VALUES(89,'assets/image/quest/pin/quest_basic_icon_secret.png','assets/image/quest/pin/quest_basic_icon_secret_wh.png','assets/image/quest/pin/quest_basic_icon_lock.png',NULL,'assets/image/quest/pin/quest_basic_icon_secret_se.png',NULL,NULL,NULL);
INSERT INTO "event_quest_pin_asset_m" VALUES(90,'assets/image/quest/pin/quest_basic_icon_secret.png','assets/image/quest/pin/quest_basic_icon_secret_wh.png','assets/image/quest/pin/quest_basic_icon_lock.png',NULL,'assets/image/quest/pin/quest_basic_icon_secret_se.png',NULL,NULL,NULL);
INSERT INTO "event_quest_pin_asset_m" VALUES(91,'assets/image/quest/pin/quest_basic_icon_secret.png','assets/image/quest/pin/quest_basic_icon_secret_wh.png','assets/image/quest/pin/quest_basic_icon_lock.png',NULL,'assets/image/quest/pin/quest_basic_icon_secret_se.png',NULL,NULL,NULL);
INSERT INTO "event_quest_pin_asset_m" VALUES(92,'assets/image/quest/pin/quest_basic_icon_secret.png','assets/image/quest/pin/quest_basic_icon_secret_wh.png','assets/image/quest/pin/quest_basic_icon_lock.png',NULL,'assets/image/quest/pin/quest_basic_icon_secret_se.png',NULL,NULL,NULL);
INSERT INTO "event_quest_pin_asset_m" VALUES(93,'assets/image/quest/pin/quest_building_01.png','assets/image/quest/pin/quest_building_01wh.png','assets/image/quest/pin/quest_basic_icon_lock.png',NULL,'assets/image/quest/pin/quest_building_01se.png',NULL,NULL,NULL);
INSERT INTO "event_quest_pin_asset_m" VALUES(94,'assets/image/quest/pin/quest_building_02.png','assets/image/quest/pin/quest_building_02wh.png','assets/image/quest/pin/quest_basic_icon_lock.png',NULL,'assets/image/quest/pin/quest_building_02se.png',NULL,NULL,NULL);
INSERT INTO "event_quest_pin_asset_m" VALUES(95,'assets/image/quest/pin/quest_building_03.png','assets/image/quest/pin/quest_building_03wh.png','assets/image/quest/pin/quest_basic_icon_lock.png','assets/image/quest/pin/quest_window_01.png','assets/image/quest/pin/quest_building_03se.png',NULL,NULL,NULL);
INSERT INTO "event_quest_pin_asset_m" VALUES(96,'assets/image/quest/pin/quest_building_04.png','assets/image/quest/pin/quest_building_04wh.png','assets/image/quest/pin/quest_basic_icon_lock.png',NULL,'assets/image/quest/pin/quest_building_04se.png',NULL,NULL,NULL);
INSERT INTO "event_quest_pin_asset_m" VALUES(97,'assets/image/quest/pin/quest_building_05.png','assets/image/quest/pin/quest_building_05wh.png','assets/image/quest/pin/quest_basic_icon_lock.png',NULL,'assets/image/quest/pin/quest_building_05se.png',NULL,NULL,NULL);
INSERT INTO "event_quest_pin_asset_m" VALUES(98,'assets/image/quest/pin/quest_building_06.png','assets/image/quest/pin/quest_building_06wh.png','assets/image/quest/pin/quest_basic_icon_lock.png','assets/image/quest/pin/quest_window_02.png','assets/image/quest/pin/quest_building_06se.png',NULL,NULL,NULL);
INSERT INTO "event_quest_pin_asset_m" VALUES(99,'assets/image/quest/pin/quest_building_07.png','assets/image/quest/pin/quest_building_07wh.png','assets/image/quest/pin/quest_basic_icon_lock.png','assets/image/quest/pin/quest_window_02.png','assets/image/quest/pin/quest_building_07se.png',NULL,NULL,NULL);
INSERT INTO "event_quest_pin_asset_m" VALUES(100,'assets/image/quest/pin/quest_building_08.png','assets/image/quest/pin/quest_building_08wh.png','assets/image/quest/pin/quest_basic_icon_lock.png','assets/image/quest/pin/quest_window_03.png','assets/image/quest/pin/quest_building_08se.png',NULL,NULL,NULL);
INSERT INTO "event_quest_pin_asset_m" VALUES(101,'assets/image/quest/pin/quest_challenge_building_smile.png','assets/image/quest/pin/quest_challenge_building_smile_wh.png','assets/image/quest/pin/quest_basic_icon_lock.png',NULL,'assets/image/quest/pin/quest_challenge_building_smile_se.png',NULL,NULL,NULL);
INSERT INTO "event_quest_pin_asset_m" VALUES(102,'assets/image/quest/pin/quest_challenge_building_pure.png','assets/image/quest/pin/quest_challenge_building_pure_wh.png','assets/image/quest/pin/quest_basic_icon_lock.png',NULL,'assets/image/quest/pin/quest_challenge_building_pure_se.png',NULL,NULL,NULL);
INSERT INTO "event_quest_pin_asset_m" VALUES(103,'assets/image/quest/pin/quest_challenge_building_cool.png','assets/image/quest/pin/quest_challenge_building_cool_wh.png','assets/image/quest/pin/quest_basic_icon_lock.png',NULL,'assets/image/quest/pin/quest_challenge_building_cool_se.png',NULL,NULL,NULL);
INSERT INTO "event_quest_pin_asset_m" VALUES(104,'assets/image/quest/pin/quest_basic_icon_secret.png','assets/image/quest/pin/quest_basic_icon_secret_wh.png','assets/image/quest/pin/quest_basic_icon_lock.png',NULL,'assets/image/quest/pin/quest_basic_icon_secret_se.png',NULL,NULL,NULL);
INSERT INTO "event_quest_pin_asset_m" VALUES(105,'assets/image/quest/pin/quest_basic_icon_secret.png','assets/image/quest/pin/quest_basic_icon_secret_wh.png','assets/image/quest/pin/quest_basic_icon_lock.png',NULL,'assets/image/quest/pin/quest_basic_icon_secret_se.png',NULL,NULL,NULL);
INSERT INTO "event_quest_pin_asset_m" VALUES(106,'assets/image/quest/pin/quest_basic_icon_secret.png','assets/image/quest/pin/quest_basic_icon_secret_wh.png','assets/image/quest/pin/quest_basic_icon_lock.png',NULL,'assets/image/quest/pin/quest_basic_icon_secret_se.png',NULL,NULL,NULL);
INSERT INTO "event_quest_pin_asset_m" VALUES(107,'assets/image/quest/pin/quest_basic_icon_secret.png','assets/image/quest/pin/quest_basic_icon_secret_wh.png','assets/image/quest/pin/quest_basic_icon_lock.png',NULL,'assets/image/quest/pin/quest_basic_icon_secret_se.png',NULL,NULL,NULL);
INSERT INTO "event_quest_pin_asset_m" VALUES(108,'assets/image/quest/pin/quest_basic_icon_secret.png','assets/image/quest/pin/quest_basic_icon_secret_wh.png','assets/image/quest/pin/quest_basic_icon_lock.png',NULL,'assets/image/quest/pin/quest_basic_icon_secret_se.png',NULL,NULL,NULL);
CREATE TABLE `event_quest_pin_m` (
    `event_quest_pin_id` INTEGER NOT NULL,
    `event_id` INTEGER NOT NULL,
    `pin_x` INTEGER NOT NULL,
    `pin_y` INTEGER NOT NULL,
    `name` TEXT NOT NULL,
    `pin_order` INTEGER,
    `description` TEXT,
    `event_quest_pin_asset_id` INTEGER,
    `pair_event_quest_pin_id` INTEGER,
    `release_tag` TEXT, `_encryption_release_id` INTEGER NULL,
    PRIMARY KEY (`event_quest_pin_id`)
);
INSERT INTO "event_quest_pin_m" VALUES(1,95,518,206,'教室',0,NULL,1,NULL,NULL,NULL);
INSERT INTO "event_quest_pin_m" VALUES(2,95,254,383,'部室',1,NULL,2,NULL,NULL,NULL);
INSERT INTO "event_quest_pin_m" VALUES(3,95,59,376,'体育館',2,NULL,3,NULL,NULL,NULL);
INSERT INTO "event_quest_pin_m" VALUES(4,95,33,190,'音楽室',3,NULL,4,NULL,NULL,NULL);
INSERT INTO "event_quest_pin_m" VALUES(5,95,445,401,'中庭',4,NULL,5,NULL,NULL,NULL);
INSERT INTO "event_quest_pin_m" VALUES(6,95,261,175,'屋上',5,NULL,6,NULL,NULL,NULL);
INSERT INTO "event_quest_pin_m" VALUES(7,95,682,364,'チャレンジ',NULL,NULL,7,NULL,NULL,NULL);
INSERT INTO "event_quest_pin_m" VALUES(8,105,623,370,'沼津駅',0,NULL,8,NULL,NULL,NULL);
INSERT INTO "event_quest_pin_m" VALUES(9,105,442,516,'やば珈琲店',1,NULL,9,NULL,NULL,NULL);
INSERT INTO "event_quest_pin_m" VALUES(10,105,577,566,'マルサン書店',2,NULL,10,NULL,NULL,NULL);
INSERT INTO "event_quest_pin_m" VALUES(11,105,1326,937,'グランマ',3,NULL,11,NULL,NULL,NULL);
INSERT INTO "event_quest_pin_m" VALUES(12,105,135,471,'ゲーマーズ\n沼津店',4,NULL,12,NULL,NULL,NULL);
INSERT INTO "event_quest_pin_m" VALUES(13,105,1283,418,'香貫山',5,NULL,13,NULL,NULL,NULL);
INSERT INTO "event_quest_pin_m" VALUES(14,105,1354,747,'屋上',999,NULL,14,NULL,NULL,NULL);
INSERT INTO "event_quest_pin_m" VALUES(15,105,445,769,'チャレンジ\nスポット',NULL,NULL,15,NULL,NULL,NULL);
INSERT INTO "event_quest_pin_m" VALUES(16,105,200,319,'チャレンジ\nスポット',NULL,NULL,16,NULL,NULL,NULL);
INSERT INTO "event_quest_pin_m" VALUES(17,105,912,702,'チャレンジ\nスポット',NULL,NULL,17,NULL,NULL,NULL);
INSERT INTO "event_quest_pin_m" VALUES(18,105,104,731,'シークレットスポット',NULL,NULL,18,NULL,NULL,NULL);
INSERT INTO "event_quest_pin_m" VALUES(19,105,1081,267,'シークレットスポット',NULL,NULL,19,NULL,NULL,NULL);
INSERT INTO "event_quest_pin_m" VALUES(20,105,820,412,'シークレットスポット',NULL,NULL,20,NULL,NULL,NULL);
INSERT INTO "event_quest_pin_m" VALUES(21,105,1037,528,'シークレットスポット',NULL,NULL,21,NULL,NULL,NULL);
INSERT INTO "event_quest_pin_m" VALUES(22,105,955,893,'シークレットスポット',NULL,NULL,22,NULL,NULL,NULL);
INSERT INTO "event_quest_pin_m" VALUES(23,112,162,481,'教室',0,NULL,23,NULL,NULL,NULL);
INSERT INTO "event_quest_pin_m" VALUES(24,112,776,729,'セイウチの\n水槽前',1,NULL,24,NULL,NULL,NULL);
INSERT INTO "event_quest_pin_m" VALUES(25,112,1091,627,'クラゲ\n万華鏡水槽',2,NULL,25,NULL,NULL,NULL);
INSERT INTO "event_quest_pin_m" VALUES(26,112,1307,591,'みとしーの森',3,NULL,26,NULL,NULL,NULL);
INSERT INTO "event_quest_pin_m" VALUES(27,112,1149,421,'イルカ\nモニュメント',4,NULL,27,NULL,NULL,NULL);
INSERT INTO "event_quest_pin_m" VALUES(28,112,550,438,'自然飼育場',5,NULL,28,NULL,NULL,NULL);
INSERT INTO "event_quest_pin_m" VALUES(29,112,414,289,'ケープペンギン\nフラミンゴ',6,NULL,29,NULL,NULL,NULL);
INSERT INTO "event_quest_pin_m" VALUES(30,112,932,781,'売店',7,NULL,30,NULL,NULL,NULL);
INSERT INTO "event_quest_pin_m" VALUES(31,112,641,886,'出入口',999,NULL,31,NULL,NULL,NULL);
INSERT INTO "event_quest_pin_m" VALUES(32,112,558,680,'チャレンジ\nスポット',NULL,NULL,32,NULL,NULL,NULL);
INSERT INTO "event_quest_pin_m" VALUES(33,112,1137,952,'チャレンジ\nスポット',NULL,NULL,33,NULL,NULL,NULL);
INSERT INTO "event_quest_pin_m" VALUES(34,112,916,566,'チャレンジ\nスポット',NULL,NULL,34,NULL,NULL,NULL);
INSERT INTO "event_quest_pin_m" VALUES(35,112,1360,1103,'シークレットスポット',NULL,NULL,35,NULL,NULL,NULL);
INSERT INTO "event_quest_pin_m" VALUES(36,112,960,1052,'シークレットスポット',NULL,NULL,36,NULL,NULL,NULL);
INSERT INTO "event_quest_pin_m" VALUES(37,112,726,486,'シークレットスポット',NULL,NULL,37,NULL,NULL,NULL);
INSERT INTO "event_quest_pin_m" VALUES(38,112,345,888,'シークレットスポット',NULL,NULL,38,NULL,NULL,NULL);
INSERT INTO "event_quest_pin_m" VALUES(39,112,104,731,'シークレットスポット',NULL,NULL,39,NULL,NULL,NULL);
INSERT INTO "event_quest_pin_m" VALUES(40,118,1319,1132,'チケット\n売り場',0,NULL,40,NULL,NULL,NULL);
INSERT INTO "event_quest_pin_m" VALUES(41,118,973,962,'船着き場',1,NULL,41,NULL,NULL,NULL);
INSERT INTO "event_quest_pin_m" VALUES(42,118,472,905,'ダイビング\nショップ',2,NULL,42,NULL,NULL,NULL);
INSERT INTO "event_quest_pin_m" VALUES(43,118,143,940,'淡島神社\n参道入口',3,NULL,43,NULL,NULL,NULL);
INSERT INTO "event_quest_pin_m" VALUES(44,118,808,894,'ペンギン\nプール',4,NULL,44,NULL,NULL,NULL);
INSERT INTO "event_quest_pin_m" VALUES(45,118,683,849,'ふれあい水槽',5,NULL,45,NULL,NULL,NULL);
INSERT INTO "event_quest_pin_m" VALUES(46,118,833,699,'ショップ\nしまたろう',6,NULL,46,NULL,NULL,NULL);
INSERT INTO "event_quest_pin_m" VALUES(47,118,1073,416,'Blue Cave',7,NULL,47,NULL,NULL,NULL);
INSERT INTO "event_quest_pin_m" VALUES(48,118,1251,494,'ホテルオハラ',999,NULL,48,NULL,NULL,NULL);
INSERT INTO "event_quest_pin_m" VALUES(49,118,559,596,'チャレンジ\nスポット',NULL,NULL,49,NULL,NULL,NULL);
INSERT INTO "event_quest_pin_m" VALUES(50,118,944,550,'チャレンジ\nスポット',NULL,NULL,50,NULL,NULL,NULL);
INSERT INTO "event_quest_pin_m" VALUES(51,118,147,739,'チャレンジ\nスポット',NULL,NULL,51,NULL,NULL,NULL);
INSERT INTO "event_quest_pin_m" VALUES(52,118,1132,1096,'シークレットスポット',NULL,NULL,52,NULL,NULL,NULL);
INSERT INTO "event_quest_pin_m" VALUES(53,118,1085,619,'シークレットスポット',NULL,NULL,53,NULL,NULL,NULL);
INSERT INTO "event_quest_pin_m" VALUES(54,118,346,679,'シークレットスポット',NULL,NULL,54,NULL,NULL,NULL);
INSERT INTO "event_quest_pin_m" VALUES(55,118,926,369,'シークレットスポット',NULL,NULL,55,NULL,NULL,NULL);
INSERT INTO "event_quest_pin_m" VALUES(56,118,548,383,'シークレットスポット',NULL,NULL,56,NULL,NULL,NULL);
INSERT INTO "event_quest_pin_m" VALUES(57,124,955,1099,'校門',0,NULL,57,NULL,NULL,NULL);
INSERT INTO "event_quest_pin_m" VALUES(58,124,799,816,'理事長室',1,NULL,58,NULL,NULL,NULL);
INSERT INTO "event_quest_pin_m" VALUES(59,124,924,713,'生徒会室',2,NULL,59,NULL,NULL,NULL);
INSERT INTO "event_quest_pin_m" VALUES(60,124,449,486,'屋上',3,NULL,60,NULL,NULL,NULL);
INSERT INTO "event_quest_pin_m" VALUES(61,124,1073,646,'プール',4,NULL,61,NULL,NULL,NULL);
INSERT INTO "event_quest_pin_m" VALUES(62,124,722,622,'教室',5,NULL,62,NULL,NULL,NULL);
INSERT INTO "event_quest_pin_m" VALUES(63,124,199,618,'図書室',6,NULL,63,NULL,NULL,NULL);
INSERT INTO "event_quest_pin_m" VALUES(64,124,570,778,'中庭',7,NULL,64,NULL,NULL,NULL);
INSERT INTO "event_quest_pin_m" VALUES(65,124,337,676,'音楽室',8,NULL,65,NULL,NULL,NULL);
INSERT INTO "event_quest_pin_m" VALUES(66,124,210,849,'体育館',9,NULL,66,NULL,NULL,NULL);
INSERT INTO "event_quest_pin_m" VALUES(67,124,423,875,'部室',999,NULL,67,NULL,NULL,NULL);
INSERT INTO "event_quest_pin_m" VALUES(68,124,754,1020,'チャレンジ\nスポット',NULL,NULL,68,NULL,NULL,NULL);
INSERT INTO "event_quest_pin_m" VALUES(69,124,1255,480,'チャレンジ\nスポット',NULL,NULL,69,NULL,NULL,NULL);
INSERT INTO "event_quest_pin_m" VALUES(70,124,1226,764,'チャレンジ\nスポット',NULL,NULL,70,NULL,NULL,NULL);
INSERT INTO "event_quest_pin_m" VALUES(71,124,857,506,'シークレットスポット',NULL,NULL,71,NULL,NULL,NULL);
INSERT INTO "event_quest_pin_m" VALUES(72,124,1043,453,'シークレットスポット',NULL,NULL,72,NULL,NULL,NULL);
INSERT INTO "event_quest_pin_m" VALUES(73,124,345,1098,'シークレットスポット',NULL,NULL,73,NULL,NULL,NULL);
INSERT INTO "event_quest_pin_m" VALUES(74,124,561,1047,'シークレットスポット',NULL,NULL,74,NULL,NULL,NULL);
INSERT INTO "event_quest_pin_m" VALUES(75,124,1076,959,'シークレットスポット',NULL,NULL,75,NULL,NULL,NULL);
INSERT INTO "event_quest_pin_m" VALUES(76,131,1297,1080,'駅',0,NULL,76,NULL,NULL,NULL);
INSERT INTO "event_quest_pin_m" VALUES(77,131,1136,842,'UTX学院',1,NULL,77,NULL,NULL,NULL);
INSERT INTO "event_quest_pin_m" VALUES(78,131,732,1040,'ゲーマーズ',2,NULL,78,NULL,NULL,NULL);
INSERT INTO "event_quest_pin_m" VALUES(79,131,233,491,'神田明神',3,NULL,79,NULL,NULL,NULL);
INSERT INTO "event_quest_pin_m" VALUES(80,131,33,518,'神田明神男坂',4,NULL,80,NULL,NULL,NULL);
INSERT INTO "event_quest_pin_m" VALUES(81,131,574,606,'公園',5,NULL,81,NULL,NULL,NULL);
INSERT INTO "event_quest_pin_m" VALUES(82,131,151,768,'穂むら',6,NULL,82,NULL,NULL,NULL);
INSERT INTO "event_quest_pin_m" VALUES(83,131,46,1001,'昌平橋',7,NULL,83,NULL,NULL,NULL);
INSERT INTO "event_quest_pin_m" VALUES(84,131,1349,830,'音ノ木坂学院',999,NULL,84,NULL,NULL,NULL);
INSERT INTO "event_quest_pin_m" VALUES(85,131,1016,565,'チャレンジ\nスポット',NULL,NULL,85,NULL,NULL,NULL);
INSERT INTO "event_quest_pin_m" VALUES(86,131,494,1186,'チャレンジ\nスポット',NULL,NULL,86,NULL,NULL,NULL);
INSERT INTO "event_quest_pin_m" VALUES(87,131,1123,1048,'チャレンジ\nスポット',NULL,NULL,87,NULL,NULL,NULL);
INSERT INTO "event_quest_pin_m" VALUES(88,131,861,554,'シークレットスポット',NULL,NULL,88,NULL,NULL,NULL);
INSERT INTO "event_quest_pin_m" VALUES(89,131,957,896,'シークレットスポット',NULL,NULL,89,NULL,NULL,NULL);
INSERT INTO "event_quest_pin_m" VALUES(90,131,682,835,'シークレットスポット',NULL,NULL,90,NULL,NULL,NULL);
INSERT INTO "event_quest_pin_m" VALUES(91,131,422,703,'シークレットスポット',NULL,NULL,91,NULL,NULL,NULL);
INSERT INTO "event_quest_pin_m" VALUES(92,131,242,974,'シークレットスポット',NULL,NULL,92,NULL,NULL,NULL);
INSERT INTO "event_quest_pin_m" VALUES(93,134,580,411,'沼津駅',0,NULL,93,NULL,NULL,NULL);
INSERT INTO "event_quest_pin_m" VALUES(94,134,711,363,'カラオケ\nルーム',1,NULL,94,NULL,NULL,NULL);
INSERT INTO "event_quest_pin_m" VALUES(95,134,1134,1062,'善子の部屋',2,NULL,95,NULL,NULL,NULL);
INSERT INTO "event_quest_pin_m" VALUES(96,134,1325,951,'グランマ',3,NULL,96,NULL,NULL,NULL);
INSERT INTO "event_quest_pin_m" VALUES(97,134,797,733,'商店街',4,NULL,97,NULL,NULL,NULL);
INSERT INTO "event_quest_pin_m" VALUES(98,134,792,1091,'千歌の部屋',5,NULL,98,NULL,NULL,NULL);
INSERT INTO "event_quest_pin_m" VALUES(99,134,792,1091,'千歌の家の\n温泉',6,NULL,99,98,NULL,NULL);
INSERT INTO "event_quest_pin_m" VALUES(100,134,211,1004,'海辺',999,NULL,100,NULL,NULL,NULL);
INSERT INTO "event_quest_pin_m" VALUES(101,134,139,477,'チャレンジ\nスポット',NULL,NULL,101,NULL,NULL,NULL);
INSERT INTO "event_quest_pin_m" VALUES(102,134,1339,691,'チャレンジ\nスポット',NULL,NULL,102,NULL,NULL,NULL);
INSERT INTO "event_quest_pin_m" VALUES(103,134,648,578,'チャレンジ\nスポット',NULL,NULL,103,NULL,NULL,NULL);
INSERT INTO "event_quest_pin_m" VALUES(104,134,864,339,'シークレットスポット',NULL,NULL,104,NULL,NULL,NULL);
INSERT INTO "event_quest_pin_m" VALUES(105,134,424,503,'シークレットスポット',NULL,NULL,105,NULL,NULL,NULL);
INSERT INTO "event_quest_pin_m" VALUES(106,134,459,701,'シークレットスポット',NULL,NULL,106,NULL,NULL,NULL);
INSERT INTO "event_quest_pin_m" VALUES(107,134,926,517,'シークレットスポット',NULL,NULL,107,NULL,NULL,NULL);
INSERT INTO "event_quest_pin_m" VALUES(108,134,631,951,'シークレットスポット',NULL,NULL,108,NULL,NULL,NULL);
CREATE TABLE `event_quest_plate_asset_m` (
    `pin_order` INTEGER NOT NULL,
    `enable_asset` TEXT NOT NULL,
    `se_asset` TEXT NOT NULL,
    `disable_asset` TEXT NOT NULL,
    `release_tag` TEXT, `_encryption_release_id` INTEGER NULL,
    PRIMARY KEY (`pin_order`)
);
INSERT INTO "event_quest_plate_asset_m" VALUES(1,'assets/image/quest/pin/quest_basic_plate_01.png','assets/image/quest/pin/quest_basic_plate_01se.png','assets/image/quest/pin/quest_basic_plate_01di.png',NULL,NULL);
INSERT INTO "event_quest_plate_asset_m" VALUES(2,'assets/image/quest/pin/quest_basic_plate_02.png','assets/image/quest/pin/quest_basic_plate_02se.png','assets/image/quest/pin/quest_basic_plate_02di.png',NULL,NULL);
INSERT INTO "event_quest_plate_asset_m" VALUES(3,'assets/image/quest/pin/quest_basic_plate_03.png','assets/image/quest/pin/quest_basic_plate_03se.png','assets/image/quest/pin/quest_basic_plate_03di.png',NULL,NULL);
INSERT INTO "event_quest_plate_asset_m" VALUES(4,'assets/image/quest/pin/quest_basic_plate_04.png','assets/image/quest/pin/quest_basic_plate_04se.png','assets/image/quest/pin/quest_basic_plate_04di.png',NULL,NULL);
INSERT INTO "event_quest_plate_asset_m" VALUES(5,'assets/image/quest/pin/quest_basic_plate_05.png','assets/image/quest/pin/quest_basic_plate_05se.png','assets/image/quest/pin/quest_basic_plate_05di.png',NULL,NULL);
INSERT INTO "event_quest_plate_asset_m" VALUES(6,'assets/image/quest/pin/quest_basic_plate_06.png','assets/image/quest/pin/quest_basic_plate_06se.png','assets/image/quest/pin/quest_basic_plate_06di.png',NULL,NULL);
INSERT INTO "event_quest_plate_asset_m" VALUES(7,'assets/image/quest/pin/quest_basic_plate_07.png','assets/image/quest/pin/quest_basic_plate_07se.png','assets/image/quest/pin/quest_basic_plate_07di.png',NULL,NULL);
INSERT INTO "event_quest_plate_asset_m" VALUES(8,'assets/image/quest/pin/quest_basic_plate_08.png','assets/image/quest/pin/quest_basic_plate_08se.png','assets/image/quest/pin/quest_basic_plate_08di.png',NULL,NULL);
INSERT INTO "event_quest_plate_asset_m" VALUES(9,'assets/image/quest/pin/quest_basic_plate_09.png','assets/image/quest/pin/quest_basic_plate_09se.png','assets/image/quest/pin/quest_basic_plate_09di.png',NULL,NULL);
CREATE TABLE `event_quest_random_jacket_m` (
    `member_category` INTEGER NOT NULL,
    `img_asset` TEXT NOT NULL,
    `release_tag` TEXT, `_encryption_release_id` INTEGER NULL,
    PRIMARY KEY (`member_category`)
);
INSERT INTO "event_quest_random_jacket_m" VALUES(1,'assets/image/ui/live/l_etc_150.png',NULL,NULL);
INSERT INTO "event_quest_random_jacket_m" VALUES(2,'assets/image/ui/live/l_etc_146.png',NULL,NULL);
COMMIT;
