BEGIN TRANSACTION;
CREATE TABLE `event_marathon_live_m` (
    `live_difficulty_id` INTEGER NOT NULL,
    `live_setting_id` INTEGER NOT NULL,
    `capital_type` INTEGER NOT NULL,
    `capital_value` INTEGER NOT NULL,
    `stage_level` INTEGER,
    `asset_background_id` INTEGER,
    `random_flag` INTEGER NOT NULL,
    `c_rank_complete` INTEGER NOT NULL,
    `b_rank_complete` INTEGER NOT NULL,
    `a_rank_complete` INTEGER NOT NULL,
    `s_rank_complete` INTEGER NOT NULL,
    PRIMARY KEY (`live_difficulty_id`)
);
INSERT INTO "event_marathon_live_m" VALUES(31,31,2,15,NULL,NULL,0,1,5,10,20);
INSERT INTO "event_marathon_live_m" VALUES(32,32,2,30,NULL,NULL,0,5,10,20,40);
INSERT INTO "event_marathon_live_m" VALUES(33,33,2,45,NULL,NULL,0,10,20,40,100);
INSERT INTO "event_marathon_live_m" VALUES(34,34,2,15,2,2,0,1,5,10,20);
INSERT INTO "event_marathon_live_m" VALUES(35,35,2,30,5,5,0,5,10,20,40);
INSERT INTO "event_marathon_live_m" VALUES(36,36,2,45,6,6,0,10,20,40,100);
INSERT INTO "event_marathon_live_m" VALUES(43,43,2,15,NULL,NULL,0,1,5,10,20);
INSERT INTO "event_marathon_live_m" VALUES(44,44,2,30,NULL,NULL,0,5,10,20,40);
INSERT INTO "event_marathon_live_m" VALUES(45,45,2,45,NULL,NULL,0,10,20,40,100);
INSERT INTO "event_marathon_live_m" VALUES(65,65,2,15,NULL,NULL,0,1,5,10,20);
INSERT INTO "event_marathon_live_m" VALUES(66,66,2,30,NULL,NULL,0,5,10,20,40);
INSERT INTO "event_marathon_live_m" VALUES(67,67,2,45,NULL,NULL,0,10,20,40,100);
INSERT INTO "event_marathon_live_m" VALUES(85,85,2,15,NULL,NULL,0,1,5,10,20);
INSERT INTO "event_marathon_live_m" VALUES(86,86,2,30,NULL,NULL,0,5,10,20,40);
INSERT INTO "event_marathon_live_m" VALUES(87,87,2,45,NULL,NULL,0,10,20,40,100);
INSERT INTO "event_marathon_live_m" VALUES(93,90,2,15,NULL,NULL,0,1,5,10,20);
INSERT INTO "event_marathon_live_m" VALUES(94,91,2,30,NULL,NULL,0,5,10,20,40);
INSERT INTO "event_marathon_live_m" VALUES(95,92,2,45,NULL,NULL,0,10,20,40,100);
INSERT INTO "event_marathon_live_m" VALUES(100,97,2,75,NULL,NULL,0,9,12,24,60);
INSERT INTO "event_marathon_live_m" VALUES(101,90,2,60,NULL,NULL,0,1,2,3,5);
INSERT INTO "event_marathon_live_m" VALUES(102,91,2,120,NULL,NULL,0,2,3,5,10);
INSERT INTO "event_marathon_live_m" VALUES(103,92,2,180,NULL,NULL,0,3,5,10,25);
INSERT INTO "event_marathon_live_m" VALUES(105,99,2,15,NULL,NULL,0,1,5,10,20);
INSERT INTO "event_marathon_live_m" VALUES(106,100,2,30,NULL,NULL,0,5,10,20,40);
INSERT INTO "event_marathon_live_m" VALUES(107,101,2,45,NULL,NULL,0,10,20,40,100);
INSERT INTO "event_marathon_live_m" VALUES(108,99,2,60,NULL,NULL,0,1,2,3,5);
INSERT INTO "event_marathon_live_m" VALUES(109,100,2,120,NULL,NULL,0,2,3,5,10);
INSERT INTO "event_marathon_live_m" VALUES(110,101,2,180,NULL,NULL,0,3,5,10,25);
INSERT INTO "event_marathon_live_m" VALUES(111,102,2,75,NULL,NULL,0,9,12,24,60);
INSERT INTO "event_marathon_live_m" VALUES(117,105,2,15,NULL,NULL,0,1,5,10,20);
INSERT INTO "event_marathon_live_m" VALUES(118,106,2,30,NULL,NULL,0,5,10,20,40);
INSERT INTO "event_marathon_live_m" VALUES(119,107,2,45,NULL,NULL,0,10,20,40,100);
INSERT INTO "event_marathon_live_m" VALUES(120,105,2,60,NULL,NULL,0,1,2,3,5);
INSERT INTO "event_marathon_live_m" VALUES(121,106,2,120,NULL,NULL,0,2,3,5,10);
INSERT INTO "event_marathon_live_m" VALUES(122,107,2,180,NULL,NULL,0,3,5,10,25);
INSERT INTO "event_marathon_live_m" VALUES(123,108,2,75,NULL,NULL,0,9,12,24,60);
INSERT INTO "event_marathon_live_m" VALUES(153,117,2,15,NULL,NULL,0,1,5,10,20);
INSERT INTO "event_marathon_live_m" VALUES(154,118,2,30,NULL,NULL,0,5,10,20,40);
INSERT INTO "event_marathon_live_m" VALUES(155,119,2,45,NULL,NULL,0,10,20,40,100);
INSERT INTO "event_marathon_live_m" VALUES(156,117,2,60,NULL,NULL,0,1,2,3,5);
INSERT INTO "event_marathon_live_m" VALUES(157,118,2,120,NULL,NULL,0,2,3,5,10);
INSERT INTO "event_marathon_live_m" VALUES(158,119,2,180,NULL,NULL,0,3,5,10,25);
INSERT INTO "event_marathon_live_m" VALUES(159,120,2,75,NULL,NULL,0,9,12,24,60);
INSERT INTO "event_marathon_live_m" VALUES(263,125,2,15,NULL,NULL,0,1,5,10,20);
INSERT INTO "event_marathon_live_m" VALUES(264,126,2,30,NULL,NULL,0,5,10,20,40);
INSERT INTO "event_marathon_live_m" VALUES(265,127,2,45,NULL,NULL,0,10,20,40,100);
INSERT INTO "event_marathon_live_m" VALUES(266,125,2,60,NULL,NULL,0,1,2,3,5);
INSERT INTO "event_marathon_live_m" VALUES(267,126,2,120,NULL,NULL,0,2,3,5,10);
INSERT INTO "event_marathon_live_m" VALUES(268,127,2,180,NULL,NULL,0,3,5,10,25);
INSERT INTO "event_marathon_live_m" VALUES(269,128,2,75,NULL,NULL,0,9,12,24,60);
INSERT INTO "event_marathon_live_m" VALUES(307,133,2,15,NULL,NULL,0,1,5,10,20);
INSERT INTO "event_marathon_live_m" VALUES(308,134,2,30,NULL,NULL,0,5,10,20,40);
INSERT INTO "event_marathon_live_m" VALUES(309,135,2,45,NULL,NULL,0,10,20,40,100);
INSERT INTO "event_marathon_live_m" VALUES(310,133,2,60,NULL,NULL,0,1,2,3,5);
INSERT INTO "event_marathon_live_m" VALUES(311,134,2,120,NULL,NULL,0,2,3,5,10);
INSERT INTO "event_marathon_live_m" VALUES(312,135,2,180,NULL,NULL,0,3,5,10,25);
INSERT INTO "event_marathon_live_m" VALUES(313,136,2,75,NULL,NULL,0,9,12,24,60);
INSERT INTO "event_marathon_live_m" VALUES(351,141,2,15,NULL,NULL,0,1,5,10,20);
INSERT INTO "event_marathon_live_m" VALUES(352,142,2,30,NULL,NULL,0,5,10,20,40);
INSERT INTO "event_marathon_live_m" VALUES(353,143,2,45,NULL,NULL,0,10,20,40,100);
INSERT INTO "event_marathon_live_m" VALUES(354,141,2,60,NULL,NULL,0,1,2,3,5);
INSERT INTO "event_marathon_live_m" VALUES(355,142,2,120,NULL,NULL,0,2,3,5,10);
INSERT INTO "event_marathon_live_m" VALUES(356,143,2,180,NULL,NULL,0,3,5,10,25);
INSERT INTO "event_marathon_live_m" VALUES(357,144,2,75,NULL,NULL,0,9,12,24,60);
INSERT INTO "event_marathon_live_m" VALUES(394,149,2,15,NULL,NULL,0,1,5,10,20);
INSERT INTO "event_marathon_live_m" VALUES(395,150,2,30,NULL,NULL,0,5,10,20,40);
INSERT INTO "event_marathon_live_m" VALUES(396,151,2,45,NULL,NULL,0,10,20,40,100);
INSERT INTO "event_marathon_live_m" VALUES(397,149,2,60,NULL,NULL,0,1,2,3,5);
INSERT INTO "event_marathon_live_m" VALUES(398,150,2,120,NULL,NULL,0,2,3,5,10);
INSERT INTO "event_marathon_live_m" VALUES(399,151,2,180,NULL,NULL,0,3,5,10,25);
INSERT INTO "event_marathon_live_m" VALUES(400,152,2,75,NULL,NULL,0,9,12,24,60);
INSERT INTO "event_marathon_live_m" VALUES(401,152,2,75,NULL,NULL,1,9,12,24,60);
INSERT INTO "event_marathon_live_m" VALUES(417,157,2,15,NULL,NULL,0,1,5,10,20);
INSERT INTO "event_marathon_live_m" VALUES(418,158,2,30,NULL,NULL,0,5,10,20,40);
INSERT INTO "event_marathon_live_m" VALUES(419,159,2,45,NULL,NULL,0,10,20,40,100);
INSERT INTO "event_marathon_live_m" VALUES(420,157,2,60,NULL,NULL,0,1,2,3,5);
INSERT INTO "event_marathon_live_m" VALUES(421,158,2,120,NULL,NULL,0,2,3,5,10);
INSERT INTO "event_marathon_live_m" VALUES(422,159,2,180,NULL,NULL,0,3,5,10,25);
INSERT INTO "event_marathon_live_m" VALUES(423,160,2,75,NULL,NULL,0,9,12,24,60);
INSERT INTO "event_marathon_live_m" VALUES(424,160,2,75,NULL,NULL,1,9,12,24,60);
INSERT INTO "event_marathon_live_m" VALUES(447,172,2,15,NULL,NULL,0,1,5,10,20);
INSERT INTO "event_marathon_live_m" VALUES(448,173,2,30,NULL,NULL,0,5,10,20,40);
INSERT INTO "event_marathon_live_m" VALUES(449,174,2,45,NULL,NULL,0,10,20,40,100);
INSERT INTO "event_marathon_live_m" VALUES(450,172,2,60,NULL,NULL,0,1,2,3,5);
INSERT INTO "event_marathon_live_m" VALUES(451,173,2,120,NULL,NULL,0,2,3,5,10);
INSERT INTO "event_marathon_live_m" VALUES(452,174,2,180,NULL,NULL,0,3,5,10,25);
INSERT INTO "event_marathon_live_m" VALUES(453,175,2,75,NULL,NULL,0,9,12,24,60);
INSERT INTO "event_marathon_live_m" VALUES(454,175,2,75,11,32,1,9,12,24,60);
INSERT INTO "event_marathon_live_m" VALUES(488,195,2,15,NULL,NULL,0,1,5,10,20);
INSERT INTO "event_marathon_live_m" VALUES(489,196,2,30,NULL,NULL,0,5,10,20,40);
INSERT INTO "event_marathon_live_m" VALUES(490,197,2,45,NULL,NULL,0,10,20,40,100);
INSERT INTO "event_marathon_live_m" VALUES(491,195,2,60,NULL,NULL,0,1,2,3,5);
INSERT INTO "event_marathon_live_m" VALUES(492,196,2,120,NULL,NULL,0,2,3,5,10);
INSERT INTO "event_marathon_live_m" VALUES(493,197,2,180,NULL,NULL,0,3,5,10,25);
INSERT INTO "event_marathon_live_m" VALUES(494,198,2,75,NULL,NULL,0,9,12,24,60);
INSERT INTO "event_marathon_live_m" VALUES(495,198,2,75,NULL,NULL,1,9,12,24,60);
INSERT INTO "event_marathon_live_m" VALUES(512,203,2,15,NULL,NULL,0,1,5,10,20);
INSERT INTO "event_marathon_live_m" VALUES(513,204,2,30,NULL,NULL,0,5,10,20,40);
INSERT INTO "event_marathon_live_m" VALUES(514,205,2,45,NULL,NULL,0,10,20,40,100);
INSERT INTO "event_marathon_live_m" VALUES(515,203,2,60,NULL,NULL,0,1,2,3,5);
INSERT INTO "event_marathon_live_m" VALUES(516,204,2,120,NULL,NULL,0,2,3,5,10);
INSERT INTO "event_marathon_live_m" VALUES(517,205,2,180,NULL,NULL,0,3,5,10,25);
INSERT INTO "event_marathon_live_m" VALUES(518,206,2,75,NULL,NULL,0,9,12,24,60);
INSERT INTO "event_marathon_live_m" VALUES(519,206,2,75,10,10,1,9,12,24,60);
INSERT INTO "event_marathon_live_m" VALUES(541,214,2,15,NULL,NULL,0,1,5,10,20);
INSERT INTO "event_marathon_live_m" VALUES(542,215,2,30,NULL,NULL,0,5,10,20,40);
INSERT INTO "event_marathon_live_m" VALUES(543,216,2,45,NULL,NULL,0,10,20,40,100);
INSERT INTO "event_marathon_live_m" VALUES(544,214,2,60,NULL,NULL,0,1,2,3,5);
INSERT INTO "event_marathon_live_m" VALUES(545,215,2,120,NULL,NULL,0,2,3,5,10);
INSERT INTO "event_marathon_live_m" VALUES(546,216,2,180,NULL,NULL,0,3,5,10,25);
INSERT INTO "event_marathon_live_m" VALUES(547,217,2,75,NULL,NULL,0,9,12,24,60);
INSERT INTO "event_marathon_live_m" VALUES(548,217,2,75,NULL,NULL,1,9,12,24,60);
INSERT INTO "event_marathon_live_m" VALUES(570,226,2,15,NULL,NULL,0,1,5,10,20);
INSERT INTO "event_marathon_live_m" VALUES(571,227,2,30,NULL,NULL,0,5,10,20,40);
INSERT INTO "event_marathon_live_m" VALUES(572,228,2,45,NULL,NULL,0,10,20,40,100);
INSERT INTO "event_marathon_live_m" VALUES(573,226,2,60,NULL,NULL,0,1,2,3,5);
INSERT INTO "event_marathon_live_m" VALUES(574,227,2,120,NULL,NULL,0,2,3,5,10);
INSERT INTO "event_marathon_live_m" VALUES(575,228,2,180,NULL,NULL,0,3,5,10,25);
INSERT INTO "event_marathon_live_m" VALUES(576,229,2,75,NULL,NULL,0,9,12,24,60);
INSERT INTO "event_marathon_live_m" VALUES(577,229,2,75,NULL,NULL,1,9,12,24,60);
INSERT INTO "event_marathon_live_m" VALUES(595,236,2,15,NULL,NULL,0,1,5,10,20);
INSERT INTO "event_marathon_live_m" VALUES(596,237,2,30,NULL,NULL,0,5,10,20,40);
INSERT INTO "event_marathon_live_m" VALUES(597,238,2,45,NULL,NULL,0,10,20,40,100);
INSERT INTO "event_marathon_live_m" VALUES(598,236,2,60,NULL,NULL,0,1,2,3,5);
INSERT INTO "event_marathon_live_m" VALUES(599,237,2,120,NULL,NULL,0,2,3,5,10);
INSERT INTO "event_marathon_live_m" VALUES(600,238,2,180,NULL,NULL,0,3,5,10,25);
INSERT INTO "event_marathon_live_m" VALUES(601,239,2,75,10,10,0,9,12,24,60);
INSERT INTO "event_marathon_live_m" VALUES(602,239,2,75,NULL,NULL,1,9,12,24,60);
INSERT INTO "event_marathon_live_m" VALUES(622,247,2,15,NULL,NULL,0,1,5,10,20);
INSERT INTO "event_marathon_live_m" VALUES(623,248,2,30,NULL,NULL,0,5,10,20,40);
INSERT INTO "event_marathon_live_m" VALUES(624,249,2,45,NULL,NULL,0,10,20,40,100);
INSERT INTO "event_marathon_live_m" VALUES(625,247,2,60,NULL,NULL,0,1,2,3,5);
INSERT INTO "event_marathon_live_m" VALUES(626,248,2,120,NULL,NULL,0,2,3,5,10);
INSERT INTO "event_marathon_live_m" VALUES(627,249,2,180,NULL,NULL,0,3,5,10,25);
INSERT INTO "event_marathon_live_m" VALUES(628,250,2,75,NULL,NULL,0,9,12,24,60);
INSERT INTO "event_marathon_live_m" VALUES(629,250,2,75,NULL,NULL,1,9,12,24,60);
INSERT INTO "event_marathon_live_m" VALUES(653,258,2,15,NULL,NULL,0,1,5,10,20);
INSERT INTO "event_marathon_live_m" VALUES(654,259,2,30,NULL,NULL,0,5,10,20,40);
INSERT INTO "event_marathon_live_m" VALUES(655,260,2,45,NULL,NULL,0,10,20,40,100);
INSERT INTO "event_marathon_live_m" VALUES(656,258,2,60,NULL,NULL,0,1,2,3,5);
INSERT INTO "event_marathon_live_m" VALUES(657,259,2,120,NULL,NULL,0,2,3,5,10);
INSERT INTO "event_marathon_live_m" VALUES(658,260,2,180,NULL,NULL,0,3,5,10,25);
INSERT INTO "event_marathon_live_m" VALUES(659,261,2,75,10,10,0,9,12,24,60);
INSERT INTO "event_marathon_live_m" VALUES(660,261,2,75,NULL,NULL,1,9,12,24,60);
INSERT INTO "event_marathon_live_m" VALUES(682,269,2,15,NULL,NULL,0,1,5,10,20);
INSERT INTO "event_marathon_live_m" VALUES(683,270,2,30,NULL,NULL,0,5,10,20,40);
INSERT INTO "event_marathon_live_m" VALUES(684,271,2,45,NULL,NULL,0,10,20,40,100);
INSERT INTO "event_marathon_live_m" VALUES(685,269,2,60,NULL,NULL,0,1,2,3,5);
INSERT INTO "event_marathon_live_m" VALUES(686,270,2,120,NULL,NULL,0,2,3,5,10);
INSERT INTO "event_marathon_live_m" VALUES(687,271,2,180,NULL,NULL,0,3,5,10,25);
INSERT INTO "event_marathon_live_m" VALUES(688,272,2,75,9,9,0,9,12,24,60);
INSERT INTO "event_marathon_live_m" VALUES(689,272,2,75,NULL,NULL,1,9,12,24,60);
INSERT INTO "event_marathon_live_m" VALUES(710,280,2,15,NULL,NULL,0,1,5,10,20);
INSERT INTO "event_marathon_live_m" VALUES(711,281,2,30,NULL,NULL,0,5,10,20,40);
INSERT INTO "event_marathon_live_m" VALUES(712,282,2,45,NULL,NULL,0,10,20,40,100);
INSERT INTO "event_marathon_live_m" VALUES(713,280,2,60,NULL,NULL,0,1,2,3,5);
INSERT INTO "event_marathon_live_m" VALUES(714,281,2,120,NULL,NULL,0,2,3,5,10);
INSERT INTO "event_marathon_live_m" VALUES(715,282,2,180,NULL,NULL,0,3,5,10,25);
INSERT INTO "event_marathon_live_m" VALUES(716,283,2,75,NULL,NULL,0,9,12,24,60);
INSERT INTO "event_marathon_live_m" VALUES(717,283,2,75,NULL,NULL,1,9,12,24,60);
INSERT INTO "event_marathon_live_m" VALUES(757,307,2,15,NULL,NULL,0,1,5,10,20);
INSERT INTO "event_marathon_live_m" VALUES(758,308,2,30,NULL,NULL,0,5,10,20,40);
INSERT INTO "event_marathon_live_m" VALUES(759,309,2,45,NULL,NULL,0,10,20,40,100);
INSERT INTO "event_marathon_live_m" VALUES(760,307,2,60,NULL,NULL,0,1,2,3,5);
INSERT INTO "event_marathon_live_m" VALUES(761,308,2,120,NULL,NULL,0,2,3,5,10);
INSERT INTO "event_marathon_live_m" VALUES(762,309,2,180,NULL,NULL,0,3,5,10,25);
INSERT INTO "event_marathon_live_m" VALUES(763,310,2,75,NULL,NULL,0,9,12,24,60);
INSERT INTO "event_marathon_live_m" VALUES(764,310,2,75,NULL,NULL,1,9,12,24,60);
INSERT INTO "event_marathon_live_m" VALUES(800,328,2,15,NULL,NULL,0,1,5,10,20);
INSERT INTO "event_marathon_live_m" VALUES(801,329,2,30,NULL,NULL,0,5,10,20,40);
INSERT INTO "event_marathon_live_m" VALUES(802,330,2,45,NULL,NULL,0,10,20,40,100);
INSERT INTO "event_marathon_live_m" VALUES(803,328,2,60,NULL,NULL,0,1,2,3,5);
INSERT INTO "event_marathon_live_m" VALUES(804,329,2,120,NULL,NULL,0,2,3,5,10);
INSERT INTO "event_marathon_live_m" VALUES(805,330,2,180,NULL,NULL,0,3,5,10,25);
INSERT INTO "event_marathon_live_m" VALUES(806,331,2,75,NULL,NULL,0,9,12,24,60);
INSERT INTO "event_marathon_live_m" VALUES(807,331,2,300,NULL,NULL,0,2,3,6,15);
INSERT INTO "event_marathon_live_m" VALUES(808,331,2,75,NULL,NULL,1,9,12,24,60);
INSERT INTO "event_marathon_live_m" VALUES(809,331,2,300,NULL,NULL,1,2,3,6,15);
INSERT INTO "event_marathon_live_m" VALUES(839,345,2,15,NULL,NULL,0,1,5,10,20);
INSERT INTO "event_marathon_live_m" VALUES(840,346,2,30,NULL,NULL,0,5,10,20,40);
INSERT INTO "event_marathon_live_m" VALUES(841,347,2,45,NULL,NULL,0,10,20,40,100);
INSERT INTO "event_marathon_live_m" VALUES(842,345,2,60,NULL,NULL,0,1,2,3,5);
INSERT INTO "event_marathon_live_m" VALUES(843,346,2,120,NULL,NULL,0,2,3,5,10);
INSERT INTO "event_marathon_live_m" VALUES(844,347,2,180,NULL,NULL,0,3,5,10,25);
INSERT INTO "event_marathon_live_m" VALUES(845,348,2,75,NULL,NULL,0,9,12,24,60);
INSERT INTO "event_marathon_live_m" VALUES(846,348,2,300,NULL,NULL,0,2,3,6,15);
INSERT INTO "event_marathon_live_m" VALUES(847,348,2,75,NULL,NULL,1,9,12,24,60);
INSERT INTO "event_marathon_live_m" VALUES(848,348,2,300,NULL,NULL,1,2,3,6,15);
INSERT INTO "event_marathon_live_m" VALUES(875,361,2,15,NULL,NULL,0,1,5,10,20);
INSERT INTO "event_marathon_live_m" VALUES(876,362,2,30,NULL,NULL,0,5,10,20,40);
INSERT INTO "event_marathon_live_m" VALUES(877,363,2,45,NULL,NULL,0,10,20,40,100);
INSERT INTO "event_marathon_live_m" VALUES(878,361,2,60,NULL,NULL,0,1,2,3,5);
INSERT INTO "event_marathon_live_m" VALUES(879,362,2,120,NULL,NULL,0,2,3,5,10);
INSERT INTO "event_marathon_live_m" VALUES(880,363,2,180,NULL,NULL,0,3,5,10,25);
INSERT INTO "event_marathon_live_m" VALUES(881,364,2,75,9,9,0,9,12,24,60);
INSERT INTO "event_marathon_live_m" VALUES(882,364,2,300,9,9,0,2,3,6,15);
INSERT INTO "event_marathon_live_m" VALUES(883,364,2,75,9,9,1,9,12,24,60);
INSERT INTO "event_marathon_live_m" VALUES(884,364,2,300,9,9,1,2,3,6,15);
INSERT INTO "event_marathon_live_m" VALUES(922,375,2,15,NULL,NULL,0,1,5,10,20);
INSERT INTO "event_marathon_live_m" VALUES(923,376,2,30,NULL,NULL,0,5,10,20,40);
INSERT INTO "event_marathon_live_m" VALUES(924,377,2,45,NULL,NULL,0,10,20,40,100);
INSERT INTO "event_marathon_live_m" VALUES(925,375,2,60,NULL,NULL,0,1,2,3,5);
INSERT INTO "event_marathon_live_m" VALUES(926,376,2,120,NULL,NULL,0,2,3,5,10);
INSERT INTO "event_marathon_live_m" VALUES(927,377,2,180,NULL,NULL,0,3,5,10,25);
INSERT INTO "event_marathon_live_m" VALUES(928,378,2,75,NULL,NULL,0,9,12,24,60);
INSERT INTO "event_marathon_live_m" VALUES(929,378,2,300,NULL,NULL,0,2,3,6,15);
INSERT INTO "event_marathon_live_m" VALUES(930,378,2,75,NULL,NULL,1,9,12,24,60);
INSERT INTO "event_marathon_live_m" VALUES(931,378,2,300,NULL,NULL,1,2,3,6,15);
INSERT INTO "event_marathon_live_m" VALUES(962,395,2,15,NULL,NULL,0,1,5,10,20);
INSERT INTO "event_marathon_live_m" VALUES(963,396,2,30,NULL,NULL,0,5,10,20,40);
INSERT INTO "event_marathon_live_m" VALUES(964,397,2,45,NULL,NULL,0,10,20,40,100);
INSERT INTO "event_marathon_live_m" VALUES(965,395,2,60,NULL,NULL,0,1,2,3,5);
INSERT INTO "event_marathon_live_m" VALUES(966,396,2,120,NULL,NULL,0,2,3,5,10);
INSERT INTO "event_marathon_live_m" VALUES(967,397,2,180,NULL,NULL,0,3,5,10,25);
INSERT INTO "event_marathon_live_m" VALUES(968,398,2,75,NULL,NULL,0,9,12,24,60);
INSERT INTO "event_marathon_live_m" VALUES(969,398,2,300,NULL,NULL,0,2,3,6,15);
INSERT INTO "event_marathon_live_m" VALUES(970,10398,2,75,NULL,NULL,1,9,12,24,60);
INSERT INTO "event_marathon_live_m" VALUES(971,10398,2,300,NULL,NULL,1,2,3,6,15);
INSERT INTO "event_marathon_live_m" VALUES(1006,415,2,15,NULL,NULL,0,1,5,10,20);
INSERT INTO "event_marathon_live_m" VALUES(1007,416,2,30,NULL,NULL,0,5,10,20,40);
INSERT INTO "event_marathon_live_m" VALUES(1008,417,2,45,NULL,NULL,0,10,20,40,100);
INSERT INTO "event_marathon_live_m" VALUES(1009,415,2,60,NULL,NULL,0,1,2,3,5);
INSERT INTO "event_marathon_live_m" VALUES(1010,416,2,120,NULL,NULL,0,2,3,5,10);
INSERT INTO "event_marathon_live_m" VALUES(1011,417,2,180,NULL,NULL,0,3,5,10,25);
INSERT INTO "event_marathon_live_m" VALUES(1012,418,2,75,NULL,NULL,0,9,12,24,60);
INSERT INTO "event_marathon_live_m" VALUES(1013,418,2,300,NULL,NULL,0,2,3,6,15);
INSERT INTO "event_marathon_live_m" VALUES(1014,418,2,75,NULL,NULL,1,9,12,24,60);
INSERT INTO "event_marathon_live_m" VALUES(1015,418,2,300,NULL,NULL,1,2,3,6,15);
INSERT INTO "event_marathon_live_m" VALUES(1053,442,2,15,NULL,NULL,0,1,5,10,20);
INSERT INTO "event_marathon_live_m" VALUES(1054,443,2,30,NULL,NULL,0,5,10,20,40);
INSERT INTO "event_marathon_live_m" VALUES(1055,444,2,45,NULL,NULL,0,10,20,40,100);
INSERT INTO "event_marathon_live_m" VALUES(1056,442,2,60,NULL,NULL,0,1,2,3,5);
INSERT INTO "event_marathon_live_m" VALUES(1057,443,2,120,NULL,NULL,0,2,3,5,10);
INSERT INTO "event_marathon_live_m" VALUES(1058,444,2,180,NULL,NULL,0,3,5,10,25);
INSERT INTO "event_marathon_live_m" VALUES(1059,445,2,75,NULL,NULL,0,9,12,24,60);
INSERT INTO "event_marathon_live_m" VALUES(1060,445,2,300,NULL,NULL,0,2,3,6,15);
INSERT INTO "event_marathon_live_m" VALUES(1061,445,2,75,NULL,NULL,1,9,12,24,60);
INSERT INTO "event_marathon_live_m" VALUES(1062,445,2,300,NULL,NULL,1,2,3,6,15);
INSERT INTO "event_marathon_live_m" VALUES(1097,460,2,15,NULL,NULL,0,1,5,10,20);
INSERT INTO "event_marathon_live_m" VALUES(1098,461,2,30,NULL,NULL,0,5,10,20,40);
INSERT INTO "event_marathon_live_m" VALUES(1099,462,2,45,NULL,NULL,0,10,20,40,100);
INSERT INTO "event_marathon_live_m" VALUES(1100,460,2,60,NULL,NULL,0,1,2,3,5);
INSERT INTO "event_marathon_live_m" VALUES(1101,461,2,120,NULL,NULL,0,2,3,5,10);
INSERT INTO "event_marathon_live_m" VALUES(1102,462,2,180,NULL,NULL,0,3,5,10,25);
INSERT INTO "event_marathon_live_m" VALUES(1103,463,2,75,NULL,NULL,0,9,12,24,60);
INSERT INTO "event_marathon_live_m" VALUES(1104,463,2,300,NULL,NULL,0,2,3,6,15);
INSERT INTO "event_marathon_live_m" VALUES(1105,463,2,75,NULL,NULL,1,9,12,24,60);
INSERT INTO "event_marathon_live_m" VALUES(1106,463,2,300,NULL,NULL,1,2,3,6,15);
INSERT INTO "event_marathon_live_m" VALUES(1162,499,2,15,NULL,NULL,0,1,5,10,20);
INSERT INTO "event_marathon_live_m" VALUES(1163,500,2,30,NULL,NULL,0,5,10,20,40);
INSERT INTO "event_marathon_live_m" VALUES(1164,501,2,45,NULL,NULL,0,10,20,40,100);
INSERT INTO "event_marathon_live_m" VALUES(1165,499,2,60,NULL,NULL,0,1,2,3,5);
INSERT INTO "event_marathon_live_m" VALUES(1166,500,2,120,NULL,NULL,0,2,3,5,10);
INSERT INTO "event_marathon_live_m" VALUES(1167,501,2,180,NULL,NULL,0,3,5,10,25);
INSERT INTO "event_marathon_live_m" VALUES(1168,502,2,75,NULL,NULL,0,9,12,24,60);
INSERT INTO "event_marathon_live_m" VALUES(1169,502,2,300,NULL,NULL,0,2,3,6,15);
INSERT INTO "event_marathon_live_m" VALUES(1170,502,2,75,NULL,NULL,1,9,12,24,60);
INSERT INTO "event_marathon_live_m" VALUES(1171,502,2,300,NULL,NULL,1,2,3,6,15);
INSERT INTO "event_marathon_live_m" VALUES(1325,569,2,15,NULL,NULL,0,1,5,10,20);
INSERT INTO "event_marathon_live_m" VALUES(1326,570,2,30,NULL,NULL,0,5,10,20,40);
INSERT INTO "event_marathon_live_m" VALUES(1327,571,2,45,NULL,NULL,0,10,20,40,100);
INSERT INTO "event_marathon_live_m" VALUES(1328,569,2,60,NULL,NULL,0,1,2,3,5);
INSERT INTO "event_marathon_live_m" VALUES(1329,570,2,120,NULL,NULL,0,2,3,5,10);
INSERT INTO "event_marathon_live_m" VALUES(1330,571,2,180,NULL,NULL,0,3,5,10,25);
INSERT INTO "event_marathon_live_m" VALUES(1331,572,2,75,NULL,NULL,0,9,12,24,60);
INSERT INTO "event_marathon_live_m" VALUES(1332,572,2,300,NULL,NULL,0,2,3,6,15);
INSERT INTO "event_marathon_live_m" VALUES(1333,572,2,75,NULL,NULL,1,9,12,24,60);
INSERT INTO "event_marathon_live_m" VALUES(1334,572,2,300,NULL,NULL,1,2,3,6,15);
INSERT INTO "event_marathon_live_m" VALUES(1409,615,2,15,NULL,NULL,0,1,5,10,20);
INSERT INTO "event_marathon_live_m" VALUES(1410,616,2,30,NULL,NULL,0,5,10,20,40);
INSERT INTO "event_marathon_live_m" VALUES(1411,617,2,45,NULL,NULL,0,10,20,40,100);
INSERT INTO "event_marathon_live_m" VALUES(1412,618,2,75,NULL,NULL,0,9,12,24,60);
INSERT INTO "event_marathon_live_m" VALUES(1413,618,2,75,NULL,NULL,1,9,12,24,60);
INSERT INTO "event_marathon_live_m" VALUES(1470,651,2,15,NULL,NULL,0,1,5,10,20);
INSERT INTO "event_marathon_live_m" VALUES(1471,652,2,30,NULL,NULL,0,5,10,20,40);
INSERT INTO "event_marathon_live_m" VALUES(1472,653,2,45,NULL,NULL,0,10,20,40,100);
INSERT INTO "event_marathon_live_m" VALUES(1473,654,2,75,NULL,NULL,0,9,12,24,60);
INSERT INTO "event_marathon_live_m" VALUES(1474,10654,2,75,NULL,NULL,1,9,12,24,60);
INSERT INTO "event_marathon_live_m" VALUES(1539,694,2,15,NULL,NULL,0,1,5,10,20);
INSERT INTO "event_marathon_live_m" VALUES(1540,695,2,30,NULL,NULL,0,5,10,20,40);
INSERT INTO "event_marathon_live_m" VALUES(1541,696,2,45,NULL,NULL,0,10,20,40,100);
INSERT INTO "event_marathon_live_m" VALUES(1542,697,2,75,NULL,NULL,0,9,12,24,60);
INSERT INTO "event_marathon_live_m" VALUES(1543,697,2,75,NULL,NULL,1,9,12,24,60);
INSERT INTO "event_marathon_live_m" VALUES(1620,733,2,15,NULL,NULL,0,1,5,10,20);
INSERT INTO "event_marathon_live_m" VALUES(1621,734,2,30,NULL,NULL,0,5,10,20,40);
INSERT INTO "event_marathon_live_m" VALUES(1622,735,2,45,NULL,NULL,0,10,20,40,100);
INSERT INTO "event_marathon_live_m" VALUES(1623,736,2,75,NULL,NULL,0,9,12,24,60);
INSERT INTO "event_marathon_live_m" VALUES(1624,736,2,75,NULL,NULL,1,9,12,24,60);
INSERT INTO "event_marathon_live_m" VALUES(1699,776,2,15,NULL,NULL,0,1,5,10,20);
INSERT INTO "event_marathon_live_m" VALUES(1700,777,2,30,NULL,NULL,0,5,10,20,40);
INSERT INTO "event_marathon_live_m" VALUES(1701,778,2,45,NULL,NULL,0,10,20,40,100);
INSERT INTO "event_marathon_live_m" VALUES(1702,779,2,75,NULL,NULL,0,9,12,24,60);
INSERT INTO "event_marathon_live_m" VALUES(1703,10779,2,75,NULL,NULL,1,9,12,24,60);
INSERT INTO "event_marathon_live_m" VALUES(1773,813,2,15,NULL,NULL,0,1,5,10,20);
INSERT INTO "event_marathon_live_m" VALUES(1774,814,2,30,NULL,NULL,0,5,10,20,40);
INSERT INTO "event_marathon_live_m" VALUES(1775,815,2,45,NULL,NULL,0,10,20,40,100);
INSERT INTO "event_marathon_live_m" VALUES(1776,816,2,75,NULL,NULL,0,9,12,24,60);
INSERT INTO "event_marathon_live_m" VALUES(1777,816,2,75,NULL,NULL,1,9,12,24,60);
INSERT INTO "event_marathon_live_m" VALUES(1795,834,2,15,NULL,NULL,0,1,5,10,20);
INSERT INTO "event_marathon_live_m" VALUES(1796,835,2,30,NULL,NULL,0,5,10,20,40);
INSERT INTO "event_marathon_live_m" VALUES(1797,836,2,45,NULL,NULL,0,10,20,40,100);
INSERT INTO "event_marathon_live_m" VALUES(1798,837,2,75,NULL,NULL,0,9,12,24,60);
INSERT INTO "event_marathon_live_m" VALUES(1799,837,2,75,NULL,NULL,1,9,12,24,60);
INSERT INTO "event_marathon_live_m" VALUES(1878,890,2,15,NULL,NULL,0,1,5,10,20);
INSERT INTO "event_marathon_live_m" VALUES(1879,891,2,30,NULL,NULL,0,5,10,20,40);
INSERT INTO "event_marathon_live_m" VALUES(1880,892,2,45,NULL,NULL,0,10,20,40,100);
INSERT INTO "event_marathon_live_m" VALUES(1881,893,2,75,NULL,NULL,0,9,12,24,60);
INSERT INTO "event_marathon_live_m" VALUES(1882,893,2,75,NULL,NULL,1,9,12,24,60);
INSERT INTO "event_marathon_live_m" VALUES(1977,929,2,15,NULL,NULL,0,1,5,10,20);
INSERT INTO "event_marathon_live_m" VALUES(1978,930,2,30,NULL,NULL,0,5,10,20,40);
INSERT INTO "event_marathon_live_m" VALUES(1979,931,2,45,NULL,NULL,0,10,20,40,100);
INSERT INTO "event_marathon_live_m" VALUES(1980,932,2,75,NULL,NULL,0,9,12,24,60);
INSERT INTO "event_marathon_live_m" VALUES(1981,932,2,75,NULL,NULL,1,9,12,24,60);
INSERT INTO "event_marathon_live_m" VALUES(2034,961,2,15,NULL,NULL,0,1,5,10,20);
INSERT INTO "event_marathon_live_m" VALUES(2035,962,2,30,NULL,NULL,0,5,10,20,40);
INSERT INTO "event_marathon_live_m" VALUES(2036,963,2,45,NULL,NULL,0,10,20,40,100);
INSERT INTO "event_marathon_live_m" VALUES(2037,964,2,75,NULL,NULL,0,9,12,24,60);
INSERT INTO "event_marathon_live_m" VALUES(2038,964,2,75,NULL,NULL,1,9,12,24,60);
INSERT INTO "event_marathon_live_m" VALUES(2083,991,2,15,NULL,NULL,0,1,5,10,20);
INSERT INTO "event_marathon_live_m" VALUES(2084,992,2,30,NULL,NULL,0,5,10,20,40);
INSERT INTO "event_marathon_live_m" VALUES(2085,993,2,45,NULL,NULL,0,10,20,40,100);
INSERT INTO "event_marathon_live_m" VALUES(2086,994,2,75,NULL,NULL,0,9,12,24,60);
INSERT INTO "event_marathon_live_m" VALUES(2087,994,2,75,NULL,NULL,1,9,12,24,60);
INSERT INTO "event_marathon_live_m" VALUES(2263,1043,2,15,NULL,NULL,0,1,5,10,20);
INSERT INTO "event_marathon_live_m" VALUES(2264,1044,2,30,NULL,NULL,0,5,10,20,40);
INSERT INTO "event_marathon_live_m" VALUES(2265,1045,2,45,NULL,NULL,0,10,20,40,100);
INSERT INTO "event_marathon_live_m" VALUES(2266,1046,2,75,NULL,NULL,0,9,12,24,60);
INSERT INTO "event_marathon_live_m" VALUES(2267,1046,2,75,NULL,NULL,1,9,12,24,60);
INSERT INTO "event_marathon_live_m" VALUES(2593,1116,2,15,NULL,NULL,0,1,5,10,20);
INSERT INTO "event_marathon_live_m" VALUES(2594,1117,2,30,NULL,NULL,0,5,10,20,40);
INSERT INTO "event_marathon_live_m" VALUES(2595,1118,2,45,NULL,NULL,0,10,20,40,100);
INSERT INTO "event_marathon_live_m" VALUES(2596,1119,2,75,NULL,NULL,0,9,12,24,60);
INSERT INTO "event_marathon_live_m" VALUES(2597,11119,2,75,NULL,NULL,1,9,12,24,60);
INSERT INTO "event_marathon_live_m" VALUES(2703,1144,2,15,NULL,NULL,0,1,5,10,20);
INSERT INTO "event_marathon_live_m" VALUES(2704,1145,2,30,NULL,NULL,0,5,10,20,40);
INSERT INTO "event_marathon_live_m" VALUES(2705,1146,2,45,NULL,NULL,0,10,20,40,100);
INSERT INTO "event_marathon_live_m" VALUES(2706,1147,2,75,NULL,NULL,0,9,12,24,60);
INSERT INTO "event_marathon_live_m" VALUES(2707,1147,2,75,NULL,NULL,1,9,12,24,60);
CREATE TABLE `event_marathon_live_schedule_m` (
    `event_id` INTEGER NOT NULL,
    `live_difficulty_id` INTEGER NOT NULL,
    `start_date` TEXT,
    `end_date` TEXT,
    PRIMARY KEY (`event_id`,`live_difficulty_id`)
);
INSERT INTO "event_marathon_live_schedule_m" VALUES(1,34,NULL,NULL);
INSERT INTO "event_marathon_live_schedule_m" VALUES(1,35,NULL,NULL);
INSERT INTO "event_marathon_live_schedule_m" VALUES(1,36,NULL,NULL);
INSERT INTO "event_marathon_live_schedule_m" VALUES(2,43,NULL,NULL);
INSERT INTO "event_marathon_live_schedule_m" VALUES(2,44,NULL,NULL);
INSERT INTO "event_marathon_live_schedule_m" VALUES(2,45,NULL,NULL);
INSERT INTO "event_marathon_live_schedule_m" VALUES(3,65,NULL,NULL);
INSERT INTO "event_marathon_live_schedule_m" VALUES(3,66,NULL,NULL);
INSERT INTO "event_marathon_live_schedule_m" VALUES(3,67,NULL,NULL);
INSERT INTO "event_marathon_live_schedule_m" VALUES(4,34,NULL,NULL);
INSERT INTO "event_marathon_live_schedule_m" VALUES(4,35,NULL,NULL);
INSERT INTO "event_marathon_live_schedule_m" VALUES(4,36,NULL,NULL);
INSERT INTO "event_marathon_live_schedule_m" VALUES(5,43,NULL,NULL);
INSERT INTO "event_marathon_live_schedule_m" VALUES(5,44,NULL,NULL);
INSERT INTO "event_marathon_live_schedule_m" VALUES(5,45,NULL,NULL);
INSERT INTO "event_marathon_live_schedule_m" VALUES(6,31,NULL,NULL);
INSERT INTO "event_marathon_live_schedule_m" VALUES(6,32,NULL,NULL);
INSERT INTO "event_marathon_live_schedule_m" VALUES(6,33,NULL,NULL);
INSERT INTO "event_marathon_live_schedule_m" VALUES(7,85,'2013/08/05 16:00:01',NULL);
INSERT INTO "event_marathon_live_schedule_m" VALUES(7,86,'2013/08/05 16:00:01',NULL);
INSERT INTO "event_marathon_live_schedule_m" VALUES(7,87,'2013/08/05 16:00:01',NULL);
INSERT INTO "event_marathon_live_schedule_m" VALUES(8,93,NULL,NULL);
INSERT INTO "event_marathon_live_schedule_m" VALUES(8,94,NULL,NULL);
INSERT INTO "event_marathon_live_schedule_m" VALUES(8,95,NULL,NULL);
INSERT INTO "event_marathon_live_schedule_m" VALUES(8,100,'2013/08/27 0:00:01',NULL);
INSERT INTO "event_marathon_live_schedule_m" VALUES(8,101,'2013/08/27 0:00:01',NULL);
INSERT INTO "event_marathon_live_schedule_m" VALUES(8,102,'2013/08/27 0:00:01',NULL);
INSERT INTO "event_marathon_live_schedule_m" VALUES(8,103,'2013/08/27 0:00:01',NULL);
INSERT INTO "event_marathon_live_schedule_m" VALUES(9,105,NULL,NULL);
INSERT INTO "event_marathon_live_schedule_m" VALUES(9,106,NULL,NULL);
INSERT INTO "event_marathon_live_schedule_m" VALUES(9,107,NULL,NULL);
INSERT INTO "event_marathon_live_schedule_m" VALUES(9,108,'2013/09/11 0:00:01',NULL);
INSERT INTO "event_marathon_live_schedule_m" VALUES(9,109,'2013/09/11 0:00:01',NULL);
INSERT INTO "event_marathon_live_schedule_m" VALUES(9,110,'2013/09/11 0:00:01',NULL);
INSERT INTO "event_marathon_live_schedule_m" VALUES(9,111,'2013/09/11 0:00:01',NULL);
INSERT INTO "event_marathon_live_schedule_m" VALUES(10,117,NULL,NULL);
INSERT INTO "event_marathon_live_schedule_m" VALUES(10,118,NULL,NULL);
INSERT INTO "event_marathon_live_schedule_m" VALUES(10,119,NULL,NULL);
INSERT INTO "event_marathon_live_schedule_m" VALUES(10,120,'2013/09/26 0:00:01',NULL);
INSERT INTO "event_marathon_live_schedule_m" VALUES(10,121,'2013/09/26 0:00:01',NULL);
INSERT INTO "event_marathon_live_schedule_m" VALUES(10,122,'2013/09/26 0:00:01',NULL);
INSERT INTO "event_marathon_live_schedule_m" VALUES(10,123,'2013/09/26 0:00:01',NULL);
INSERT INTO "event_marathon_live_schedule_m" VALUES(12,153,NULL,NULL);
INSERT INTO "event_marathon_live_schedule_m" VALUES(12,154,NULL,NULL);
INSERT INTO "event_marathon_live_schedule_m" VALUES(12,155,NULL,NULL);
INSERT INTO "event_marathon_live_schedule_m" VALUES(12,156,'2013/10/27 0:00:01',NULL);
INSERT INTO "event_marathon_live_schedule_m" VALUES(12,157,'2013/10/27 0:00:01',NULL);
INSERT INTO "event_marathon_live_schedule_m" VALUES(12,158,'2013/10/27 0:00:01',NULL);
INSERT INTO "event_marathon_live_schedule_m" VALUES(12,159,'2013/10/27 0:00:01',NULL);
INSERT INTO "event_marathon_live_schedule_m" VALUES(14,263,NULL,NULL);
INSERT INTO "event_marathon_live_schedule_m" VALUES(14,264,NULL,NULL);
INSERT INTO "event_marathon_live_schedule_m" VALUES(14,265,NULL,NULL);
INSERT INTO "event_marathon_live_schedule_m" VALUES(14,266,'2013/11/26 0:00:01',NULL);
INSERT INTO "event_marathon_live_schedule_m" VALUES(14,267,'2013/11/26 0:00:01',NULL);
INSERT INTO "event_marathon_live_schedule_m" VALUES(14,268,'2013/11/26 0:00:01',NULL);
INSERT INTO "event_marathon_live_schedule_m" VALUES(14,269,'2013/11/26 0:00:01',NULL);
INSERT INTO "event_marathon_live_schedule_m" VALUES(16,307,NULL,NULL);
INSERT INTO "event_marathon_live_schedule_m" VALUES(16,308,NULL,NULL);
INSERT INTO "event_marathon_live_schedule_m" VALUES(16,309,NULL,NULL);
INSERT INTO "event_marathon_live_schedule_m" VALUES(16,310,'2013/12/27 0:00:01',NULL);
INSERT INTO "event_marathon_live_schedule_m" VALUES(16,311,'2013/12/27 0:00:01',NULL);
INSERT INTO "event_marathon_live_schedule_m" VALUES(16,312,'2013/12/27 0:00:01',NULL);
INSERT INTO "event_marathon_live_schedule_m" VALUES(16,313,'2013/12/27 0:00:01',NULL);
INSERT INTO "event_marathon_live_schedule_m" VALUES(18,351,NULL,NULL);
INSERT INTO "event_marathon_live_schedule_m" VALUES(18,352,NULL,NULL);
INSERT INTO "event_marathon_live_schedule_m" VALUES(18,353,NULL,NULL);
INSERT INTO "event_marathon_live_schedule_m" VALUES(18,354,'2014/01/27 0:00:01',NULL);
INSERT INTO "event_marathon_live_schedule_m" VALUES(18,355,'2014/01/27 0:00:01',NULL);
INSERT INTO "event_marathon_live_schedule_m" VALUES(18,356,'2014/01/27 0:00:01',NULL);
INSERT INTO "event_marathon_live_schedule_m" VALUES(18,357,'2014/01/27 0:00:01',NULL);
INSERT INTO "event_marathon_live_schedule_m" VALUES(20,394,NULL,NULL);
INSERT INTO "event_marathon_live_schedule_m" VALUES(20,395,NULL,NULL);
INSERT INTO "event_marathon_live_schedule_m" VALUES(20,396,NULL,NULL);
INSERT INTO "event_marathon_live_schedule_m" VALUES(20,397,'2014/02/24 0:00:01',NULL);
INSERT INTO "event_marathon_live_schedule_m" VALUES(20,398,'2014/02/24 0:00:01',NULL);
INSERT INTO "event_marathon_live_schedule_m" VALUES(20,399,'2014/02/24 0:00:01',NULL);
INSERT INTO "event_marathon_live_schedule_m" VALUES(20,400,'2014/02/24 0:00:01',NULL);
INSERT INTO "event_marathon_live_schedule_m" VALUES(20,401,'2014/02/24 0:00:01',NULL);
INSERT INTO "event_marathon_live_schedule_m" VALUES(22,417,NULL,NULL);
INSERT INTO "event_marathon_live_schedule_m" VALUES(22,418,NULL,NULL);
INSERT INTO "event_marathon_live_schedule_m" VALUES(22,419,NULL,NULL);
INSERT INTO "event_marathon_live_schedule_m" VALUES(22,420,'2014/03/27 0:00:01',NULL);
INSERT INTO "event_marathon_live_schedule_m" VALUES(22,421,'2014/03/27 0:00:01',NULL);
INSERT INTO "event_marathon_live_schedule_m" VALUES(22,422,'2014/03/27 0:00:01',NULL);
INSERT INTO "event_marathon_live_schedule_m" VALUES(22,423,'2014/03/27 0:00:01',NULL);
INSERT INTO "event_marathon_live_schedule_m" VALUES(22,424,'2014/03/27 0:00:01',NULL);
INSERT INTO "event_marathon_live_schedule_m" VALUES(24,447,NULL,NULL);
INSERT INTO "event_marathon_live_schedule_m" VALUES(24,448,NULL,NULL);
INSERT INTO "event_marathon_live_schedule_m" VALUES(24,449,NULL,NULL);
INSERT INTO "event_marathon_live_schedule_m" VALUES(24,450,'2014/04/26 5:00:01',NULL);
INSERT INTO "event_marathon_live_schedule_m" VALUES(24,451,'2014/04/26 5:00:01',NULL);
INSERT INTO "event_marathon_live_schedule_m" VALUES(24,452,'2014/04/26 5:00:01',NULL);
INSERT INTO "event_marathon_live_schedule_m" VALUES(24,453,'2014/04/26 5:00:01',NULL);
INSERT INTO "event_marathon_live_schedule_m" VALUES(24,454,'2014/04/26 5:00:01',NULL);
INSERT INTO "event_marathon_live_schedule_m" VALUES(26,488,NULL,NULL);
INSERT INTO "event_marathon_live_schedule_m" VALUES(26,489,NULL,NULL);
INSERT INTO "event_marathon_live_schedule_m" VALUES(26,490,NULL,NULL);
INSERT INTO "event_marathon_live_schedule_m" VALUES(26,491,'2014/05/27 5:00:01',NULL);
INSERT INTO "event_marathon_live_schedule_m" VALUES(26,492,'2014/05/27 5:00:01',NULL);
INSERT INTO "event_marathon_live_schedule_m" VALUES(26,493,'2014/05/27 5:00:01',NULL);
INSERT INTO "event_marathon_live_schedule_m" VALUES(26,494,'2014/05/27 5:00:01',NULL);
INSERT INTO "event_marathon_live_schedule_m" VALUES(26,495,'2014/05/27 5:00:01',NULL);
INSERT INTO "event_marathon_live_schedule_m" VALUES(28,512,NULL,NULL);
INSERT INTO "event_marathon_live_schedule_m" VALUES(28,513,NULL,NULL);
INSERT INTO "event_marathon_live_schedule_m" VALUES(28,514,NULL,NULL);
INSERT INTO "event_marathon_live_schedule_m" VALUES(28,515,'2014/06/26 5:00:01',NULL);
INSERT INTO "event_marathon_live_schedule_m" VALUES(28,516,'2014/06/26 5:00:01',NULL);
INSERT INTO "event_marathon_live_schedule_m" VALUES(28,517,'2014/06/26 5:00:01',NULL);
INSERT INTO "event_marathon_live_schedule_m" VALUES(28,518,'2014/06/26 5:00:01',NULL);
INSERT INTO "event_marathon_live_schedule_m" VALUES(28,519,'2014/06/26 5:00:01',NULL);
INSERT INTO "event_marathon_live_schedule_m" VALUES(30,541,NULL,NULL);
INSERT INTO "event_marathon_live_schedule_m" VALUES(30,542,NULL,NULL);
INSERT INTO "event_marathon_live_schedule_m" VALUES(30,543,NULL,NULL);
INSERT INTO "event_marathon_live_schedule_m" VALUES(30,544,'2014/07/27 5:00:01',NULL);
INSERT INTO "event_marathon_live_schedule_m" VALUES(30,545,'2014/07/27 5:00:01',NULL);
INSERT INTO "event_marathon_live_schedule_m" VALUES(30,546,'2014/07/27 5:00:01',NULL);
INSERT INTO "event_marathon_live_schedule_m" VALUES(30,547,'2014/07/27 5:00:01',NULL);
INSERT INTO "event_marathon_live_schedule_m" VALUES(30,548,'2014/07/27 5:00:01',NULL);
INSERT INTO "event_marathon_live_schedule_m" VALUES(32,570,NULL,NULL);
INSERT INTO "event_marathon_live_schedule_m" VALUES(32,571,NULL,NULL);
INSERT INTO "event_marathon_live_schedule_m" VALUES(32,572,NULL,NULL);
INSERT INTO "event_marathon_live_schedule_m" VALUES(32,573,'2014/08/27 0:00:00',NULL);
INSERT INTO "event_marathon_live_schedule_m" VALUES(32,574,'2014/08/27 0:00:00',NULL);
INSERT INTO "event_marathon_live_schedule_m" VALUES(32,575,'2014/08/27 0:00:00',NULL);
INSERT INTO "event_marathon_live_schedule_m" VALUES(32,576,'2014/08/27 0:00:00',NULL);
INSERT INTO "event_marathon_live_schedule_m" VALUES(32,577,'2014/08/27 0:00:00',NULL);
INSERT INTO "event_marathon_live_schedule_m" VALUES(34,595,NULL,NULL);
INSERT INTO "event_marathon_live_schedule_m" VALUES(34,596,NULL,NULL);
INSERT INTO "event_marathon_live_schedule_m" VALUES(34,597,NULL,NULL);
INSERT INTO "event_marathon_live_schedule_m" VALUES(34,598,'2014/09/26 0:00:00',NULL);
INSERT INTO "event_marathon_live_schedule_m" VALUES(34,599,'2014/09/26 0:00:00',NULL);
INSERT INTO "event_marathon_live_schedule_m" VALUES(34,600,'2014/09/26 0:00:00',NULL);
INSERT INTO "event_marathon_live_schedule_m" VALUES(34,601,'2014/09/26 0:00:00',NULL);
INSERT INTO "event_marathon_live_schedule_m" VALUES(34,602,'2014/09/26 0:00:00',NULL);
INSERT INTO "event_marathon_live_schedule_m" VALUES(36,622,NULL,NULL);
INSERT INTO "event_marathon_live_schedule_m" VALUES(36,623,NULL,NULL);
INSERT INTO "event_marathon_live_schedule_m" VALUES(36,624,NULL,NULL);
INSERT INTO "event_marathon_live_schedule_m" VALUES(36,625,'2014/10/27 0:00:00',NULL);
INSERT INTO "event_marathon_live_schedule_m" VALUES(36,626,'2014/10/27 0:00:00',NULL);
INSERT INTO "event_marathon_live_schedule_m" VALUES(36,627,'2014/10/27 0:00:00',NULL);
INSERT INTO "event_marathon_live_schedule_m" VALUES(36,628,'2014/10/27 0:00:00',NULL);
INSERT INTO "event_marathon_live_schedule_m" VALUES(36,629,'2014/10/27 0:00:00',NULL);
INSERT INTO "event_marathon_live_schedule_m" VALUES(38,653,NULL,NULL);
INSERT INTO "event_marathon_live_schedule_m" VALUES(38,654,NULL,NULL);
INSERT INTO "event_marathon_live_schedule_m" VALUES(38,655,NULL,NULL);
INSERT INTO "event_marathon_live_schedule_m" VALUES(38,656,'2014/11/26 0:00:00',NULL);
INSERT INTO "event_marathon_live_schedule_m" VALUES(38,657,'2014/11/26 0:00:00',NULL);
INSERT INTO "event_marathon_live_schedule_m" VALUES(38,658,'2014/11/26 0:00:00',NULL);
INSERT INTO "event_marathon_live_schedule_m" VALUES(38,659,'2014/11/26 0:00:00',NULL);
INSERT INTO "event_marathon_live_schedule_m" VALUES(38,660,'2014/11/26 0:00:00',NULL);
INSERT INTO "event_marathon_live_schedule_m" VALUES(40,682,NULL,NULL);
INSERT INTO "event_marathon_live_schedule_m" VALUES(40,683,NULL,NULL);
INSERT INTO "event_marathon_live_schedule_m" VALUES(40,684,NULL,NULL);
INSERT INTO "event_marathon_live_schedule_m" VALUES(40,685,'2014/12/27 0:00:00',NULL);
INSERT INTO "event_marathon_live_schedule_m" VALUES(40,686,'2014/12/27 0:00:00',NULL);
INSERT INTO "event_marathon_live_schedule_m" VALUES(40,687,'2014/12/27 0:00:00',NULL);
INSERT INTO "event_marathon_live_schedule_m" VALUES(40,688,'2014/12/27 0:00:00',NULL);
INSERT INTO "event_marathon_live_schedule_m" VALUES(40,689,'2014/12/27 0:00:00',NULL);
INSERT INTO "event_marathon_live_schedule_m" VALUES(43,710,NULL,NULL);
INSERT INTO "event_marathon_live_schedule_m" VALUES(43,711,NULL,NULL);
INSERT INTO "event_marathon_live_schedule_m" VALUES(43,712,NULL,NULL);
INSERT INTO "event_marathon_live_schedule_m" VALUES(43,713,'2015/02/11 0:00:00',NULL);
INSERT INTO "event_marathon_live_schedule_m" VALUES(43,714,'2015/02/11 0:00:00',NULL);
INSERT INTO "event_marathon_live_schedule_m" VALUES(43,715,'2015/02/11 0:00:00',NULL);
INSERT INTO "event_marathon_live_schedule_m" VALUES(43,716,'2015/02/11 0:00:00',NULL);
INSERT INTO "event_marathon_live_schedule_m" VALUES(43,717,'2015/02/11 0:00:00',NULL);
INSERT INTO "event_marathon_live_schedule_m" VALUES(46,757,NULL,NULL);
INSERT INTO "event_marathon_live_schedule_m" VALUES(46,758,NULL,NULL);
INSERT INTO "event_marathon_live_schedule_m" VALUES(46,759,NULL,NULL);
INSERT INTO "event_marathon_live_schedule_m" VALUES(46,760,'2015/03/27 0:00:00',NULL);
INSERT INTO "event_marathon_live_schedule_m" VALUES(46,761,'2015/03/27 0:00:00',NULL);
INSERT INTO "event_marathon_live_schedule_m" VALUES(46,762,'2015/03/27 0:00:00',NULL);
INSERT INTO "event_marathon_live_schedule_m" VALUES(46,763,'2015/03/27 0:00:00',NULL);
INSERT INTO "event_marathon_live_schedule_m" VALUES(46,764,'2015/03/27 0:00:00',NULL);
INSERT INTO "event_marathon_live_schedule_m" VALUES(49,800,NULL,NULL);
INSERT INTO "event_marathon_live_schedule_m" VALUES(49,801,NULL,NULL);
INSERT INTO "event_marathon_live_schedule_m" VALUES(49,802,NULL,NULL);
INSERT INTO "event_marathon_live_schedule_m" VALUES(49,803,'2015/05/11 0:00:00',NULL);
INSERT INTO "event_marathon_live_schedule_m" VALUES(49,804,'2015/05/11 0:00:00',NULL);
INSERT INTO "event_marathon_live_schedule_m" VALUES(49,805,'2015/05/11 0:00:00',NULL);
INSERT INTO "event_marathon_live_schedule_m" VALUES(49,806,NULL,NULL);
INSERT INTO "event_marathon_live_schedule_m" VALUES(49,807,'2015/05/11 0:00:00',NULL);
INSERT INTO "event_marathon_live_schedule_m" VALUES(49,808,NULL,NULL);
INSERT INTO "event_marathon_live_schedule_m" VALUES(49,809,'2015/05/11 0:00:00',NULL);
INSERT INTO "event_marathon_live_schedule_m" VALUES(52,839,NULL,NULL);
INSERT INTO "event_marathon_live_schedule_m" VALUES(52,840,NULL,NULL);
INSERT INTO "event_marathon_live_schedule_m" VALUES(52,841,NULL,NULL);
INSERT INTO "event_marathon_live_schedule_m" VALUES(52,842,'2015/06/26 0:00:00',NULL);
INSERT INTO "event_marathon_live_schedule_m" VALUES(52,843,'2015/06/26 0:00:00',NULL);
INSERT INTO "event_marathon_live_schedule_m" VALUES(52,844,'2015/06/26 0:00:00',NULL);
INSERT INTO "event_marathon_live_schedule_m" VALUES(52,845,NULL,NULL);
INSERT INTO "event_marathon_live_schedule_m" VALUES(52,846,'2015/06/26 0:00:00',NULL);
INSERT INTO "event_marathon_live_schedule_m" VALUES(52,847,NULL,NULL);
INSERT INTO "event_marathon_live_schedule_m" VALUES(52,848,'2015/06/26 0:00:00',NULL);
INSERT INTO "event_marathon_live_schedule_m" VALUES(55,875,NULL,NULL);
INSERT INTO "event_marathon_live_schedule_m" VALUES(55,876,NULL,NULL);
INSERT INTO "event_marathon_live_schedule_m" VALUES(55,877,NULL,NULL);
INSERT INTO "event_marathon_live_schedule_m" VALUES(55,878,'2015/08/11 0:00:00',NULL);
INSERT INTO "event_marathon_live_schedule_m" VALUES(55,879,'2015/08/11 0:00:00',NULL);
INSERT INTO "event_marathon_live_schedule_m" VALUES(55,880,'2015/08/11 0:00:00',NULL);
INSERT INTO "event_marathon_live_schedule_m" VALUES(55,881,NULL,NULL);
INSERT INTO "event_marathon_live_schedule_m" VALUES(55,882,'2015/08/11 0:00:00',NULL);
INSERT INTO "event_marathon_live_schedule_m" VALUES(55,883,NULL,NULL);
INSERT INTO "event_marathon_live_schedule_m" VALUES(55,884,'2015/08/11 0:00:00',NULL);
INSERT INTO "event_marathon_live_schedule_m" VALUES(58,922,NULL,NULL);
INSERT INTO "event_marathon_live_schedule_m" VALUES(58,923,NULL,NULL);
INSERT INTO "event_marathon_live_schedule_m" VALUES(58,924,NULL,NULL);
INSERT INTO "event_marathon_live_schedule_m" VALUES(58,925,'2015/09/26 0:00:00',NULL);
INSERT INTO "event_marathon_live_schedule_m" VALUES(58,926,'2015/09/26 0:00:00',NULL);
INSERT INTO "event_marathon_live_schedule_m" VALUES(58,927,'2015/09/26 0:00:00',NULL);
INSERT INTO "event_marathon_live_schedule_m" VALUES(58,928,NULL,NULL);
INSERT INTO "event_marathon_live_schedule_m" VALUES(58,929,'2015/09/26 0:00:00',NULL);
INSERT INTO "event_marathon_live_schedule_m" VALUES(58,930,NULL,NULL);
INSERT INTO "event_marathon_live_schedule_m" VALUES(58,931,'2015/09/26 0:00:00',NULL);
INSERT INTO "event_marathon_live_schedule_m" VALUES(61,962,NULL,NULL);
INSERT INTO "event_marathon_live_schedule_m" VALUES(61,963,NULL,NULL);
INSERT INTO "event_marathon_live_schedule_m" VALUES(61,964,NULL,NULL);
INSERT INTO "event_marathon_live_schedule_m" VALUES(61,965,'2015/11/11 0:00:00',NULL);
INSERT INTO "event_marathon_live_schedule_m" VALUES(61,966,'2015/11/11 0:00:00',NULL);
INSERT INTO "event_marathon_live_schedule_m" VALUES(61,967,'2015/11/11 0:00:00',NULL);
INSERT INTO "event_marathon_live_schedule_m" VALUES(61,968,NULL,NULL);
INSERT INTO "event_marathon_live_schedule_m" VALUES(61,969,'2015/11/11 0:00:00',NULL);
INSERT INTO "event_marathon_live_schedule_m" VALUES(61,970,NULL,NULL);
INSERT INTO "event_marathon_live_schedule_m" VALUES(61,971,'2015/11/11 0:00:00',NULL);
INSERT INTO "event_marathon_live_schedule_m" VALUES(64,1006,NULL,NULL);
INSERT INTO "event_marathon_live_schedule_m" VALUES(64,1007,NULL,NULL);
INSERT INTO "event_marathon_live_schedule_m" VALUES(64,1008,NULL,NULL);
INSERT INTO "event_marathon_live_schedule_m" VALUES(64,1009,'2015/12/27 0:00:00',NULL);
INSERT INTO "event_marathon_live_schedule_m" VALUES(64,1010,'2015/12/27 0:00:00',NULL);
INSERT INTO "event_marathon_live_schedule_m" VALUES(64,1011,'2015/12/27 0:00:00',NULL);
INSERT INTO "event_marathon_live_schedule_m" VALUES(64,1012,NULL,NULL);
INSERT INTO "event_marathon_live_schedule_m" VALUES(64,1013,'2015/12/27 0:00:00',NULL);
INSERT INTO "event_marathon_live_schedule_m" VALUES(64,1014,NULL,NULL);
INSERT INTO "event_marathon_live_schedule_m" VALUES(64,1015,'2015/12/27 0:00:00',NULL);
INSERT INTO "event_marathon_live_schedule_m" VALUES(67,1053,NULL,NULL);
INSERT INTO "event_marathon_live_schedule_m" VALUES(67,1054,NULL,NULL);
INSERT INTO "event_marathon_live_schedule_m" VALUES(67,1055,NULL,NULL);
INSERT INTO "event_marathon_live_schedule_m" VALUES(67,1056,'2016/02/11 0:00:00',NULL);
INSERT INTO "event_marathon_live_schedule_m" VALUES(67,1057,'2016/02/11 0:00:00',NULL);
INSERT INTO "event_marathon_live_schedule_m" VALUES(67,1058,'2016/02/11 0:00:00',NULL);
INSERT INTO "event_marathon_live_schedule_m" VALUES(67,1059,NULL,NULL);
INSERT INTO "event_marathon_live_schedule_m" VALUES(67,1060,'2016/02/11 0:00:00',NULL);
INSERT INTO "event_marathon_live_schedule_m" VALUES(67,1061,NULL,NULL);
INSERT INTO "event_marathon_live_schedule_m" VALUES(67,1062,'2016/02/11 0:00:00',NULL);
INSERT INTO "event_marathon_live_schedule_m" VALUES(71,1097,NULL,NULL);
INSERT INTO "event_marathon_live_schedule_m" VALUES(71,1098,NULL,NULL);
INSERT INTO "event_marathon_live_schedule_m" VALUES(71,1099,NULL,NULL);
INSERT INTO "event_marathon_live_schedule_m" VALUES(71,1100,'2016/04/11 0:00:00',NULL);
INSERT INTO "event_marathon_live_schedule_m" VALUES(71,1101,'2016/04/11 0:00:00',NULL);
INSERT INTO "event_marathon_live_schedule_m" VALUES(71,1102,'2016/04/11 0:00:00',NULL);
INSERT INTO "event_marathon_live_schedule_m" VALUES(71,1103,NULL,NULL);
INSERT INTO "event_marathon_live_schedule_m" VALUES(71,1104,'2016/04/11 0:00:00',NULL);
INSERT INTO "event_marathon_live_schedule_m" VALUES(71,1105,NULL,NULL);
INSERT INTO "event_marathon_live_schedule_m" VALUES(71,1106,'2016/04/11 0:00:00',NULL);
INSERT INTO "event_marathon_live_schedule_m" VALUES(75,1162,NULL,NULL);
INSERT INTO "event_marathon_live_schedule_m" VALUES(75,1163,NULL,NULL);
INSERT INTO "event_marathon_live_schedule_m" VALUES(75,1164,NULL,NULL);
INSERT INTO "event_marathon_live_schedule_m" VALUES(75,1165,'2016/06/11 0:00:00',NULL);
INSERT INTO "event_marathon_live_schedule_m" VALUES(75,1166,'2016/06/11 0:00:00',NULL);
INSERT INTO "event_marathon_live_schedule_m" VALUES(75,1167,'2016/06/11 0:00:00',NULL);
INSERT INTO "event_marathon_live_schedule_m" VALUES(75,1168,NULL,NULL);
INSERT INTO "event_marathon_live_schedule_m" VALUES(75,1169,'2016/06/11 0:00:00',NULL);
INSERT INTO "event_marathon_live_schedule_m" VALUES(75,1170,NULL,NULL);
INSERT INTO "event_marathon_live_schedule_m" VALUES(75,1171,'2016/06/11 0:00:00',NULL);
INSERT INTO "event_marathon_live_schedule_m" VALUES(79,1325,NULL,NULL);
INSERT INTO "event_marathon_live_schedule_m" VALUES(79,1326,NULL,NULL);
INSERT INTO "event_marathon_live_schedule_m" VALUES(79,1327,NULL,NULL);
INSERT INTO "event_marathon_live_schedule_m" VALUES(79,1328,'2016/08/11 0:00:00',NULL);
INSERT INTO "event_marathon_live_schedule_m" VALUES(79,1329,'2016/08/11 0:00:00',NULL);
INSERT INTO "event_marathon_live_schedule_m" VALUES(79,1330,'2016/08/11 0:00:00',NULL);
INSERT INTO "event_marathon_live_schedule_m" VALUES(79,1331,NULL,NULL);
INSERT INTO "event_marathon_live_schedule_m" VALUES(79,1332,'2016/08/11 0:00:00',NULL);
INSERT INTO "event_marathon_live_schedule_m" VALUES(79,1333,NULL,NULL);
INSERT INTO "event_marathon_live_schedule_m" VALUES(79,1334,'2016/08/11 0:00:00',NULL);
INSERT INTO "event_marathon_live_schedule_m" VALUES(83,1409,NULL,NULL);
INSERT INTO "event_marathon_live_schedule_m" VALUES(83,1410,NULL,NULL);
INSERT INTO "event_marathon_live_schedule_m" VALUES(83,1411,NULL,NULL);
INSERT INTO "event_marathon_live_schedule_m" VALUES(83,1412,NULL,NULL);
INSERT INTO "event_marathon_live_schedule_m" VALUES(83,1413,NULL,NULL);
INSERT INTO "event_marathon_live_schedule_m" VALUES(86,1470,NULL,NULL);
INSERT INTO "event_marathon_live_schedule_m" VALUES(86,1471,NULL,NULL);
INSERT INTO "event_marathon_live_schedule_m" VALUES(86,1472,NULL,NULL);
INSERT INTO "event_marathon_live_schedule_m" VALUES(86,1473,NULL,NULL);
INSERT INTO "event_marathon_live_schedule_m" VALUES(86,1474,NULL,NULL);
INSERT INTO "event_marathon_live_schedule_m" VALUES(92,1539,NULL,NULL);
INSERT INTO "event_marathon_live_schedule_m" VALUES(92,1540,NULL,NULL);
INSERT INTO "event_marathon_live_schedule_m" VALUES(92,1541,NULL,NULL);
INSERT INTO "event_marathon_live_schedule_m" VALUES(92,1542,NULL,NULL);
INSERT INTO "event_marathon_live_schedule_m" VALUES(92,1543,NULL,NULL);
INSERT INTO "event_marathon_live_schedule_m" VALUES(98,1620,NULL,NULL);
INSERT INTO "event_marathon_live_schedule_m" VALUES(98,1621,NULL,NULL);
INSERT INTO "event_marathon_live_schedule_m" VALUES(98,1622,NULL,NULL);
INSERT INTO "event_marathon_live_schedule_m" VALUES(98,1623,NULL,NULL);
INSERT INTO "event_marathon_live_schedule_m" VALUES(98,1624,NULL,NULL);
INSERT INTO "event_marathon_live_schedule_m" VALUES(101,1699,NULL,NULL);
INSERT INTO "event_marathon_live_schedule_m" VALUES(101,1700,NULL,NULL);
INSERT INTO "event_marathon_live_schedule_m" VALUES(101,1701,NULL,NULL);
INSERT INTO "event_marathon_live_schedule_m" VALUES(101,1702,NULL,NULL);
INSERT INTO "event_marathon_live_schedule_m" VALUES(101,1703,NULL,NULL);
INSERT INTO "event_marathon_live_schedule_m" VALUES(107,1773,NULL,NULL);
INSERT INTO "event_marathon_live_schedule_m" VALUES(107,1774,NULL,NULL);
INSERT INTO "event_marathon_live_schedule_m" VALUES(107,1775,NULL,NULL);
INSERT INTO "event_marathon_live_schedule_m" VALUES(107,1776,NULL,NULL);
INSERT INTO "event_marathon_live_schedule_m" VALUES(107,1777,NULL,NULL);
INSERT INTO "event_marathon_live_schedule_m" VALUES(109,1795,NULL,NULL);
INSERT INTO "event_marathon_live_schedule_m" VALUES(109,1796,NULL,NULL);
INSERT INTO "event_marathon_live_schedule_m" VALUES(109,1797,NULL,NULL);
INSERT INTO "event_marathon_live_schedule_m" VALUES(109,1798,NULL,NULL);
INSERT INTO "event_marathon_live_schedule_m" VALUES(109,1799,NULL,NULL);
INSERT INTO "event_marathon_live_schedule_m" VALUES(114,1878,NULL,NULL);
INSERT INTO "event_marathon_live_schedule_m" VALUES(114,1879,NULL,NULL);
INSERT INTO "event_marathon_live_schedule_m" VALUES(114,1880,NULL,NULL);
INSERT INTO "event_marathon_live_schedule_m" VALUES(114,1881,NULL,NULL);
INSERT INTO "event_marathon_live_schedule_m" VALUES(114,1882,NULL,NULL);
INSERT INTO "event_marathon_live_schedule_m" VALUES(120,1977,NULL,NULL);
INSERT INTO "event_marathon_live_schedule_m" VALUES(120,1978,NULL,NULL);
INSERT INTO "event_marathon_live_schedule_m" VALUES(120,1979,NULL,NULL);
INSERT INTO "event_marathon_live_schedule_m" VALUES(120,1980,NULL,NULL);
INSERT INTO "event_marathon_live_schedule_m" VALUES(120,1981,NULL,NULL);
INSERT INTO "event_marathon_live_schedule_m" VALUES(126,2034,NULL,NULL);
INSERT INTO "event_marathon_live_schedule_m" VALUES(126,2035,NULL,NULL);
INSERT INTO "event_marathon_live_schedule_m" VALUES(126,2036,NULL,NULL);
INSERT INTO "event_marathon_live_schedule_m" VALUES(126,2037,NULL,NULL);
INSERT INTO "event_marathon_live_schedule_m" VALUES(126,2038,NULL,NULL);
INSERT INTO "event_marathon_live_schedule_m" VALUES(130,2083,NULL,NULL);
INSERT INTO "event_marathon_live_schedule_m" VALUES(130,2084,NULL,NULL);
INSERT INTO "event_marathon_live_schedule_m" VALUES(130,2085,NULL,NULL);
INSERT INTO "event_marathon_live_schedule_m" VALUES(130,2086,NULL,NULL);
INSERT INTO "event_marathon_live_schedule_m" VALUES(130,2087,NULL,NULL);
INSERT INTO "event_marathon_live_schedule_m" VALUES(136,2263,NULL,NULL);
INSERT INTO "event_marathon_live_schedule_m" VALUES(136,2264,NULL,NULL);
INSERT INTO "event_marathon_live_schedule_m" VALUES(136,2265,NULL,NULL);
INSERT INTO "event_marathon_live_schedule_m" VALUES(136,2266,NULL,NULL);
INSERT INTO "event_marathon_live_schedule_m" VALUES(136,2267,NULL,NULL);
INSERT INTO "event_marathon_live_schedule_m" VALUES(146,2593,NULL,NULL);
INSERT INTO "event_marathon_live_schedule_m" VALUES(146,2594,NULL,NULL);
INSERT INTO "event_marathon_live_schedule_m" VALUES(146,2595,NULL,NULL);
INSERT INTO "event_marathon_live_schedule_m" VALUES(146,2596,NULL,NULL);
INSERT INTO "event_marathon_live_schedule_m" VALUES(146,2597,NULL,NULL);
INSERT INTO "event_marathon_live_schedule_m" VALUES(152,2703,NULL,NULL);
INSERT INTO "event_marathon_live_schedule_m" VALUES(152,2704,NULL,NULL);
INSERT INTO "event_marathon_live_schedule_m" VALUES(152,2705,NULL,NULL);
INSERT INTO "event_marathon_live_schedule_m" VALUES(152,2706,NULL,NULL);
INSERT INTO "event_marathon_live_schedule_m" VALUES(152,2707,NULL,NULL);
CREATE TABLE `event_marathon_m` (
    `event_id` INTEGER NOT NULL,
    `point_name` TEXT NOT NULL,
    `point_icon_asset` TEXT NOT NULL,
    `release_tag` TEXT, `_encryption_release_id` INTEGER NULL,
    PRIMARY KEY (`event_id`)
);
INSERT INTO "event_marathon_m" VALUES(1,'','assets/flash/ui/live/img/e_icon_01.png',NULL,NULL);
INSERT INTO "event_marathon_m" VALUES(2,'','assets/flash/ui/live/img/e_icon_01.png',NULL,NULL);
INSERT INTO "event_marathon_m" VALUES(3,'','assets/flash/ui/live/img/e_icon_01.png',NULL,NULL);
INSERT INTO "event_marathon_m" VALUES(4,'','assets/flash/ui/live/img/e_icon_01.png',NULL,NULL);
INSERT INTO "event_marathon_m" VALUES(5,'','assets/flash/ui/live/img/e_icon_01.png',NULL,NULL);
INSERT INTO "event_marathon_m" VALUES(6,'','assets/flash/ui/live/img/e_icon_01.png',NULL,NULL);
INSERT INTO "event_marathon_m" VALUES(7,'','assets/flash/ui/live/img/e_icon_07.png',NULL,NULL);
INSERT INTO "event_marathon_m" VALUES(8,'','assets/flash/ui/live/img/e_icon_08.png',NULL,NULL);
INSERT INTO "event_marathon_m" VALUES(9,'','assets/flash/ui/live/img/e_icon_09.png',NULL,NULL);
INSERT INTO "event_marathon_m" VALUES(10,'','assets/flash/ui/live/img/e_icon_10.png',NULL,NULL);
INSERT INTO "event_marathon_m" VALUES(12,'','assets/flash/ui/live/img/e_icon_01.png',NULL,NULL);
INSERT INTO "event_marathon_m" VALUES(14,'','assets/flash/ui/live/img/e_icon_01.png',NULL,NULL);
INSERT INTO "event_marathon_m" VALUES(16,'','assets/flash/ui/live/img/e_icon_01.png',NULL,NULL);
INSERT INTO "event_marathon_m" VALUES(18,'','assets/flash/ui/live/img/e_icon_01.png',NULL,NULL);
INSERT INTO "event_marathon_m" VALUES(20,'','assets/flash/ui/live/img/e_icon_01.png',NULL,NULL);
INSERT INTO "event_marathon_m" VALUES(22,'','assets/flash/ui/live/img/e_icon_01.png',NULL,NULL);
INSERT INTO "event_marathon_m" VALUES(24,'','assets/flash/ui/live/img/e_icon_01.png',NULL,NULL);
INSERT INTO "event_marathon_m" VALUES(26,'','assets/flash/ui/live/img/e_icon_01.png',NULL,NULL);
INSERT INTO "event_marathon_m" VALUES(28,'','assets/flash/ui/live/img/e_icon_01.png',NULL,NULL);
INSERT INTO "event_marathon_m" VALUES(30,'','assets/flash/ui/live/img/e_icon_01.png',NULL,NULL);
INSERT INTO "event_marathon_m" VALUES(32,'','assets/flash/ui/live/img/e_icon_01.png',NULL,NULL);
INSERT INTO "event_marathon_m" VALUES(34,'','assets/flash/ui/live/img/e_icon_01.png',NULL,NULL);
INSERT INTO "event_marathon_m" VALUES(36,'','assets/flash/ui/live/img/e_icon_01.png',NULL,NULL);
INSERT INTO "event_marathon_m" VALUES(38,'','assets/flash/ui/live/img/e_icon_01.png',NULL,NULL);
INSERT INTO "event_marathon_m" VALUES(40,'','assets/flash/ui/live/img/e_icon_01.png',NULL,NULL);
INSERT INTO "event_marathon_m" VALUES(43,'','assets/flash/ui/live/img/e_icon_01.png',NULL,NULL);
INSERT INTO "event_marathon_m" VALUES(46,'','assets/flash/ui/live/img/e_icon_01.png',NULL,NULL);
INSERT INTO "event_marathon_m" VALUES(49,'','assets/flash/ui/live/img/e_icon_01.png',NULL,NULL);
INSERT INTO "event_marathon_m" VALUES(52,'','assets/flash/ui/live/img/e_icon_01.png',NULL,NULL);
INSERT INTO "event_marathon_m" VALUES(55,'','assets/flash/ui/live/img/e_icon_01.png',NULL,NULL);
INSERT INTO "event_marathon_m" VALUES(58,'','assets/flash/ui/live/img/e_icon_01.png',NULL,NULL);
INSERT INTO "event_marathon_m" VALUES(61,'','assets/flash/ui/live/img/e_icon_01.png',NULL,NULL);
INSERT INTO "event_marathon_m" VALUES(64,'','assets/flash/ui/live/img/e_icon_01.png',NULL,NULL);
INSERT INTO "event_marathon_m" VALUES(67,'','assets/flash/ui/live/img/e_icon_01.png',NULL,NULL);
INSERT INTO "event_marathon_m" VALUES(71,'','assets/flash/ui/live/img/e_icon_01.png',NULL,NULL);
INSERT INTO "event_marathon_m" VALUES(75,'','assets/flash/ui/live/img/e_icon_01.png',NULL,NULL);
INSERT INTO "event_marathon_m" VALUES(79,'','assets/flash/ui/live/img/e_icon_01.png',NULL,NULL);
INSERT INTO "event_marathon_m" VALUES(83,'','assets/flash/ui/live/img/e_icon_01.png',NULL,NULL);
INSERT INTO "event_marathon_m" VALUES(86,'','assets/flash/ui/live/img/e_icon_01.png',NULL,NULL);
INSERT INTO "event_marathon_m" VALUES(92,'','assets/flash/ui/live/img/e_icon_01.png',NULL,NULL);
INSERT INTO "event_marathon_m" VALUES(98,'','assets/flash/ui/live/img/e_icon_01.png',NULL,NULL);
INSERT INTO "event_marathon_m" VALUES(101,'','assets/flash/ui/live/img/e_icon_01.png',NULL,NULL);
INSERT INTO "event_marathon_m" VALUES(107,'','assets/flash/ui/live/img/e_icon_01.png',NULL,NULL);
INSERT INTO "event_marathon_m" VALUES(109,'','assets/flash/ui/live/img/e_icon_01.png',NULL,NULL);
INSERT INTO "event_marathon_m" VALUES(114,'','assets/flash/ui/live/img/e_icon_01.png',NULL,NULL);
INSERT INTO "event_marathon_m" VALUES(120,'','assets/flash/ui/live/img/e_icon_01.png',NULL,NULL);
INSERT INTO "event_marathon_m" VALUES(126,'','assets/flash/ui/live/img/e_icon_01.png',NULL,NULL);
INSERT INTO "event_marathon_m" VALUES(130,'','assets/flash/ui/live/img/e_icon_01.png',NULL,NULL);
INSERT INTO "event_marathon_m" VALUES(136,'','assets/flash/ui/live/img/e_icon_01.png',NULL,NULL);
INSERT INTO "event_marathon_m" VALUES(146,'','assets/flash/ui/live/img/e_icon_01.png',NULL,NULL);
INSERT INTO "event_marathon_m" VALUES(152,'','assets/flash/ui/live/img/e_icon_01.png',NULL,NULL);
COMMIT;
