BEGIN TRANSACTION;
CREATE TABLE `multi_unit_scenario_m` (
    `multi_unit_scenario_id` INTEGER NOT NULL,
    `multi_unit_id` INTEGER NOT NULL,
    `title` TEXT NOT NULL,
    `title_call_asset` TEXT,
    `title_font` INTEGER,
    `chapter` INTEGER NOT NULL,
    `chapter_asset` TEXT,
    `asset_bgm_id` INTEGER NOT NULL,
    `unlocked_live_difficulty_id` INTEGER,
    `release_type` INTEGER,
    `release_tag` TEXT, `_encryption_release_id` INTEGER NULL,
    PRIMARY KEY (`multi_unit_scenario_id`)
);
INSERT INTO "multi_unit_scenario_m" VALUES(1,2,'巡る秘湯、パワースポット',NULL,NULL,1,NULL,1,1,1,NULL,NULL);
INSERT INTO "multi_unit_scenario_m" VALUES(2,3,'堕天使の羽を休めて',NULL,NULL,1,NULL,6,1,1,NULL,NULL);
INSERT INTO "multi_unit_scenario_m" VALUES(3,1,'特別な記念写真',NULL,NULL,1,NULL,1,1,2,NULL,NULL);
INSERT INTO "multi_unit_scenario_m" VALUES(4,4,'ひまわりがくれた優しいひととき',NULL,NULL,1,NULL,1,1,2,NULL,NULL);
INSERT INTO "multi_unit_scenario_m" VALUES(5,5,'花冠に想いを乗せて',NULL,NULL,1,NULL,6,1,2,NULL,NULL);
INSERT INTO "multi_unit_scenario_m" VALUES(6,6,'雨の日に想うことは',NULL,NULL,1,NULL,1,1,2,NULL,NULL);
INSERT INTO "multi_unit_scenario_m" VALUES(7,7,'ルビィのお洋服',NULL,NULL,1,NULL,6,1,2,NULL,NULL);
INSERT INTO "multi_unit_scenario_m" VALUES(8,8,'短冊に願いを込めて',NULL,NULL,1,NULL,1,1,2,NULL,NULL);
INSERT INTO "multi_unit_scenario_m" VALUES(9,9,'特別な日に想いを寄せて',NULL,NULL,1,NULL,6,1,2,NULL,NULL);
INSERT INTO "multi_unit_scenario_m" VALUES(10,10,'離れた場所から優しい思い出作り',NULL,NULL,1,NULL,1,1,2,NULL,NULL);
CREATE TABLE `multi_unit_scenario_open_m` (
    `multi_unit_id` INTEGER NOT NULL,
    `multi_unit_scenario_btn_asset` TEXT NOT NULL,
    `multi_unit_scenario_se_btn_asset` TEXT NOT NULL,
    `open_date` TEXT,
    `release_tag` TEXT, `_encryption_release_id` INTEGER NULL,
    PRIMARY KEY (`multi_unit_id`)
);
INSERT INTO "multi_unit_scenario_open_m" VALUES(1,'assets/image/scenario/banner/aqoth_34.png','assets/image/scenario/banner/aqoth_34se.png','2020/04/15 15:00:00',NULL,NULL);
INSERT INTO "multi_unit_scenario_open_m" VALUES(2,'assets/image/scenario/banner/aqoth_21.png','assets/image/scenario/banner/aqoth_21se.png','2019/12/20 15:00:00',NULL,NULL);
INSERT INTO "multi_unit_scenario_open_m" VALUES(3,'assets/image/scenario/banner/aqoth_24.png','assets/image/scenario/banner/aqoth_24se.png','2019/12/20 15:00:00',NULL,NULL);
INSERT INTO "multi_unit_scenario_open_m" VALUES(4,'assets/image/scenario/banner/aqoth_35.png','assets/image/scenario/banner/aqoth_35se.png','2020/04/30 15:00:00',NULL,NULL);
INSERT INTO "multi_unit_scenario_open_m" VALUES(5,'assets/image/scenario/banner/aqoth_36.png','assets/image/scenario/banner/aqoth_36se.png','2020/5/15 15:00:00',NULL,NULL);
INSERT INTO "multi_unit_scenario_open_m" VALUES(6,'assets/image/scenario/banner/aqoth_37.png','assets/image/scenario/banner/aqoth_37se.png','2020/05/31 15:00:00',NULL,NULL);
INSERT INTO "multi_unit_scenario_open_m" VALUES(7,'assets/image/scenario/banner/aqoth_38.png','assets/image/scenario/banner/aqoth_38se.png','2020/06/15 15:00:00',NULL,NULL);
INSERT INTO "multi_unit_scenario_open_m" VALUES(8,'assets/image/scenario/banner/aqoth_39.png','assets/image/scenario/banner/aqoth_39se.png','2020/06/30 15:00:00',NULL,NULL);
INSERT INTO "multi_unit_scenario_open_m" VALUES(9,'assets/image/scenario/banner/aqoth_40.png','assets/image/scenario/banner/aqoth_40se.png','2020/07/15 15:00:00',NULL,NULL);
INSERT INTO "multi_unit_scenario_open_m" VALUES(10,'assets/image/scenario/banner/aqoth_42.png','assets/image/scenario/banner/aqoth_42se.png','2020/07/31 15:00:00',NULL,NULL);
CREATE TABLE `multi_unit_scenario_setting_disp_m` (
    `multi_unit_scenario_setting_disp_id` INTEGER NOT NULL,
    `multi_unit_scenario_setting_id` INTEGER NOT NULL,
    `scenario_char_effect_cd` TEXT,
    `scenario_char_asset_id` INTEGER NOT NULL,
    `display_position` INTEGER NOT NULL,
    `character_action_type` INTEGER,
    `speaker_flag` INTEGER NOT NULL,
    PRIMARY KEY (`multi_unit_scenario_setting_disp_id`)
);
INSERT INTO "multi_unit_scenario_setting_disp_m" VALUES(1,1,NULL,70010201,4,NULL,0);
INSERT INTO "multi_unit_scenario_setting_disp_m" VALUES(2,1,NULL,70010701,5,NULL,1);
INSERT INTO "multi_unit_scenario_setting_disp_m" VALUES(3,2,NULL,70010201,4,NULL,1);
INSERT INTO "multi_unit_scenario_setting_disp_m" VALUES(4,2,NULL,70010701,5,NULL,0);
INSERT INTO "multi_unit_scenario_setting_disp_m" VALUES(5,3,'459',70010202,4,14,1);
INSERT INTO "multi_unit_scenario_setting_disp_m" VALUES(6,3,NULL,70010704,5,NULL,0);
INSERT INTO "multi_unit_scenario_setting_disp_m" VALUES(7,4,NULL,70010201,4,NULL,0);
INSERT INTO "multi_unit_scenario_setting_disp_m" VALUES(8,4,'454',70010704,5,NULL,1);
INSERT INTO "multi_unit_scenario_setting_disp_m" VALUES(9,5,NULL,70010201,4,NULL,1);
INSERT INTO "multi_unit_scenario_setting_disp_m" VALUES(10,5,NULL,70010704,5,NULL,0);
INSERT INTO "multi_unit_scenario_setting_disp_m" VALUES(11,6,NULL,70010201,4,NULL,0);
INSERT INTO "multi_unit_scenario_setting_disp_m" VALUES(12,6,NULL,70010704,5,NULL,1);
INSERT INTO "multi_unit_scenario_setting_disp_m" VALUES(13,7,NULL,70010204,2,NULL,1);
INSERT INTO "multi_unit_scenario_setting_disp_m" VALUES(14,8,NULL,70010204,4,8,0);
INSERT INTO "multi_unit_scenario_setting_disp_m" VALUES(15,8,'454',70010704,5,8,1);
INSERT INTO "multi_unit_scenario_setting_disp_m" VALUES(16,9,'454',70010202,4,NULL,1);
INSERT INTO "multi_unit_scenario_setting_disp_m" VALUES(17,9,NULL,70010704,5,NULL,0);
INSERT INTO "multi_unit_scenario_setting_disp_m" VALUES(18,10,NULL,70010201,4,NULL,0);
INSERT INTO "multi_unit_scenario_setting_disp_m" VALUES(19,10,NULL,70010704,5,NULL,1);
INSERT INTO "multi_unit_scenario_setting_disp_m" VALUES(20,11,NULL,70010201,4,NULL,0);
INSERT INTO "multi_unit_scenario_setting_disp_m" VALUES(21,11,'454',70010704,5,NULL,1);
INSERT INTO "multi_unit_scenario_setting_disp_m" VALUES(22,12,'459',70010202,4,14,1);
INSERT INTO "multi_unit_scenario_setting_disp_m" VALUES(23,12,NULL,70010704,5,NULL,0);
INSERT INTO "multi_unit_scenario_setting_disp_m" VALUES(24,13,NULL,70010201,4,NULL,1);
INSERT INTO "multi_unit_scenario_setting_disp_m" VALUES(25,13,NULL,70010704,5,NULL,0);
INSERT INTO "multi_unit_scenario_setting_disp_m" VALUES(26,14,NULL,70010201,4,NULL,0);
INSERT INTO "multi_unit_scenario_setting_disp_m" VALUES(27,14,NULL,70010701,5,NULL,1);
INSERT INTO "multi_unit_scenario_setting_disp_m" VALUES(28,15,NULL,70010201,4,NULL,1);
INSERT INTO "multi_unit_scenario_setting_disp_m" VALUES(29,15,NULL,70010701,5,NULL,0);
INSERT INTO "multi_unit_scenario_setting_disp_m" VALUES(30,16,NULL,70010201,4,NULL,0);
INSERT INTO "multi_unit_scenario_setting_disp_m" VALUES(31,16,NULL,70010702,5,NULL,1);
INSERT INTO "multi_unit_scenario_setting_disp_m" VALUES(32,17,'454',70010203,4,NULL,1);
INSERT INTO "multi_unit_scenario_setting_disp_m" VALUES(33,17,NULL,70010701,5,NULL,0);
INSERT INTO "multi_unit_scenario_setting_disp_m" VALUES(34,18,NULL,70010203,4,NULL,0);
INSERT INTO "multi_unit_scenario_setting_disp_m" VALUES(35,18,NULL,70010702,5,NULL,1);
INSERT INTO "multi_unit_scenario_setting_disp_m" VALUES(36,19,NULL,70010201,4,NULL,1);
INSERT INTO "multi_unit_scenario_setting_disp_m" VALUES(37,19,NULL,70010701,5,NULL,0);
INSERT INTO "multi_unit_scenario_setting_disp_m" VALUES(38,20,NULL,70010201,4,NULL,0);
INSERT INTO "multi_unit_scenario_setting_disp_m" VALUES(39,20,NULL,70010702,5,NULL,1);
INSERT INTO "multi_unit_scenario_setting_disp_m" VALUES(40,21,NULL,70010201,4,NULL,0);
INSERT INTO "multi_unit_scenario_setting_disp_m" VALUES(41,21,NULL,70010701,5,NULL,1);
INSERT INTO "multi_unit_scenario_setting_disp_m" VALUES(42,22,NULL,70010201,4,NULL,1);
INSERT INTO "multi_unit_scenario_setting_disp_m" VALUES(43,22,NULL,70010701,5,NULL,0);
INSERT INTO "multi_unit_scenario_setting_disp_m" VALUES(44,23,NULL,70010201,4,NULL,0);
INSERT INTO "multi_unit_scenario_setting_disp_m" VALUES(45,23,NULL,70010702,5,NULL,1);
INSERT INTO "multi_unit_scenario_setting_disp_m" VALUES(46,24,'454',70010203,4,NULL,1);
INSERT INTO "multi_unit_scenario_setting_disp_m" VALUES(47,24,NULL,70010701,5,NULL,0);
INSERT INTO "multi_unit_scenario_setting_disp_m" VALUES(48,25,NULL,70010203,4,NULL,0);
INSERT INTO "multi_unit_scenario_setting_disp_m" VALUES(49,25,NULL,70010702,5,NULL,1);
INSERT INTO "multi_unit_scenario_setting_disp_m" VALUES(50,26,NULL,70010203,4,NULL,1);
INSERT INTO "multi_unit_scenario_setting_disp_m" VALUES(51,26,NULL,70010701,5,NULL,0);
INSERT INTO "multi_unit_scenario_setting_disp_m" VALUES(52,27,NULL,70010203,4,NULL,0);
INSERT INTO "multi_unit_scenario_setting_disp_m" VALUES(53,27,'457',70010705,5,13,1);
INSERT INTO "multi_unit_scenario_setting_disp_m" VALUES(54,28,NULL,70072101,4,NULL,0);
INSERT INTO "multi_unit_scenario_setting_disp_m" VALUES(55,28,NULL,70022101,5,NULL,1);
INSERT INTO "multi_unit_scenario_setting_disp_m" VALUES(56,29,NULL,70072102,4,NULL,1);
INSERT INTO "multi_unit_scenario_setting_disp_m" VALUES(57,29,NULL,70022101,5,NULL,0);
INSERT INTO "multi_unit_scenario_setting_disp_m" VALUES(58,30,NULL,70072101,4,NULL,0);
INSERT INTO "multi_unit_scenario_setting_disp_m" VALUES(59,30,NULL,70022101,5,NULL,1);
INSERT INTO "multi_unit_scenario_setting_disp_m" VALUES(60,31,NULL,70072101,4,NULL,1);
INSERT INTO "multi_unit_scenario_setting_disp_m" VALUES(61,31,NULL,70022101,5,NULL,0);
INSERT INTO "multi_unit_scenario_setting_disp_m" VALUES(62,32,NULL,70072101,4,NULL,0);
INSERT INTO "multi_unit_scenario_setting_disp_m" VALUES(63,32,NULL,70022101,5,NULL,1);
INSERT INTO "multi_unit_scenario_setting_disp_m" VALUES(64,33,NULL,70072101,4,NULL,1);
INSERT INTO "multi_unit_scenario_setting_disp_m" VALUES(65,33,NULL,70022101,5,NULL,0);
INSERT INTO "multi_unit_scenario_setting_disp_m" VALUES(66,34,NULL,70072101,4,NULL,0);
INSERT INTO "multi_unit_scenario_setting_disp_m" VALUES(67,34,'454',70022103,5,NULL,1);
INSERT INTO "multi_unit_scenario_setting_disp_m" VALUES(68,35,NULL,70072102,4,NULL,1);
INSERT INTO "multi_unit_scenario_setting_disp_m" VALUES(69,35,NULL,70022103,5,NULL,0);
INSERT INTO "multi_unit_scenario_setting_disp_m" VALUES(70,36,NULL,70072101,4,NULL,0);
INSERT INTO "multi_unit_scenario_setting_disp_m" VALUES(71,36,NULL,70022101,5,NULL,1);
INSERT INTO "multi_unit_scenario_setting_disp_m" VALUES(72,37,NULL,70020501,2,NULL,1);
INSERT INTO "multi_unit_scenario_setting_disp_m" VALUES(73,38,NULL,70070505,2,8,1);
INSERT INTO "multi_unit_scenario_setting_disp_m" VALUES(74,39,NULL,70020503,4,8,1);
INSERT INTO "multi_unit_scenario_setting_disp_m" VALUES(75,39,NULL,70070505,5,8,0);
INSERT INTO "multi_unit_scenario_setting_disp_m" VALUES(76,40,NULL,70020503,4,NULL,0);
INSERT INTO "multi_unit_scenario_setting_disp_m" VALUES(77,40,NULL,70070502,5,NULL,1);
INSERT INTO "multi_unit_scenario_setting_disp_m" VALUES(78,41,NULL,70020501,4,NULL,1);
INSERT INTO "multi_unit_scenario_setting_disp_m" VALUES(79,41,NULL,70070501,5,NULL,0);
INSERT INTO "multi_unit_scenario_setting_disp_m" VALUES(80,42,'454',70020501,4,NULL,1);
INSERT INTO "multi_unit_scenario_setting_disp_m" VALUES(81,42,NULL,70070501,5,NULL,0);
INSERT INTO "multi_unit_scenario_setting_disp_m" VALUES(82,43,NULL,70020501,4,NULL,1);
INSERT INTO "multi_unit_scenario_setting_disp_m" VALUES(83,43,NULL,70070501,5,NULL,0);
INSERT INTO "multi_unit_scenario_setting_disp_m" VALUES(84,44,NULL,70020501,4,NULL,0);
INSERT INTO "multi_unit_scenario_setting_disp_m" VALUES(85,44,NULL,70070504,5,NULL,1);
INSERT INTO "multi_unit_scenario_setting_disp_m" VALUES(86,45,NULL,70020501,4,NULL,0);
INSERT INTO "multi_unit_scenario_setting_disp_m" VALUES(87,45,'456',70070504,5,NULL,1);
INSERT INTO "multi_unit_scenario_setting_disp_m" VALUES(88,46,NULL,70020501,4,NULL,1);
INSERT INTO "multi_unit_scenario_setting_disp_m" VALUES(89,46,NULL,70070504,5,NULL,0);
INSERT INTO "multi_unit_scenario_setting_disp_m" VALUES(90,47,NULL,70020501,4,NULL,0);
INSERT INTO "multi_unit_scenario_setting_disp_m" VALUES(91,47,NULL,70070504,5,NULL,1);
INSERT INTO "multi_unit_scenario_setting_disp_m" VALUES(92,48,'454',70020503,4,NULL,1);
INSERT INTO "multi_unit_scenario_setting_disp_m" VALUES(93,48,NULL,70070504,5,NULL,0);
INSERT INTO "multi_unit_scenario_setting_disp_m" VALUES(94,49,NULL,70020503,4,NULL,0);
INSERT INTO "multi_unit_scenario_setting_disp_m" VALUES(95,49,'459',70070504,5,14,1);
INSERT INTO "multi_unit_scenario_setting_disp_m" VALUES(96,50,NULL,70020501,4,NULL,1);
INSERT INTO "multi_unit_scenario_setting_disp_m" VALUES(97,50,NULL,70070504,5,NULL,0);
INSERT INTO "multi_unit_scenario_setting_disp_m" VALUES(98,51,NULL,70020501,4,NULL,0);
INSERT INTO "multi_unit_scenario_setting_disp_m" VALUES(99,51,NULL,70070504,5,NULL,1);
INSERT INTO "multi_unit_scenario_setting_disp_m" VALUES(100,52,NULL,70020502,4,NULL,1);
INSERT INTO "multi_unit_scenario_setting_disp_m" VALUES(101,52,NULL,70070504,5,NULL,0);
INSERT INTO "multi_unit_scenario_setting_disp_m" VALUES(102,53,NULL,70020502,4,NULL,0);
INSERT INTO "multi_unit_scenario_setting_disp_m" VALUES(103,53,'455',70070502,5,12,1);
INSERT INTO "multi_unit_scenario_setting_disp_m" VALUES(104,54,NULL,70020504,4,NULL,1);
INSERT INTO "multi_unit_scenario_setting_disp_m" VALUES(105,54,NULL,70070501,5,NULL,0);
INSERT INTO "multi_unit_scenario_setting_disp_m" VALUES(106,55,NULL,70020504,4,NULL,1);
INSERT INTO "multi_unit_scenario_setting_disp_m" VALUES(107,55,NULL,70070501,5,NULL,0);
INSERT INTO "multi_unit_scenario_setting_disp_m" VALUES(108,56,NULL,70020504,4,NULL,0);
INSERT INTO "multi_unit_scenario_setting_disp_m" VALUES(109,56,NULL,70070502,5,NULL,1);
INSERT INTO "multi_unit_scenario_setting_disp_m" VALUES(110,57,NULL,70020501,4,NULL,0);
INSERT INTO "multi_unit_scenario_setting_disp_m" VALUES(111,57,NULL,70070501,5,NULL,1);
INSERT INTO "multi_unit_scenario_setting_disp_m" VALUES(112,58,NULL,70020501,4,NULL,0);
INSERT INTO "multi_unit_scenario_setting_disp_m" VALUES(113,58,NULL,70070502,5,NULL,1);
INSERT INTO "multi_unit_scenario_setting_disp_m" VALUES(114,59,NULL,70020501,4,NULL,0);
INSERT INTO "multi_unit_scenario_setting_disp_m" VALUES(115,59,NULL,70070501,5,NULL,1);
INSERT INTO "multi_unit_scenario_setting_disp_m" VALUES(116,60,NULL,70020502,4,NULL,1);
INSERT INTO "multi_unit_scenario_setting_disp_m" VALUES(117,60,NULL,70070501,5,NULL,0);
INSERT INTO "multi_unit_scenario_setting_disp_m" VALUES(118,61,NULL,70020501,4,NULL,1);
INSERT INTO "multi_unit_scenario_setting_disp_m" VALUES(119,61,NULL,70070501,5,NULL,0);
INSERT INTO "multi_unit_scenario_setting_disp_m" VALUES(120,62,NULL,70020501,4,NULL,1);
INSERT INTO "multi_unit_scenario_setting_disp_m" VALUES(121,62,NULL,70070501,5,NULL,0);
INSERT INTO "multi_unit_scenario_setting_disp_m" VALUES(122,63,NULL,70020501,4,NULL,0);
INSERT INTO "multi_unit_scenario_setting_disp_m" VALUES(123,63,'457',70070502,5,13,1);
INSERT INTO "multi_unit_scenario_setting_disp_m" VALUES(124,64,NULL,70020501,4,NULL,0);
INSERT INTO "multi_unit_scenario_setting_disp_m" VALUES(125,64,NULL,70070501,5,NULL,1);
INSERT INTO "multi_unit_scenario_setting_disp_m" VALUES(126,65,NULL,70072201,4,NULL,1);
INSERT INTO "multi_unit_scenario_setting_disp_m" VALUES(127,65,NULL,70022201,5,NULL,0);
INSERT INTO "multi_unit_scenario_setting_disp_m" VALUES(128,66,NULL,70072204,4,NULL,1);
INSERT INTO "multi_unit_scenario_setting_disp_m" VALUES(129,66,NULL,70022201,5,NULL,0);
INSERT INTO "multi_unit_scenario_setting_disp_m" VALUES(130,67,NULL,70072201,4,NULL,0);
INSERT INTO "multi_unit_scenario_setting_disp_m" VALUES(131,67,NULL,70022201,5,NULL,1);
INSERT INTO "multi_unit_scenario_setting_disp_m" VALUES(132,68,'457',70072202,4,13,1);
INSERT INTO "multi_unit_scenario_setting_disp_m" VALUES(133,68,NULL,70022201,5,NULL,0);
INSERT INTO "multi_unit_scenario_setting_disp_m" VALUES(134,69,NULL,30000000,2,NULL,0);
INSERT INTO "multi_unit_scenario_setting_disp_m" VALUES(135,70,NULL,30000000,2,NULL,0);
INSERT INTO "multi_unit_scenario_setting_disp_m" VALUES(136,71,NULL,30000000,2,NULL,0);
INSERT INTO "multi_unit_scenario_setting_disp_m" VALUES(137,72,NULL,30000000,2,NULL,0);
INSERT INTO "multi_unit_scenario_setting_disp_m" VALUES(138,73,NULL,30000000,2,NULL,0);
INSERT INTO "multi_unit_scenario_setting_disp_m" VALUES(139,74,NULL,30000000,2,NULL,0);
INSERT INTO "multi_unit_scenario_setting_disp_m" VALUES(140,75,NULL,30000000,2,NULL,0);
INSERT INTO "multi_unit_scenario_setting_disp_m" VALUES(141,76,NULL,30000000,2,NULL,0);
INSERT INTO "multi_unit_scenario_setting_disp_m" VALUES(142,77,NULL,80060601,4,NULL,0);
INSERT INTO "multi_unit_scenario_setting_disp_m" VALUES(143,77,NULL,80070602,5,NULL,1);
INSERT INTO "multi_unit_scenario_setting_disp_m" VALUES(144,78,NULL,80060601,4,NULL,1);
INSERT INTO "multi_unit_scenario_setting_disp_m" VALUES(145,78,NULL,80070601,5,NULL,0);
INSERT INTO "multi_unit_scenario_setting_disp_m" VALUES(146,79,NULL,80060601,4,NULL,0);
INSERT INTO "multi_unit_scenario_setting_disp_m" VALUES(147,79,NULL,80070601,5,NULL,1);
INSERT INTO "multi_unit_scenario_setting_disp_m" VALUES(148,80,'454',80060601,4,NULL,1);
INSERT INTO "multi_unit_scenario_setting_disp_m" VALUES(149,80,NULL,80070601,5,NULL,0);
INSERT INTO "multi_unit_scenario_setting_disp_m" VALUES(150,81,NULL,80060601,4,NULL,0);
INSERT INTO "multi_unit_scenario_setting_disp_m" VALUES(151,81,NULL,80070602,5,NULL,1);
INSERT INTO "multi_unit_scenario_setting_disp_m" VALUES(152,82,NULL,80060601,4,NULL,1);
INSERT INTO "multi_unit_scenario_setting_disp_m" VALUES(153,82,NULL,80070601,5,NULL,0);
INSERT INTO "multi_unit_scenario_setting_disp_m" VALUES(154,83,NULL,80060601,4,NULL,0);
INSERT INTO "multi_unit_scenario_setting_disp_m" VALUES(155,83,NULL,80070601,5,NULL,1);
INSERT INTO "multi_unit_scenario_setting_disp_m" VALUES(156,84,NULL,80060602,4,NULL,1);
INSERT INTO "multi_unit_scenario_setting_disp_m" VALUES(157,84,NULL,80070601,5,NULL,0);
INSERT INTO "multi_unit_scenario_setting_disp_m" VALUES(158,85,NULL,80060601,4,NULL,0);
INSERT INTO "multi_unit_scenario_setting_disp_m" VALUES(159,85,'457',80070602,5,13,1);
INSERT INTO "multi_unit_scenario_setting_disp_m" VALUES(160,86,NULL,80060604,4,NULL,1);
INSERT INTO "multi_unit_scenario_setting_disp_m" VALUES(161,86,NULL,80070601,5,NULL,0);
INSERT INTO "multi_unit_scenario_setting_disp_m" VALUES(162,87,NULL,80060604,4,NULL,0);
INSERT INTO "multi_unit_scenario_setting_disp_m" VALUES(163,87,NULL,80070602,5,NULL,1);
INSERT INTO "multi_unit_scenario_setting_disp_m" VALUES(164,88,'455',80060605,4,12,1);
INSERT INTO "multi_unit_scenario_setting_disp_m" VALUES(165,88,NULL,80070601,5,NULL,0);
INSERT INTO "multi_unit_scenario_setting_disp_m" VALUES(166,89,NULL,80060601,4,NULL,0);
INSERT INTO "multi_unit_scenario_setting_disp_m" VALUES(167,89,'457',80070602,5,13,1);
INSERT INTO "multi_unit_scenario_setting_disp_m" VALUES(168,90,NULL,80060601,4,NULL,1);
INSERT INTO "multi_unit_scenario_setting_disp_m" VALUES(169,90,NULL,80070601,5,NULL,0);
INSERT INTO "multi_unit_scenario_setting_disp_m" VALUES(170,91,NULL,80060601,4,NULL,0);
INSERT INTO "multi_unit_scenario_setting_disp_m" VALUES(171,91,NULL,80070601,5,NULL,1);
INSERT INTO "multi_unit_scenario_setting_disp_m" VALUES(172,92,NULL,80060601,4,NULL,1);
INSERT INTO "multi_unit_scenario_setting_disp_m" VALUES(173,92,NULL,80070601,5,NULL,0);
INSERT INTO "multi_unit_scenario_setting_disp_m" VALUES(174,93,NULL,80060601,4,NULL,0);
INSERT INTO "multi_unit_scenario_setting_disp_m" VALUES(175,93,NULL,80070601,5,NULL,1);
INSERT INTO "multi_unit_scenario_setting_disp_m" VALUES(176,94,NULL,80060601,4,NULL,1);
INSERT INTO "multi_unit_scenario_setting_disp_m" VALUES(177,94,NULL,80070601,5,NULL,0);
INSERT INTO "multi_unit_scenario_setting_disp_m" VALUES(178,95,NULL,80060601,4,NULL,0);
INSERT INTO "multi_unit_scenario_setting_disp_m" VALUES(179,95,NULL,80070602,5,NULL,1);
INSERT INTO "multi_unit_scenario_setting_disp_m" VALUES(180,96,NULL,80060602,4,NULL,1);
INSERT INTO "multi_unit_scenario_setting_disp_m" VALUES(181,96,NULL,80070602,5,7,0);
INSERT INTO "multi_unit_scenario_setting_disp_m" VALUES(182,97,NULL,80060604,4,NULL,0);
INSERT INTO "multi_unit_scenario_setting_disp_m" VALUES(183,97,NULL,80070602,5,4,1);
INSERT INTO "multi_unit_scenario_setting_disp_m" VALUES(184,98,NULL,80060601,4,NULL,1);
INSERT INTO "multi_unit_scenario_setting_disp_m" VALUES(185,98,NULL,80070601,5,NULL,0);
INSERT INTO "multi_unit_scenario_setting_disp_m" VALUES(186,99,NULL,80060601,4,NULL,0);
INSERT INTO "multi_unit_scenario_setting_disp_m" VALUES(187,99,NULL,80070601,5,NULL,1);
INSERT INTO "multi_unit_scenario_setting_disp_m" VALUES(188,100,NULL,80060603,4,NULL,1);
INSERT INTO "multi_unit_scenario_setting_disp_m" VALUES(189,100,NULL,80070601,5,NULL,0);
INSERT INTO "multi_unit_scenario_setting_disp_m" VALUES(190,101,NULL,80060601,4,NULL,0);
INSERT INTO "multi_unit_scenario_setting_disp_m" VALUES(191,101,'461',80070602,5,11,1);
INSERT INTO "multi_unit_scenario_setting_disp_m" VALUES(192,102,NULL,80061601,4,NULL,0);
INSERT INTO "multi_unit_scenario_setting_disp_m" VALUES(193,102,NULL,80071601,5,NULL,1);
INSERT INTO "multi_unit_scenario_setting_disp_m" VALUES(194,103,NULL,80061602,4,NULL,1);
INSERT INTO "multi_unit_scenario_setting_disp_m" VALUES(195,103,NULL,80071601,5,NULL,0);
INSERT INTO "multi_unit_scenario_setting_disp_m" VALUES(196,104,NULL,80061601,4,NULL,0);
INSERT INTO "multi_unit_scenario_setting_disp_m" VALUES(197,104,NULL,80071601,5,NULL,1);
INSERT INTO "multi_unit_scenario_setting_disp_m" VALUES(198,105,NULL,80061601,4,NULL,1);
INSERT INTO "multi_unit_scenario_setting_disp_m" VALUES(199,105,NULL,80071601,5,NULL,0);
INSERT INTO "multi_unit_scenario_setting_disp_m" VALUES(200,106,NULL,80061601,4,NULL,0);
INSERT INTO "multi_unit_scenario_setting_disp_m" VALUES(201,106,NULL,80071602,5,NULL,1);
INSERT INTO "multi_unit_scenario_setting_disp_m" VALUES(202,107,NULL,80061601,4,NULL,0);
INSERT INTO "multi_unit_scenario_setting_disp_m" VALUES(203,107,NULL,80071601,5,NULL,1);
INSERT INTO "multi_unit_scenario_setting_disp_m" VALUES(204,108,NULL,80061601,4,NULL,1);
INSERT INTO "multi_unit_scenario_setting_disp_m" VALUES(205,108,NULL,80071601,5,NULL,0);
INSERT INTO "multi_unit_scenario_setting_disp_m" VALUES(206,109,NULL,80061601,4,NULL,0);
INSERT INTO "multi_unit_scenario_setting_disp_m" VALUES(207,109,'454',80071601,5,NULL,1);
INSERT INTO "multi_unit_scenario_setting_disp_m" VALUES(208,110,NULL,80061601,4,NULL,1);
INSERT INTO "multi_unit_scenario_setting_disp_m" VALUES(209,110,NULL,80071601,5,NULL,0);
INSERT INTO "multi_unit_scenario_setting_disp_m" VALUES(210,111,NULL,80061601,4,NULL,0);
INSERT INTO "multi_unit_scenario_setting_disp_m" VALUES(211,111,NULL,80071602,5,NULL,1);
INSERT INTO "multi_unit_scenario_setting_disp_m" VALUES(212,112,NULL,80061601,4,NULL,1);
INSERT INTO "multi_unit_scenario_setting_disp_m" VALUES(213,112,NULL,80071601,5,NULL,0);
INSERT INTO "multi_unit_scenario_setting_disp_m" VALUES(214,113,NULL,80061601,4,NULL,0);
INSERT INTO "multi_unit_scenario_setting_disp_m" VALUES(215,113,'454',80071601,5,NULL,1);
INSERT INTO "multi_unit_scenario_setting_disp_m" VALUES(216,114,NULL,80061602,4,NULL,1);
INSERT INTO "multi_unit_scenario_setting_disp_m" VALUES(217,114,NULL,80071601,5,NULL,0);
INSERT INTO "multi_unit_scenario_setting_disp_m" VALUES(218,115,NULL,80061601,4,NULL,0);
INSERT INTO "multi_unit_scenario_setting_disp_m" VALUES(219,115,NULL,80071602,5,NULL,1);
INSERT INTO "multi_unit_scenario_setting_disp_m" VALUES(220,116,NULL,80061601,4,NULL,1);
INSERT INTO "multi_unit_scenario_setting_disp_m" VALUES(221,116,NULL,80071601,5,NULL,0);
INSERT INTO "multi_unit_scenario_setting_disp_m" VALUES(222,117,NULL,80061601,4,NULL,0);
INSERT INTO "multi_unit_scenario_setting_disp_m" VALUES(223,117,NULL,80071601,5,NULL,1);
INSERT INTO "multi_unit_scenario_setting_disp_m" VALUES(224,118,'455',80061602,4,12,1);
INSERT INTO "multi_unit_scenario_setting_disp_m" VALUES(225,118,NULL,80071601,5,NULL,0);
INSERT INTO "multi_unit_scenario_setting_disp_m" VALUES(226,119,NULL,80061602,4,NULL,0);
INSERT INTO "multi_unit_scenario_setting_disp_m" VALUES(227,119,NULL,80071602,5,NULL,1);
INSERT INTO "multi_unit_scenario_setting_disp_m" VALUES(228,120,'457',80061602,4,13,1);
INSERT INTO "multi_unit_scenario_setting_disp_m" VALUES(229,120,NULL,80071602,5,NULL,0);
INSERT INTO "multi_unit_scenario_setting_disp_m" VALUES(230,121,NULL,80061601,4,NULL,0);
INSERT INTO "multi_unit_scenario_setting_disp_m" VALUES(231,121,NULL,80071601,5,NULL,1);
INSERT INTO "multi_unit_scenario_setting_disp_m" VALUES(232,122,NULL,80061601,4,NULL,1);
INSERT INTO "multi_unit_scenario_setting_disp_m" VALUES(233,122,NULL,80071601,5,NULL,0);
INSERT INTO "multi_unit_scenario_setting_disp_m" VALUES(234,123,NULL,80061601,4,NULL,0);
INSERT INTO "multi_unit_scenario_setting_disp_m" VALUES(235,123,NULL,80071601,5,NULL,1);
INSERT INTO "multi_unit_scenario_setting_disp_m" VALUES(236,124,NULL,80061601,4,NULL,1);
INSERT INTO "multi_unit_scenario_setting_disp_m" VALUES(237,124,NULL,80071601,5,NULL,0);
INSERT INTO "multi_unit_scenario_setting_disp_m" VALUES(238,125,NULL,80061601,4,NULL,0);
INSERT INTO "multi_unit_scenario_setting_disp_m" VALUES(239,125,'457',80071602,5,13,1);
INSERT INTO "multi_unit_scenario_setting_disp_m" VALUES(240,126,NULL,80061602,4,NULL,1);
INSERT INTO "multi_unit_scenario_setting_disp_m" VALUES(241,126,NULL,80071602,5,NULL,1);
INSERT INTO "multi_unit_scenario_setting_disp_m" VALUES(242,127,NULL,80061701,4,NULL,1);
INSERT INTO "multi_unit_scenario_setting_disp_m" VALUES(243,127,NULL,80071701,5,NULL,0);
INSERT INTO "multi_unit_scenario_setting_disp_m" VALUES(244,128,NULL,80061701,4,NULL,0);
INSERT INTO "multi_unit_scenario_setting_disp_m" VALUES(245,128,NULL,80071701,5,NULL,1);
INSERT INTO "multi_unit_scenario_setting_disp_m" VALUES(246,129,'457',80061702,4,1,1);
INSERT INTO "multi_unit_scenario_setting_disp_m" VALUES(247,129,NULL,80071701,5,NULL,0);
INSERT INTO "multi_unit_scenario_setting_disp_m" VALUES(248,130,NULL,80061702,4,NULL,0);
INSERT INTO "multi_unit_scenario_setting_disp_m" VALUES(249,130,NULL,80071701,5,NULL,1);
INSERT INTO "multi_unit_scenario_setting_disp_m" VALUES(250,131,NULL,80061705,4,NULL,1);
INSERT INTO "multi_unit_scenario_setting_disp_m" VALUES(251,131,NULL,80071701,5,NULL,0);
INSERT INTO "multi_unit_scenario_setting_disp_m" VALUES(252,132,NULL,80061701,4,NULL,0);
INSERT INTO "multi_unit_scenario_setting_disp_m" VALUES(253,132,'457',80071702,5,13,1);
INSERT INTO "multi_unit_scenario_setting_disp_m" VALUES(254,133,NULL,30000000,2,NULL,0);
INSERT INTO "multi_unit_scenario_setting_disp_m" VALUES(255,134,NULL,30000000,2,NULL,0);
INSERT INTO "multi_unit_scenario_setting_disp_m" VALUES(256,135,NULL,30000000,2,NULL,0);
INSERT INTO "multi_unit_scenario_setting_disp_m" VALUES(257,136,NULL,30000000,2,NULL,0);
INSERT INTO "multi_unit_scenario_setting_disp_m" VALUES(258,137,NULL,30000000,2,NULL,0);
INSERT INTO "multi_unit_scenario_setting_disp_m" VALUES(259,138,NULL,30000000,2,NULL,0);
INSERT INTO "multi_unit_scenario_setting_disp_m" VALUES(260,139,NULL,30000000,2,NULL,0);
INSERT INTO "multi_unit_scenario_setting_disp_m" VALUES(261,140,NULL,30000000,2,NULL,0);
INSERT INTO "multi_unit_scenario_setting_disp_m" VALUES(262,141,NULL,30000000,2,NULL,0);
INSERT INTO "multi_unit_scenario_setting_disp_m" VALUES(263,142,NULL,30000000,2,NULL,0);
INSERT INTO "multi_unit_scenario_setting_disp_m" VALUES(264,143,NULL,30000000,2,NULL,0);
INSERT INTO "multi_unit_scenario_setting_disp_m" VALUES(265,144,NULL,30000000,2,NULL,0);
INSERT INTO "multi_unit_scenario_setting_disp_m" VALUES(266,145,NULL,30000000,2,NULL,0);
INSERT INTO "multi_unit_scenario_setting_disp_m" VALUES(267,146,NULL,30000000,2,NULL,0);
INSERT INTO "multi_unit_scenario_setting_disp_m" VALUES(268,147,NULL,30000000,2,NULL,0);
INSERT INTO "multi_unit_scenario_setting_disp_m" VALUES(269,148,NULL,30000000,2,NULL,0);
INSERT INTO "multi_unit_scenario_setting_disp_m" VALUES(270,149,NULL,30000000,2,NULL,0);
INSERT INTO "multi_unit_scenario_setting_disp_m" VALUES(271,150,NULL,30000000,2,NULL,0);
INSERT INTO "multi_unit_scenario_setting_disp_m" VALUES(272,151,NULL,80015102,4,6,1);
INSERT INTO "multi_unit_scenario_setting_disp_m" VALUES(273,151,NULL,70015101,5,NULL,0);
INSERT INTO "multi_unit_scenario_setting_disp_m" VALUES(274,152,NULL,80015101,4,NULL,0);
INSERT INTO "multi_unit_scenario_setting_disp_m" VALUES(275,152,NULL,70015102,5,NULL,1);
INSERT INTO "multi_unit_scenario_setting_disp_m" VALUES(276,153,NULL,80015101,4,NULL,0);
INSERT INTO "multi_unit_scenario_setting_disp_m" VALUES(277,153,'454',70015103,5,NULL,1);
INSERT INTO "multi_unit_scenario_setting_disp_m" VALUES(278,154,'459',80015102,4,14,1);
INSERT INTO "multi_unit_scenario_setting_disp_m" VALUES(279,154,NULL,70015101,5,NULL,0);
INSERT INTO "multi_unit_scenario_setting_disp_m" VALUES(280,155,NULL,80015101,4,NULL,0);
INSERT INTO "multi_unit_scenario_setting_disp_m" VALUES(281,155,NULL,70015102,5,NULL,1);
INSERT INTO "multi_unit_scenario_setting_disp_m" VALUES(282,156,NULL,80015102,4,NULL,1);
INSERT INTO "multi_unit_scenario_setting_disp_m" VALUES(283,156,NULL,70015101,5,NULL,0);
INSERT INTO "multi_unit_scenario_setting_disp_m" VALUES(284,157,NULL,80015101,4,NULL,0);
INSERT INTO "multi_unit_scenario_setting_disp_m" VALUES(285,157,NULL,70015102,5,NULL,1);
INSERT INTO "multi_unit_scenario_setting_disp_m" VALUES(286,158,NULL,80015102,4,NULL,1);
INSERT INTO "multi_unit_scenario_setting_disp_m" VALUES(287,158,NULL,70015101,5,NULL,0);
INSERT INTO "multi_unit_scenario_setting_disp_m" VALUES(288,159,NULL,80015101,4,NULL,1);
INSERT INTO "multi_unit_scenario_setting_disp_m" VALUES(289,159,NULL,70015101,5,NULL,0);
INSERT INTO "multi_unit_scenario_setting_disp_m" VALUES(290,160,NULL,80015102,4,NULL,1);
INSERT INTO "multi_unit_scenario_setting_disp_m" VALUES(291,160,NULL,70015101,5,NULL,0);
INSERT INTO "multi_unit_scenario_setting_disp_m" VALUES(292,161,NULL,80015101,4,NULL,0);
INSERT INTO "multi_unit_scenario_setting_disp_m" VALUES(293,161,'461',70015102,5,11,1);
INSERT INTO "multi_unit_scenario_setting_disp_m" VALUES(294,162,NULL,80015102,4,NULL,1);
INSERT INTO "multi_unit_scenario_setting_disp_m" VALUES(295,162,NULL,70015101,5,NULL,0);
INSERT INTO "multi_unit_scenario_setting_disp_m" VALUES(296,163,NULL,80015101,4,NULL,0);
INSERT INTO "multi_unit_scenario_setting_disp_m" VALUES(297,163,NULL,70015102,5,NULL,1);
INSERT INTO "multi_unit_scenario_setting_disp_m" VALUES(298,164,NULL,80015103,4,NULL,1);
INSERT INTO "multi_unit_scenario_setting_disp_m" VALUES(299,164,NULL,70015101,5,NULL,0);
INSERT INTO "multi_unit_scenario_setting_disp_m" VALUES(300,165,NULL,80015101,4,NULL,0);
INSERT INTO "multi_unit_scenario_setting_disp_m" VALUES(301,165,'457',70015102,5,13,1);
INSERT INTO "multi_unit_scenario_setting_disp_m" VALUES(302,166,NULL,80015101,4,NULL,0);
INSERT INTO "multi_unit_scenario_setting_disp_m" VALUES(303,166,NULL,70015101,5,NULL,1);
INSERT INTO "multi_unit_scenario_setting_disp_m" VALUES(304,167,NULL,80015101,4,NULL,1);
INSERT INTO "multi_unit_scenario_setting_disp_m" VALUES(305,167,NULL,70015101,5,NULL,0);
INSERT INTO "multi_unit_scenario_setting_disp_m" VALUES(306,168,NULL,80015101,4,NULL,1);
INSERT INTO "multi_unit_scenario_setting_disp_m" VALUES(307,168,NULL,70015101,5,NULL,0);
INSERT INTO "multi_unit_scenario_setting_disp_m" VALUES(308,169,NULL,80015101,4,NULL,0);
INSERT INTO "multi_unit_scenario_setting_disp_m" VALUES(309,169,NULL,70015102,5,NULL,1);
INSERT INTO "multi_unit_scenario_setting_disp_m" VALUES(310,170,NULL,80015101,4,NULL,0);
INSERT INTO "multi_unit_scenario_setting_disp_m" VALUES(311,170,NULL,70015101,5,NULL,1);
INSERT INTO "multi_unit_scenario_setting_disp_m" VALUES(312,171,NULL,80015102,4,NULL,1);
INSERT INTO "multi_unit_scenario_setting_disp_m" VALUES(313,171,NULL,70015101,5,NULL,0);
INSERT INTO "multi_unit_scenario_setting_disp_m" VALUES(314,172,NULL,80015101,4,NULL,0);
INSERT INTO "multi_unit_scenario_setting_disp_m" VALUES(315,172,'457',70015102,5,13,1);
INSERT INTO "multi_unit_scenario_setting_disp_m" VALUES(316,173,'457',80015102,4,13,1);
INSERT INTO "multi_unit_scenario_setting_disp_m" VALUES(317,173,NULL,70015101,5,NULL,0);
INSERT INTO "multi_unit_scenario_setting_disp_m" VALUES(318,174,NULL,80015102,4,NULL,0);
INSERT INTO "multi_unit_scenario_setting_disp_m" VALUES(319,174,NULL,70015102,5,NULL,1);
INSERT INTO "multi_unit_scenario_setting_disp_m" VALUES(320,175,NULL,80015102,4,NULL,1);
INSERT INTO "multi_unit_scenario_setting_disp_m" VALUES(321,175,NULL,70015102,5,NULL,0);
INSERT INTO "multi_unit_scenario_setting_disp_m" VALUES(322,176,NULL,80015101,4,NULL,0);
INSERT INTO "multi_unit_scenario_setting_disp_m" VALUES(323,176,NULL,70015101,5,NULL,1);
INSERT INTO "multi_unit_scenario_setting_disp_m" VALUES(324,177,NULL,80015101,4,NULL,0);
INSERT INTO "multi_unit_scenario_setting_disp_m" VALUES(325,177,'457',70015102,5,13,1);
INSERT INTO "multi_unit_scenario_setting_disp_m" VALUES(326,178,NULL,80015103,4,NULL,1);
INSERT INTO "multi_unit_scenario_setting_disp_m" VALUES(327,178,NULL,70015101,5,NULL,0);
INSERT INTO "multi_unit_scenario_setting_disp_m" VALUES(328,179,NULL,80015101,4,NULL,0);
INSERT INTO "multi_unit_scenario_setting_disp_m" VALUES(329,179,NULL,70015102,5,NULL,1);
INSERT INTO "multi_unit_scenario_setting_disp_m" VALUES(330,180,NULL,80015101,4,NULL,1);
INSERT INTO "multi_unit_scenario_setting_disp_m" VALUES(331,180,NULL,70015101,5,NULL,0);
INSERT INTO "multi_unit_scenario_setting_disp_m" VALUES(332,181,NULL,80015101,4,NULL,0);
INSERT INTO "multi_unit_scenario_setting_disp_m" VALUES(333,181,NULL,70015102,5,NULL,1);
INSERT INTO "multi_unit_scenario_setting_disp_m" VALUES(334,182,NULL,80015101,4,NULL,0);
INSERT INTO "multi_unit_scenario_setting_disp_m" VALUES(335,182,NULL,70015102,5,NULL,1);
INSERT INTO "multi_unit_scenario_setting_disp_m" VALUES(336,183,'457',80015102,4,13,1);
INSERT INTO "multi_unit_scenario_setting_disp_m" VALUES(337,183,NULL,70015101,5,NULL,0);
INSERT INTO "multi_unit_scenario_setting_disp_m" VALUES(338,184,NULL,80015101,4,NULL,0);
INSERT INTO "multi_unit_scenario_setting_disp_m" VALUES(339,184,NULL,70015101,5,NULL,1);
INSERT INTO "multi_unit_scenario_setting_disp_m" VALUES(340,185,NULL,80015101,4,NULL,0);
INSERT INTO "multi_unit_scenario_setting_disp_m" VALUES(341,185,NULL,70015103,5,NULL,1);
INSERT INTO "multi_unit_scenario_setting_disp_m" VALUES(342,186,NULL,80015102,4,NULL,1);
INSERT INTO "multi_unit_scenario_setting_disp_m" VALUES(343,186,NULL,70015101,5,NULL,0);
INSERT INTO "multi_unit_scenario_setting_disp_m" VALUES(344,187,NULL,80015101,4,NULL,0);
INSERT INTO "multi_unit_scenario_setting_disp_m" VALUES(345,187,'457',70015102,5,13,1);
INSERT INTO "multi_unit_scenario_setting_disp_m" VALUES(346,188,NULL,30000000,2,NULL,0);
INSERT INTO "multi_unit_scenario_setting_disp_m" VALUES(347,189,NULL,30000000,2,NULL,1);
INSERT INTO "multi_unit_scenario_setting_disp_m" VALUES(348,190,NULL,30000000,2,NULL,0);
INSERT INTO "multi_unit_scenario_setting_disp_m" VALUES(349,191,NULL,30000000,2,NULL,0);
INSERT INTO "multi_unit_scenario_setting_disp_m" VALUES(350,192,NULL,80015101,4,NULL,0);
INSERT INTO "multi_unit_scenario_setting_disp_m" VALUES(351,192,NULL,70015102,5,NULL,1);
INSERT INTO "multi_unit_scenario_setting_disp_m" VALUES(352,193,NULL,80015102,4,NULL,1);
INSERT INTO "multi_unit_scenario_setting_disp_m" VALUES(353,193,NULL,70015101,5,NULL,0);
INSERT INTO "multi_unit_scenario_setting_disp_m" VALUES(354,194,NULL,80015103,4,NULL,0);
INSERT INTO "multi_unit_scenario_setting_disp_m" VALUES(355,194,'454',70015101,5,NULL,1);
INSERT INTO "multi_unit_scenario_setting_disp_m" VALUES(356,195,'459',80015102,4,14,1);
INSERT INTO "multi_unit_scenario_setting_disp_m" VALUES(357,195,NULL,70015101,5,NULL,0);
INSERT INTO "multi_unit_scenario_setting_disp_m" VALUES(358,196,NULL,80015101,4,NULL,0);
INSERT INTO "multi_unit_scenario_setting_disp_m" VALUES(359,196,NULL,70015102,5,NULL,1);
INSERT INTO "multi_unit_scenario_setting_disp_m" VALUES(360,197,NULL,80015101,4,NULL,0);
INSERT INTO "multi_unit_scenario_setting_disp_m" VALUES(361,197,NULL,70015101,5,NULL,1);
INSERT INTO "multi_unit_scenario_setting_disp_m" VALUES(362,198,'457',80015102,4,13,1);
INSERT INTO "multi_unit_scenario_setting_disp_m" VALUES(363,198,NULL,70015101,5,NULL,0);
INSERT INTO "multi_unit_scenario_setting_disp_m" VALUES(364,199,NULL,80015101,4,NULL,1);
INSERT INTO "multi_unit_scenario_setting_disp_m" VALUES(365,199,NULL,70015101,5,NULL,0);
INSERT INTO "multi_unit_scenario_setting_disp_m" VALUES(366,200,NULL,80015101,4,NULL,0);
INSERT INTO "multi_unit_scenario_setting_disp_m" VALUES(367,200,'457',70015102,5,13,1);
INSERT INTO "multi_unit_scenario_setting_disp_m" VALUES(368,201,NULL,80015102,4,NULL,1);
INSERT INTO "multi_unit_scenario_setting_disp_m" VALUES(369,201,NULL,70015101,5,NULL,0);
INSERT INTO "multi_unit_scenario_setting_disp_m" VALUES(370,202,NULL,80015102,4,NULL,0);
INSERT INTO "multi_unit_scenario_setting_disp_m" VALUES(371,202,NULL,70015102,5,NULL,1);
INSERT INTO "multi_unit_scenario_setting_disp_m" VALUES(372,203,NULL,80015102,4,NULL,1);
INSERT INTO "multi_unit_scenario_setting_disp_m" VALUES(373,203,NULL,70015102,5,NULL,0);
INSERT INTO "multi_unit_scenario_setting_disp_m" VALUES(374,204,NULL,70055101,4,NULL,0);
INSERT INTO "multi_unit_scenario_setting_disp_m" VALUES(375,204,NULL,70085102,5,NULL,1);
INSERT INTO "multi_unit_scenario_setting_disp_m" VALUES(376,205,NULL,70055101,4,NULL,1);
INSERT INTO "multi_unit_scenario_setting_disp_m" VALUES(377,205,NULL,70085101,5,NULL,0);
INSERT INTO "multi_unit_scenario_setting_disp_m" VALUES(378,206,NULL,70055101,4,NULL,0);
INSERT INTO "multi_unit_scenario_setting_disp_m" VALUES(379,206,NULL,70085102,5,NULL,1);
INSERT INTO "multi_unit_scenario_setting_disp_m" VALUES(380,207,NULL,70055101,4,NULL,0);
INSERT INTO "multi_unit_scenario_setting_disp_m" VALUES(381,207,'454',70085101,5,NULL,1);
INSERT INTO "multi_unit_scenario_setting_disp_m" VALUES(382,208,NULL,70055104,4,NULL,1);
INSERT INTO "multi_unit_scenario_setting_disp_m" VALUES(383,208,NULL,70085101,5,NULL,0);
INSERT INTO "multi_unit_scenario_setting_disp_m" VALUES(384,209,NULL,70055104,4,NULL,0);
INSERT INTO "multi_unit_scenario_setting_disp_m" VALUES(385,209,NULL,70085104,5,NULL,1);
INSERT INTO "multi_unit_scenario_setting_disp_m" VALUES(386,210,NULL,70055104,4,NULL,1);
INSERT INTO "multi_unit_scenario_setting_disp_m" VALUES(387,210,NULL,70085104,5,NULL,0);
INSERT INTO "multi_unit_scenario_setting_disp_m" VALUES(388,211,'459',70055104,4,14,1);
INSERT INTO "multi_unit_scenario_setting_disp_m" VALUES(389,211,NULL,70085104,5,NULL,0);
INSERT INTO "multi_unit_scenario_setting_disp_m" VALUES(390,212,NULL,70055104,4,NULL,0);
INSERT INTO "multi_unit_scenario_setting_disp_m" VALUES(391,212,NULL,70085102,5,NULL,1);
INSERT INTO "multi_unit_scenario_setting_disp_m" VALUES(392,213,'456',70055101,4,NULL,1);
INSERT INTO "multi_unit_scenario_setting_disp_m" VALUES(393,213,NULL,70085101,5,NULL,0);
INSERT INTO "multi_unit_scenario_setting_disp_m" VALUES(394,214,NULL,70055101,4,NULL,0);
INSERT INTO "multi_unit_scenario_setting_disp_m" VALUES(395,214,'457',70085102,5,13,1);
INSERT INTO "multi_unit_scenario_setting_disp_m" VALUES(396,215,NULL,70055101,4,NULL,1);
INSERT INTO "multi_unit_scenario_setting_disp_m" VALUES(397,215,NULL,70085101,5,NULL,0);
INSERT INTO "multi_unit_scenario_setting_disp_m" VALUES(398,216,NULL,70055101,4,NULL,0);
INSERT INTO "multi_unit_scenario_setting_disp_m" VALUES(399,216,'459',70085104,5,14,1);
INSERT INTO "multi_unit_scenario_setting_disp_m" VALUES(400,217,NULL,70055101,4,NULL,1);
INSERT INTO "multi_unit_scenario_setting_disp_m" VALUES(401,217,NULL,70085104,5,NULL,0);
INSERT INTO "multi_unit_scenario_setting_disp_m" VALUES(402,218,NULL,70055104,4,NULL,0);
INSERT INTO "multi_unit_scenario_setting_disp_m" VALUES(403,218,NULL,70085104,5,NULL,1);
INSERT INTO "multi_unit_scenario_setting_disp_m" VALUES(404,219,NULL,70055104,4,NULL,1);
INSERT INTO "multi_unit_scenario_setting_disp_m" VALUES(405,219,NULL,70085104,5,NULL,0);
INSERT INTO "multi_unit_scenario_setting_disp_m" VALUES(406,220,NULL,70055104,4,NULL,0);
INSERT INTO "multi_unit_scenario_setting_disp_m" VALUES(407,220,NULL,70085101,5,NULL,1);
INSERT INTO "multi_unit_scenario_setting_disp_m" VALUES(408,221,NULL,70055101,4,NULL,0);
INSERT INTO "multi_unit_scenario_setting_disp_m" VALUES(409,221,NULL,70085101,5,NULL,1);
INSERT INTO "multi_unit_scenario_setting_disp_m" VALUES(410,222,'454',70055101,4,NULL,1);
INSERT INTO "multi_unit_scenario_setting_disp_m" VALUES(411,222,NULL,70085101,5,NULL,0);
INSERT INTO "multi_unit_scenario_setting_disp_m" VALUES(412,223,NULL,70055101,4,NULL,0);
INSERT INTO "multi_unit_scenario_setting_disp_m" VALUES(413,223,NULL,70085101,5,NULL,1);
INSERT INTO "multi_unit_scenario_setting_disp_m" VALUES(414,224,NULL,70055101,4,NULL,0);
INSERT INTO "multi_unit_scenario_setting_disp_m" VALUES(415,224,NULL,70085102,5,NULL,1);
INSERT INTO "multi_unit_scenario_setting_disp_m" VALUES(416,225,'457',70055102,4,13,1);
INSERT INTO "multi_unit_scenario_setting_disp_m" VALUES(417,225,NULL,70085101,5,NULL,0);
INSERT INTO "multi_unit_scenario_setting_disp_m" VALUES(418,226,NULL,70055101,4,NULL,0);
INSERT INTO "multi_unit_scenario_setting_disp_m" VALUES(419,226,NULL,70085102,5,NULL,1);
INSERT INTO "multi_unit_scenario_setting_disp_m" VALUES(420,227,NULL,70055102,4,NULL,1);
INSERT INTO "multi_unit_scenario_setting_disp_m" VALUES(421,227,NULL,70085101,5,NULL,0);
INSERT INTO "multi_unit_scenario_setting_disp_m" VALUES(422,228,NULL,70055102,4,NULL,0);
INSERT INTO "multi_unit_scenario_setting_disp_m" VALUES(423,228,'459',70085101,5,14,1);
INSERT INTO "multi_unit_scenario_setting_disp_m" VALUES(424,229,NULL,70055101,4,NULL,1);
INSERT INTO "multi_unit_scenario_setting_disp_m" VALUES(425,229,NULL,70085101,5,NULL,0);
INSERT INTO "multi_unit_scenario_setting_disp_m" VALUES(426,230,NULL,70055101,4,NULL,0);
INSERT INTO "multi_unit_scenario_setting_disp_m" VALUES(427,230,NULL,70085101,5,NULL,1);
INSERT INTO "multi_unit_scenario_setting_disp_m" VALUES(428,231,'457',70055102,4,13,1);
INSERT INTO "multi_unit_scenario_setting_disp_m" VALUES(429,231,NULL,70085101,5,NULL,0);
INSERT INTO "multi_unit_scenario_setting_disp_m" VALUES(430,232,NULL,70055101,4,NULL,1);
INSERT INTO "multi_unit_scenario_setting_disp_m" VALUES(431,232,NULL,70085101,5,NULL,0);
INSERT INTO "multi_unit_scenario_setting_disp_m" VALUES(432,233,NULL,70055101,4,NULL,0);
INSERT INTO "multi_unit_scenario_setting_disp_m" VALUES(433,233,'457',70085102,5,13,1);
INSERT INTO "multi_unit_scenario_setting_disp_m" VALUES(434,234,NULL,70055102,4,NULL,1);
INSERT INTO "multi_unit_scenario_setting_disp_m" VALUES(435,234,NULL,70085102,5,NULL,0);
INSERT INTO "multi_unit_scenario_setting_disp_m" VALUES(436,235,NULL,70055101,4,NULL,0);
INSERT INTO "multi_unit_scenario_setting_disp_m" VALUES(437,235,'459',70085103,5,14,1);
INSERT INTO "multi_unit_scenario_setting_disp_m" VALUES(438,236,NULL,70055101,4,NULL,0);
INSERT INTO "multi_unit_scenario_setting_disp_m" VALUES(439,236,NULL,70085101,5,NULL,1);
INSERT INTO "multi_unit_scenario_setting_disp_m" VALUES(440,237,NULL,70055104,4,NULL,1);
INSERT INTO "multi_unit_scenario_setting_disp_m" VALUES(441,237,NULL,70085104,5,NULL,0);
INSERT INTO "multi_unit_scenario_setting_disp_m" VALUES(442,238,NULL,70055104,4,NULL,0);
INSERT INTO "multi_unit_scenario_setting_disp_m" VALUES(443,238,NULL,70085104,5,NULL,1);
INSERT INTO "multi_unit_scenario_setting_disp_m" VALUES(444,239,'454',70055103,4,NULL,1);
INSERT INTO "multi_unit_scenario_setting_disp_m" VALUES(445,239,NULL,70085101,5,NULL,0);
INSERT INTO "multi_unit_scenario_setting_disp_m" VALUES(446,240,NULL,70055104,4,NULL,0);
INSERT INTO "multi_unit_scenario_setting_disp_m" VALUES(447,240,NULL,70085103,5,NULL,1);
INSERT INTO "multi_unit_scenario_setting_disp_m" VALUES(448,241,NULL,70055104,4,NULL,0);
INSERT INTO "multi_unit_scenario_setting_disp_m" VALUES(449,241,NULL,70085103,5,NULL,1);
INSERT INTO "multi_unit_scenario_setting_disp_m" VALUES(450,242,'457',70055101,4,13,1);
INSERT INTO "multi_unit_scenario_setting_disp_m" VALUES(451,242,NULL,70085101,5,NULL,0);
INSERT INTO "multi_unit_scenario_setting_disp_m" VALUES(452,243,'454',70055104,4,6,1);
INSERT INTO "multi_unit_scenario_setting_disp_m" VALUES(453,243,NULL,70085101,5,NULL,0);
INSERT INTO "multi_unit_scenario_setting_disp_m" VALUES(454,244,NULL,70055101,4,NULL,0);
INSERT INTO "multi_unit_scenario_setting_disp_m" VALUES(455,244,NULL,70085101,5,NULL,1);
INSERT INTO "multi_unit_scenario_setting_disp_m" VALUES(456,245,'457',70055102,4,13,1);
INSERT INTO "multi_unit_scenario_setting_disp_m" VALUES(457,245,NULL,70085101,5,NULL,0);
INSERT INTO "multi_unit_scenario_setting_disp_m" VALUES(458,246,NULL,70055102,4,NULL,0);
INSERT INTO "multi_unit_scenario_setting_disp_m" VALUES(459,246,NULL,70085102,5,NULL,1);
INSERT INTO "multi_unit_scenario_setting_disp_m" VALUES(460,247,NULL,70055102,4,NULL,1);
INSERT INTO "multi_unit_scenario_setting_disp_m" VALUES(461,247,NULL,70085102,5,NULL,0);
INSERT INTO "multi_unit_scenario_setting_disp_m" VALUES(462,248,NULL,70055101,4,NULL,0);
INSERT INTO "multi_unit_scenario_setting_disp_m" VALUES(463,248,NULL,70085101,5,NULL,1);
INSERT INTO "multi_unit_scenario_setting_disp_m" VALUES(464,249,NULL,70055101,4,NULL,1);
INSERT INTO "multi_unit_scenario_setting_disp_m" VALUES(465,249,NULL,70085101,5,NULL,0);
INSERT INTO "multi_unit_scenario_setting_disp_m" VALUES(466,250,'461',70055102,4,11,1);
INSERT INTO "multi_unit_scenario_setting_disp_m" VALUES(467,250,NULL,70085101,5,NULL,0);
INSERT INTO "multi_unit_scenario_setting_disp_m" VALUES(468,251,NULL,70055101,4,NULL,0);
INSERT INTO "multi_unit_scenario_setting_disp_m" VALUES(469,251,'457',70085102,5,13,1);
INSERT INTO "multi_unit_scenario_setting_disp_m" VALUES(470,252,NULL,70055102,4,NULL,1);
INSERT INTO "multi_unit_scenario_setting_disp_m" VALUES(471,252,NULL,70085101,5,NULL,0);
INSERT INTO "multi_unit_scenario_setting_disp_m" VALUES(472,253,NULL,70055101,4,NULL,0);
INSERT INTO "multi_unit_scenario_setting_disp_m" VALUES(473,253,NULL,70085102,5,NULL,1);
INSERT INTO "multi_unit_scenario_setting_disp_m" VALUES(474,254,NULL,70055102,4,NULL,1);
INSERT INTO "multi_unit_scenario_setting_disp_m" VALUES(475,254,NULL,70085101,5,NULL,0);
INSERT INTO "multi_unit_scenario_setting_disp_m" VALUES(476,255,NULL,70055102,4,NULL,0);
INSERT INTO "multi_unit_scenario_setting_disp_m" VALUES(477,255,NULL,70085102,5,NULL,1);
INSERT INTO "multi_unit_scenario_setting_disp_m" VALUES(478,256,NULL,30000000,2,NULL,1);
INSERT INTO "multi_unit_scenario_setting_disp_m" VALUES(479,257,NULL,30000000,2,NULL,1);
INSERT INTO "multi_unit_scenario_setting_disp_m" VALUES(480,258,NULL,30000000,2,NULL,1);
INSERT INTO "multi_unit_scenario_setting_disp_m" VALUES(481,259,NULL,30000000,2,NULL,1);
INSERT INTO "multi_unit_scenario_setting_disp_m" VALUES(482,260,NULL,30000000,2,NULL,1);
INSERT INTO "multi_unit_scenario_setting_disp_m" VALUES(483,261,NULL,30000000,2,NULL,1);
INSERT INTO "multi_unit_scenario_setting_disp_m" VALUES(484,262,NULL,80015202,4,NULL,1);
INSERT INTO "multi_unit_scenario_setting_disp_m" VALUES(485,262,NULL,80055201,5,NULL,0);
INSERT INTO "multi_unit_scenario_setting_disp_m" VALUES(486,263,NULL,80015202,4,NULL,0);
INSERT INTO "multi_unit_scenario_setting_disp_m" VALUES(487,263,NULL,80055202,5,NULL,1);
INSERT INTO "multi_unit_scenario_setting_disp_m" VALUES(488,264,NULL,80015201,4,NULL,0);
INSERT INTO "multi_unit_scenario_setting_disp_m" VALUES(489,264,NULL,80055201,5,NULL,1);
INSERT INTO "multi_unit_scenario_setting_disp_m" VALUES(490,265,NULL,80015201,4,NULL,0);
INSERT INTO "multi_unit_scenario_setting_disp_m" VALUES(491,265,'457',80055201,5,13,1);
INSERT INTO "multi_unit_scenario_setting_disp_m" VALUES(492,266,NULL,80015202,4,NULL,1);
INSERT INTO "multi_unit_scenario_setting_disp_m" VALUES(493,266,NULL,80055201,5,NULL,0);
INSERT INTO "multi_unit_scenario_setting_disp_m" VALUES(494,267,NULL,80015202,4,NULL,0);
INSERT INTO "multi_unit_scenario_setting_disp_m" VALUES(495,267,NULL,80055202,5,NULL,1);
INSERT INTO "multi_unit_scenario_setting_disp_m" VALUES(496,268,NULL,80015202,4,NULL,1);
INSERT INTO "multi_unit_scenario_setting_disp_m" VALUES(497,268,NULL,80055202,5,NULL,0);
INSERT INTO "multi_unit_scenario_setting_disp_m" VALUES(498,269,NULL,80015202,4,NULL,0);
INSERT INTO "multi_unit_scenario_setting_disp_m" VALUES(499,269,NULL,80055202,5,NULL,1);
INSERT INTO "multi_unit_scenario_setting_disp_m" VALUES(500,270,NULL,80015202,4,NULL,1);
INSERT INTO "multi_unit_scenario_setting_disp_m" VALUES(501,270,NULL,80055201,5,NULL,0);
INSERT INTO "multi_unit_scenario_setting_disp_m" VALUES(502,271,NULL,80015201,4,NULL,0);
INSERT INTO "multi_unit_scenario_setting_disp_m" VALUES(503,271,'459',80055204,5,14,1);
INSERT INTO "multi_unit_scenario_setting_disp_m" VALUES(504,272,NULL,80015201,4,NULL,1);
INSERT INTO "multi_unit_scenario_setting_disp_m" VALUES(505,272,NULL,80055204,5,NULL,0);
INSERT INTO "multi_unit_scenario_setting_disp_m" VALUES(506,273,NULL,80015201,4,NULL,0);
INSERT INTO "multi_unit_scenario_setting_disp_m" VALUES(507,273,NULL,80055202,5,NULL,1);
INSERT INTO "multi_unit_scenario_setting_disp_m" VALUES(508,274,'457',80015202,4,13,1);
INSERT INTO "multi_unit_scenario_setting_disp_m" VALUES(509,274,NULL,80055202,5,NULL,0);
INSERT INTO "multi_unit_scenario_setting_disp_m" VALUES(510,275,NULL,80015201,4,NULL,1);
INSERT INTO "multi_unit_scenario_setting_disp_m" VALUES(511,275,NULL,80055201,5,NULL,0);
INSERT INTO "multi_unit_scenario_setting_disp_m" VALUES(512,276,NULL,80015201,4,NULL,0);
INSERT INTO "multi_unit_scenario_setting_disp_m" VALUES(513,276,NULL,80055201,5,NULL,1);
INSERT INTO "multi_unit_scenario_setting_disp_m" VALUES(514,277,NULL,80015202,4,NULL,1);
INSERT INTO "multi_unit_scenario_setting_disp_m" VALUES(515,277,NULL,80055201,5,NULL,0);
INSERT INTO "multi_unit_scenario_setting_disp_m" VALUES(516,278,NULL,80015201,4,NULL,0);
INSERT INTO "multi_unit_scenario_setting_disp_m" VALUES(517,278,NULL,80055201,5,NULL,1);
INSERT INTO "multi_unit_scenario_setting_disp_m" VALUES(518,279,'457',80015202,4,13,1);
INSERT INTO "multi_unit_scenario_setting_disp_m" VALUES(519,279,'457',80055202,5,13,1);
INSERT INTO "multi_unit_scenario_setting_disp_m" VALUES(520,280,NULL,80015201,4,NULL,0);
INSERT INTO "multi_unit_scenario_setting_disp_m" VALUES(521,280,NULL,80055202,5,NULL,1);
INSERT INTO "multi_unit_scenario_setting_disp_m" VALUES(522,281,NULL,80015203,4,NULL,1);
INSERT INTO "multi_unit_scenario_setting_disp_m" VALUES(523,281,NULL,80055201,5,NULL,0);
INSERT INTO "multi_unit_scenario_setting_disp_m" VALUES(524,282,NULL,80015201,4,NULL,0);
INSERT INTO "multi_unit_scenario_setting_disp_m" VALUES(525,282,NULL,80055202,5,NULL,1);
INSERT INTO "multi_unit_scenario_setting_disp_m" VALUES(526,283,NULL,80015202,4,NULL,1);
INSERT INTO "multi_unit_scenario_setting_disp_m" VALUES(527,283,NULL,80055201,5,NULL,0);
INSERT INTO "multi_unit_scenario_setting_disp_m" VALUES(528,284,NULL,80015201,4,NULL,0);
INSERT INTO "multi_unit_scenario_setting_disp_m" VALUES(529,284,NULL,80055201,5,NULL,1);
INSERT INTO "multi_unit_scenario_setting_disp_m" VALUES(530,285,NULL,80015202,4,NULL,1);
INSERT INTO "multi_unit_scenario_setting_disp_m" VALUES(531,285,NULL,80055201,5,NULL,0);
INSERT INTO "multi_unit_scenario_setting_disp_m" VALUES(532,286,NULL,80015202,4,NULL,0);
INSERT INTO "multi_unit_scenario_setting_disp_m" VALUES(533,286,NULL,80055202,5,NULL,1);
INSERT INTO "multi_unit_scenario_setting_disp_m" VALUES(534,287,NULL,80015202,4,NULL,1);
INSERT INTO "multi_unit_scenario_setting_disp_m" VALUES(535,287,NULL,80055202,5,NULL,0);
INSERT INTO "multi_unit_scenario_setting_disp_m" VALUES(536,288,NULL,80015202,4,NULL,0);
INSERT INTO "multi_unit_scenario_setting_disp_m" VALUES(537,288,NULL,80055202,5,NULL,1);
INSERT INTO "multi_unit_scenario_setting_disp_m" VALUES(538,289,NULL,80015202,4,NULL,1);
INSERT INTO "multi_unit_scenario_setting_disp_m" VALUES(539,289,NULL,80055202,5,NULL,0);
INSERT INTO "multi_unit_scenario_setting_disp_m" VALUES(540,290,NULL,80015202,4,NULL,0);
INSERT INTO "multi_unit_scenario_setting_disp_m" VALUES(541,290,'457',80055202,5,13,1);
INSERT INTO "multi_unit_scenario_setting_disp_m" VALUES(542,291,'457',80015202,4,13,1);
INSERT INTO "multi_unit_scenario_setting_disp_m" VALUES(543,291,NULL,80055202,5,NULL,0);
INSERT INTO "multi_unit_scenario_setting_disp_m" VALUES(544,292,NULL,80015201,4,NULL,0);
INSERT INTO "multi_unit_scenario_setting_disp_m" VALUES(545,292,NULL,80055201,5,NULL,1);
INSERT INTO "multi_unit_scenario_setting_disp_m" VALUES(546,293,'457',80015201,4,13,1);
INSERT INTO "multi_unit_scenario_setting_disp_m" VALUES(547,293,NULL,80055201,5,NULL,0);
INSERT INTO "multi_unit_scenario_setting_disp_m" VALUES(548,294,NULL,80015201,4,NULL,0);
INSERT INTO "multi_unit_scenario_setting_disp_m" VALUES(549,294,NULL,80055202,5,NULL,1);
INSERT INTO "multi_unit_scenario_setting_disp_m" VALUES(550,295,NULL,80015302,4,NULL,1);
INSERT INTO "multi_unit_scenario_setting_disp_m" VALUES(551,295,NULL,80055303,5,NULL,0);
INSERT INTO "multi_unit_scenario_setting_disp_m" VALUES(552,296,NULL,80015301,4,NULL,0);
INSERT INTO "multi_unit_scenario_setting_disp_m" VALUES(553,296,'455',80055303,5,12,1);
INSERT INTO "multi_unit_scenario_setting_disp_m" VALUES(554,297,'457',80015302,4,13,1);
INSERT INTO "multi_unit_scenario_setting_disp_m" VALUES(555,297,NULL,80055301,5,NULL,0);
INSERT INTO "multi_unit_scenario_setting_disp_m" VALUES(556,298,NULL,80015301,4,NULL,0);
INSERT INTO "multi_unit_scenario_setting_disp_m" VALUES(557,298,NULL,80055301,5,NULL,1);
INSERT INTO "multi_unit_scenario_setting_disp_m" VALUES(558,299,NULL,80015302,4,NULL,1);
INSERT INTO "multi_unit_scenario_setting_disp_m" VALUES(559,299,NULL,80055301,5,NULL,0);
INSERT INTO "multi_unit_scenario_setting_disp_m" VALUES(560,300,NULL,80015301,4,NULL,0);
INSERT INTO "multi_unit_scenario_setting_disp_m" VALUES(561,300,NULL,80055302,5,NULL,1);
INSERT INTO "multi_unit_scenario_setting_disp_m" VALUES(562,301,'457',80015302,4,13,1);
INSERT INTO "multi_unit_scenario_setting_disp_m" VALUES(563,301,NULL,80055301,5,NULL,0);
INSERT INTO "multi_unit_scenario_setting_disp_m" VALUES(564,302,NULL,80015301,4,NULL,0);
INSERT INTO "multi_unit_scenario_setting_disp_m" VALUES(565,302,NULL,80055301,5,NULL,1);
INSERT INTO "multi_unit_scenario_setting_disp_m" VALUES(566,303,NULL,80015302,4,NULL,1);
INSERT INTO "multi_unit_scenario_setting_disp_m" VALUES(567,303,NULL,80055301,5,NULL,0);
INSERT INTO "multi_unit_scenario_setting_disp_m" VALUES(568,304,NULL,30000000,2,NULL,1);
INSERT INTO "multi_unit_scenario_setting_disp_m" VALUES(569,305,NULL,30000000,2,NULL,1);
INSERT INTO "multi_unit_scenario_setting_disp_m" VALUES(570,306,NULL,30000000,2,NULL,1);
INSERT INTO "multi_unit_scenario_setting_disp_m" VALUES(571,307,NULL,30000000,2,NULL,1);
INSERT INTO "multi_unit_scenario_setting_disp_m" VALUES(572,308,NULL,30000000,2,NULL,1);
INSERT INTO "multi_unit_scenario_setting_disp_m" VALUES(573,309,NULL,30000000,2,NULL,1);
INSERT INTO "multi_unit_scenario_setting_disp_m" VALUES(574,310,NULL,30000000,2,NULL,1);
INSERT INTO "multi_unit_scenario_setting_disp_m" VALUES(575,311,NULL,30000000,2,NULL,1);
INSERT INTO "multi_unit_scenario_setting_disp_m" VALUES(576,312,NULL,30000000,2,NULL,1);
INSERT INTO "multi_unit_scenario_setting_disp_m" VALUES(577,313,NULL,30000000,2,NULL,1);
INSERT INTO "multi_unit_scenario_setting_disp_m" VALUES(578,314,NULL,30000000,2,NULL,1);
INSERT INTO "multi_unit_scenario_setting_disp_m" VALUES(579,315,NULL,30000000,2,NULL,1);
INSERT INTO "multi_unit_scenario_setting_disp_m" VALUES(580,316,NULL,30000000,2,NULL,1);
INSERT INTO "multi_unit_scenario_setting_disp_m" VALUES(581,317,NULL,30000000,2,NULL,1);
INSERT INTO "multi_unit_scenario_setting_disp_m" VALUES(582,318,NULL,30000000,2,NULL,1);
INSERT INTO "multi_unit_scenario_setting_disp_m" VALUES(583,319,NULL,30000000,2,NULL,1);
INSERT INTO "multi_unit_scenario_setting_disp_m" VALUES(584,320,NULL,30000000,2,NULL,1);
INSERT INTO "multi_unit_scenario_setting_disp_m" VALUES(585,321,NULL,30000000,2,NULL,1);
INSERT INTO "multi_unit_scenario_setting_disp_m" VALUES(586,322,NULL,30000000,2,NULL,1);
INSERT INTO "multi_unit_scenario_setting_disp_m" VALUES(587,323,NULL,30000000,2,NULL,1);
INSERT INTO "multi_unit_scenario_setting_disp_m" VALUES(588,324,NULL,70035102,4,NULL,1);
INSERT INTO "multi_unit_scenario_setting_disp_m" VALUES(589,324,NULL,70045101,5,NULL,0);
INSERT INTO "multi_unit_scenario_setting_disp_m" VALUES(590,325,NULL,70035101,4,NULL,0);
INSERT INTO "multi_unit_scenario_setting_disp_m" VALUES(591,325,NULL,70045101,5,NULL,1);
INSERT INTO "multi_unit_scenario_setting_disp_m" VALUES(592,326,NULL,70035104,4,NULL,1);
INSERT INTO "multi_unit_scenario_setting_disp_m" VALUES(593,326,NULL,70045101,5,NULL,0);
INSERT INTO "multi_unit_scenario_setting_disp_m" VALUES(594,327,NULL,70035104,4,NULL,0);
INSERT INTO "multi_unit_scenario_setting_disp_m" VALUES(595,327,NULL,70045104,5,NULL,1);
INSERT INTO "multi_unit_scenario_setting_disp_m" VALUES(596,328,NULL,70035101,4,NULL,1);
INSERT INTO "multi_unit_scenario_setting_disp_m" VALUES(597,328,NULL,70045104,5,NULL,0);
INSERT INTO "multi_unit_scenario_setting_disp_m" VALUES(598,329,NULL,70035101,4,NULL,0);
INSERT INTO "multi_unit_scenario_setting_disp_m" VALUES(599,329,NULL,70045101,5,NULL,1);
INSERT INTO "multi_unit_scenario_setting_disp_m" VALUES(600,330,NULL,70035102,4,NULL,1);
INSERT INTO "multi_unit_scenario_setting_disp_m" VALUES(601,330,NULL,70045101,5,NULL,0);
INSERT INTO "multi_unit_scenario_setting_disp_m" VALUES(602,331,'456',70035104,4,NULL,1);
INSERT INTO "multi_unit_scenario_setting_disp_m" VALUES(603,331,NULL,70045101,5,NULL,0);
INSERT INTO "multi_unit_scenario_setting_disp_m" VALUES(604,332,NULL,70035104,4,NULL,0);
INSERT INTO "multi_unit_scenario_setting_disp_m" VALUES(605,332,NULL,70045104,5,NULL,1);
INSERT INTO "multi_unit_scenario_setting_disp_m" VALUES(606,333,NULL,70035101,4,NULL,1);
INSERT INTO "multi_unit_scenario_setting_disp_m" VALUES(607,333,NULL,70045101,5,NULL,0);
INSERT INTO "multi_unit_scenario_setting_disp_m" VALUES(608,334,'454',70035103,4,NULL,1);
INSERT INTO "multi_unit_scenario_setting_disp_m" VALUES(609,334,NULL,70045101,5,NULL,0);
INSERT INTO "multi_unit_scenario_setting_disp_m" VALUES(610,335,NULL,70035101,4,NULL,0);
INSERT INTO "multi_unit_scenario_setting_disp_m" VALUES(611,335,NULL,70045101,5,NULL,1);
INSERT INTO "multi_unit_scenario_setting_disp_m" VALUES(612,336,NULL,70035104,4,NULL,1);
INSERT INTO "multi_unit_scenario_setting_disp_m" VALUES(613,336,NULL,70045101,5,NULL,0);
INSERT INTO "multi_unit_scenario_setting_disp_m" VALUES(614,337,NULL,70035101,4,NULL,0);
INSERT INTO "multi_unit_scenario_setting_disp_m" VALUES(615,337,NULL,70045101,5,NULL,1);
INSERT INTO "multi_unit_scenario_setting_disp_m" VALUES(616,338,NULL,70035101,4,NULL,0);
INSERT INTO "multi_unit_scenario_setting_disp_m" VALUES(617,338,NULL,70045101,5,NULL,1);
INSERT INTO "multi_unit_scenario_setting_disp_m" VALUES(618,339,'455',70035103,4,12,1);
INSERT INTO "multi_unit_scenario_setting_disp_m" VALUES(619,339,NULL,70045101,5,NULL,0);
INSERT INTO "multi_unit_scenario_setting_disp_m" VALUES(620,340,NULL,70035101,4,NULL,0);
INSERT INTO "multi_unit_scenario_setting_disp_m" VALUES(621,340,NULL,70045101,5,NULL,1);
INSERT INTO "multi_unit_scenario_setting_disp_m" VALUES(622,341,NULL,70035102,4,NULL,1);
INSERT INTO "multi_unit_scenario_setting_disp_m" VALUES(623,341,NULL,70045101,5,NULL,0);
INSERT INTO "multi_unit_scenario_setting_disp_m" VALUES(624,342,NULL,70035101,4,NULL,0);
INSERT INTO "multi_unit_scenario_setting_disp_m" VALUES(625,342,NULL,70045101,5,NULL,1);
INSERT INTO "multi_unit_scenario_setting_disp_m" VALUES(626,343,NULL,70035103,4,NULL,1);
INSERT INTO "multi_unit_scenario_setting_disp_m" VALUES(627,343,NULL,70045101,5,7,0);
INSERT INTO "multi_unit_scenario_setting_disp_m" VALUES(628,344,NULL,70035102,4,NULL,1);
INSERT INTO "multi_unit_scenario_setting_disp_m" VALUES(629,344,NULL,70045101,5,NULL,0);
INSERT INTO "multi_unit_scenario_setting_disp_m" VALUES(630,345,NULL,70035101,4,NULL,0);
INSERT INTO "multi_unit_scenario_setting_disp_m" VALUES(631,345,NULL,70045101,5,NULL,1);
INSERT INTO "multi_unit_scenario_setting_disp_m" VALUES(632,346,NULL,70035102,4,NULL,1);
INSERT INTO "multi_unit_scenario_setting_disp_m" VALUES(633,346,NULL,70045101,5,NULL,0);
INSERT INTO "multi_unit_scenario_setting_disp_m" VALUES(634,347,NULL,70035102,4,9,1);
INSERT INTO "multi_unit_scenario_setting_disp_m" VALUES(635,347,NULL,70045101,5,NULL,0);
INSERT INTO "multi_unit_scenario_setting_disp_m" VALUES(636,348,NULL,70045103,5,NULL,1);
INSERT INTO "multi_unit_scenario_setting_disp_m" VALUES(637,349,NULL,70035103,4,8,1);
INSERT INTO "multi_unit_scenario_setting_disp_m" VALUES(638,349,NULL,70045103,5,NULL,0);
INSERT INTO "multi_unit_scenario_setting_disp_m" VALUES(639,350,NULL,70035103,4,NULL,0);
INSERT INTO "multi_unit_scenario_setting_disp_m" VALUES(640,350,NULL,70045104,5,NULL,1);
INSERT INTO "multi_unit_scenario_setting_disp_m" VALUES(641,351,NULL,70035101,4,NULL,1);
INSERT INTO "multi_unit_scenario_setting_disp_m" VALUES(642,351,NULL,70045101,5,NULL,0);
INSERT INTO "multi_unit_scenario_setting_disp_m" VALUES(643,352,NULL,70035101,4,NULL,0);
INSERT INTO "multi_unit_scenario_setting_disp_m" VALUES(644,352,NULL,70045101,5,NULL,1);
INSERT INTO "multi_unit_scenario_setting_disp_m" VALUES(645,353,NULL,70035103,4,NULL,1);
INSERT INTO "multi_unit_scenario_setting_disp_m" VALUES(646,353,NULL,70045101,5,NULL,0);
INSERT INTO "multi_unit_scenario_setting_disp_m" VALUES(647,354,NULL,70035101,4,NULL,1);
INSERT INTO "multi_unit_scenario_setting_disp_m" VALUES(648,354,NULL,70045101,5,NULL,0);
INSERT INTO "multi_unit_scenario_setting_disp_m" VALUES(649,355,NULL,70035101,4,NULL,0);
INSERT INTO "multi_unit_scenario_setting_disp_m" VALUES(650,355,NULL,70045101,5,NULL,1);
INSERT INTO "multi_unit_scenario_setting_disp_m" VALUES(651,356,'461',70035102,4,11,1);
INSERT INTO "multi_unit_scenario_setting_disp_m" VALUES(652,356,NULL,70045101,5,NULL,0);
INSERT INTO "multi_unit_scenario_setting_disp_m" VALUES(653,357,NULL,70035101,4,NULL,0);
INSERT INTO "multi_unit_scenario_setting_disp_m" VALUES(654,357,'456',70045101,5,NULL,1);
INSERT INTO "multi_unit_scenario_setting_disp_m" VALUES(655,358,NULL,70035102,4,NULL,1);
INSERT INTO "multi_unit_scenario_setting_disp_m" VALUES(656,358,NULL,70045101,5,NULL,0);
INSERT INTO "multi_unit_scenario_setting_disp_m" VALUES(657,359,NULL,70035101,4,NULL,0);
INSERT INTO "multi_unit_scenario_setting_disp_m" VALUES(658,359,NULL,70045101,5,NULL,1);
INSERT INTO "multi_unit_scenario_setting_disp_m" VALUES(659,360,NULL,70035101,4,NULL,0);
INSERT INTO "multi_unit_scenario_setting_disp_m" VALUES(660,360,NULL,70045104,5,NULL,1);
INSERT INTO "multi_unit_scenario_setting_disp_m" VALUES(661,361,NULL,70035101,4,NULL,1);
INSERT INTO "multi_unit_scenario_setting_disp_m" VALUES(662,361,NULL,70045104,5,NULL,0);
INSERT INTO "multi_unit_scenario_setting_disp_m" VALUES(663,362,NULL,70035101,4,NULL,0);
INSERT INTO "multi_unit_scenario_setting_disp_m" VALUES(664,362,NULL,70045101,5,NULL,1);
INSERT INTO "multi_unit_scenario_setting_disp_m" VALUES(665,363,NULL,70035102,4,NULL,1);
INSERT INTO "multi_unit_scenario_setting_disp_m" VALUES(666,363,NULL,70045101,5,NULL,0);
INSERT INTO "multi_unit_scenario_setting_disp_m" VALUES(667,364,NULL,70035103,4,NULL,0);
INSERT INTO "multi_unit_scenario_setting_disp_m" VALUES(668,364,NULL,70045101,5,NULL,1);
INSERT INTO "multi_unit_scenario_setting_disp_m" VALUES(669,365,NULL,70035101,4,NULL,1);
INSERT INTO "multi_unit_scenario_setting_disp_m" VALUES(670,365,NULL,70045101,5,NULL,0);
INSERT INTO "multi_unit_scenario_setting_disp_m" VALUES(671,366,NULL,70035101,4,NULL,0);
INSERT INTO "multi_unit_scenario_setting_disp_m" VALUES(672,366,'457',70045101,5,13,1);
INSERT INTO "multi_unit_scenario_setting_disp_m" VALUES(673,367,NULL,70035104,4,NULL,1);
INSERT INTO "multi_unit_scenario_setting_disp_m" VALUES(674,367,NULL,70045101,5,NULL,0);
INSERT INTO "multi_unit_scenario_setting_disp_m" VALUES(675,368,NULL,70035104,4,NULL,0);
INSERT INTO "multi_unit_scenario_setting_disp_m" VALUES(676,368,NULL,70045105,5,NULL,1);
INSERT INTO "multi_unit_scenario_setting_disp_m" VALUES(677,369,NULL,70035104,4,NULL,1);
INSERT INTO "multi_unit_scenario_setting_disp_m" VALUES(678,369,NULL,70045105,5,NULL,0);
INSERT INTO "multi_unit_scenario_setting_disp_m" VALUES(679,370,NULL,70035104,4,NULL,0);
INSERT INTO "multi_unit_scenario_setting_disp_m" VALUES(680,370,NULL,70045104,5,NULL,1);
INSERT INTO "multi_unit_scenario_setting_disp_m" VALUES(681,371,NULL,70035101,4,NULL,1);
INSERT INTO "multi_unit_scenario_setting_disp_m" VALUES(682,371,NULL,70045101,5,NULL,0);
INSERT INTO "multi_unit_scenario_setting_disp_m" VALUES(683,372,NULL,70035101,4,NULL,0);
INSERT INTO "multi_unit_scenario_setting_disp_m" VALUES(684,372,NULL,70045101,5,NULL,1);
INSERT INTO "multi_unit_scenario_setting_disp_m" VALUES(685,373,NULL,70035102,4,NULL,1);
INSERT INTO "multi_unit_scenario_setting_disp_m" VALUES(686,373,NULL,70045101,5,NULL,0);
INSERT INTO "multi_unit_scenario_setting_disp_m" VALUES(687,374,NULL,70035103,4,NULL,1);
INSERT INTO "multi_unit_scenario_setting_disp_m" VALUES(688,374,NULL,70045101,5,NULL,0);
INSERT INTO "multi_unit_scenario_setting_disp_m" VALUES(689,375,NULL,70035103,4,NULL,0);
INSERT INTO "multi_unit_scenario_setting_disp_m" VALUES(690,375,NULL,70045105,5,NULL,1);
INSERT INTO "multi_unit_scenario_setting_disp_m" VALUES(691,376,NULL,70035102,4,NULL,1);
INSERT INTO "multi_unit_scenario_setting_disp_m" VALUES(692,376,NULL,70045105,5,NULL,0);
INSERT INTO "multi_unit_scenario_setting_disp_m" VALUES(693,377,NULL,70035101,4,NULL,0);
INSERT INTO "multi_unit_scenario_setting_disp_m" VALUES(694,377,NULL,70045105,5,NULL,1);
INSERT INTO "multi_unit_scenario_setting_disp_m" VALUES(695,378,NULL,30000000,2,8,0);
INSERT INTO "multi_unit_scenario_setting_disp_m" VALUES(696,379,NULL,30000000,2,NULL,0);
INSERT INTO "multi_unit_scenario_setting_disp_m" VALUES(697,380,NULL,30000000,2,NULL,0);
INSERT INTO "multi_unit_scenario_setting_disp_m" VALUES(698,381,NULL,30000000,2,NULL,0);
INSERT INTO "multi_unit_scenario_setting_disp_m" VALUES(699,382,NULL,30000000,2,NULL,0);
INSERT INTO "multi_unit_scenario_setting_disp_m" VALUES(700,383,NULL,30000000,2,NULL,0);
INSERT INTO "multi_unit_scenario_setting_disp_m" VALUES(701,384,NULL,30000000,2,NULL,0);
INSERT INTO "multi_unit_scenario_setting_disp_m" VALUES(702,385,NULL,30000000,2,NULL,0);
INSERT INTO "multi_unit_scenario_setting_disp_m" VALUES(703,386,NULL,30000000,2,NULL,0);
INSERT INTO "multi_unit_scenario_setting_disp_m" VALUES(704,387,NULL,30000000,2,NULL,0);
INSERT INTO "multi_unit_scenario_setting_disp_m" VALUES(705,388,NULL,30000000,2,NULL,0);
INSERT INTO "multi_unit_scenario_setting_disp_m" VALUES(706,389,NULL,30000000,2,NULL,0);
INSERT INTO "multi_unit_scenario_setting_disp_m" VALUES(707,390,NULL,30000000,2,NULL,0);
INSERT INTO "multi_unit_scenario_setting_disp_m" VALUES(708,391,NULL,80045201,4,NULL,1);
INSERT INTO "multi_unit_scenario_setting_disp_m" VALUES(709,392,NULL,80045201,4,NULL,0);
INSERT INTO "multi_unit_scenario_setting_disp_m" VALUES(710,392,NULL,80095201,5,4,1);
INSERT INTO "multi_unit_scenario_setting_disp_m" VALUES(711,393,NULL,80045202,4,NULL,1);
INSERT INTO "multi_unit_scenario_setting_disp_m" VALUES(712,393,NULL,80095201,5,NULL,0);
INSERT INTO "multi_unit_scenario_setting_disp_m" VALUES(713,394,NULL,80045201,4,NULL,0);
INSERT INTO "multi_unit_scenario_setting_disp_m" VALUES(714,394,'455',80095203,5,12,1);
INSERT INTO "multi_unit_scenario_setting_disp_m" VALUES(715,395,NULL,80045203,4,NULL,1);
INSERT INTO "multi_unit_scenario_setting_disp_m" VALUES(716,395,NULL,80095203,5,NULL,0);
INSERT INTO "multi_unit_scenario_setting_disp_m" VALUES(717,396,'456',80045204,4,NULL,1);
INSERT INTO "multi_unit_scenario_setting_disp_m" VALUES(718,396,NULL,80095201,5,NULL,0);
INSERT INTO "multi_unit_scenario_setting_disp_m" VALUES(719,397,NULL,80045201,4,NULL,0);
INSERT INTO "multi_unit_scenario_setting_disp_m" VALUES(720,397,'457',80095202,5,13,1);
INSERT INTO "multi_unit_scenario_setting_disp_m" VALUES(721,398,NULL,80045202,4,NULL,1);
INSERT INTO "multi_unit_scenario_setting_disp_m" VALUES(722,398,NULL,80095201,5,NULL,0);
INSERT INTO "multi_unit_scenario_setting_disp_m" VALUES(723,399,NULL,80045201,4,NULL,0);
INSERT INTO "multi_unit_scenario_setting_disp_m" VALUES(724,399,NULL,80095201,5,NULL,1);
INSERT INTO "multi_unit_scenario_setting_disp_m" VALUES(725,400,NULL,80045202,4,NULL,1);
INSERT INTO "multi_unit_scenario_setting_disp_m" VALUES(726,400,NULL,80095201,5,NULL,0);
INSERT INTO "multi_unit_scenario_setting_disp_m" VALUES(727,401,NULL,80045201,4,NULL,0);
INSERT INTO "multi_unit_scenario_setting_disp_m" VALUES(728,401,'457',80095202,5,13,1);
INSERT INTO "multi_unit_scenario_setting_disp_m" VALUES(729,402,NULL,80045201,4,NULL,1);
INSERT INTO "multi_unit_scenario_setting_disp_m" VALUES(730,402,NULL,80095201,5,NULL,0);
INSERT INTO "multi_unit_scenario_setting_disp_m" VALUES(731,403,NULL,80045201,4,NULL,0);
INSERT INTO "multi_unit_scenario_setting_disp_m" VALUES(732,403,NULL,80095202,5,NULL,1);
INSERT INTO "multi_unit_scenario_setting_disp_m" VALUES(733,404,NULL,80045202,4,NULL,1);
INSERT INTO "multi_unit_scenario_setting_disp_m" VALUES(734,404,NULL,80095201,5,NULL,0);
INSERT INTO "multi_unit_scenario_setting_disp_m" VALUES(735,405,NULL,80045201,4,NULL,0);
INSERT INTO "multi_unit_scenario_setting_disp_m" VALUES(736,405,'455',80095203,5,12,1);
INSERT INTO "multi_unit_scenario_setting_disp_m" VALUES(737,406,NULL,80045201,4,NULL,1);
INSERT INTO "multi_unit_scenario_setting_disp_m" VALUES(738,406,NULL,80095203,5,NULL,0);
INSERT INTO "multi_unit_scenario_setting_disp_m" VALUES(739,407,NULL,80045201,4,NULL,0);
INSERT INTO "multi_unit_scenario_setting_disp_m" VALUES(740,407,'457',80095202,5,13,1);
INSERT INTO "multi_unit_scenario_setting_disp_m" VALUES(741,408,NULL,80045202,4,NULL,1);
INSERT INTO "multi_unit_scenario_setting_disp_m" VALUES(742,408,NULL,80095201,5,NULL,0);
INSERT INTO "multi_unit_scenario_setting_disp_m" VALUES(743,409,NULL,80045201,4,NULL,0);
INSERT INTO "multi_unit_scenario_setting_disp_m" VALUES(744,409,NULL,80095202,5,NULL,1);
INSERT INTO "multi_unit_scenario_setting_disp_m" VALUES(745,410,'456',80045201,4,NULL,1);
INSERT INTO "multi_unit_scenario_setting_disp_m" VALUES(746,410,NULL,80095201,5,NULL,0);
INSERT INTO "multi_unit_scenario_setting_disp_m" VALUES(747,411,NULL,80045202,4,NULL,1);
INSERT INTO "multi_unit_scenario_setting_disp_m" VALUES(748,411,NULL,80095201,5,NULL,0);
INSERT INTO "multi_unit_scenario_setting_disp_m" VALUES(749,412,NULL,80045201,4,NULL,0);
INSERT INTO "multi_unit_scenario_setting_disp_m" VALUES(750,412,'461',80095202,5,11,1);
INSERT INTO "multi_unit_scenario_setting_disp_m" VALUES(751,413,NULL,80045202,4,NULL,1);
INSERT INTO "multi_unit_scenario_setting_disp_m" VALUES(752,413,NULL,80095202,5,NULL,1);
INSERT INTO "multi_unit_scenario_setting_disp_m" VALUES(753,414,NULL,80045202,4,NULL,1);
INSERT INTO "multi_unit_scenario_setting_disp_m" VALUES(754,414,NULL,80095201,5,NULL,0);
INSERT INTO "multi_unit_scenario_setting_disp_m" VALUES(755,415,NULL,80045201,4,NULL,0);
INSERT INTO "multi_unit_scenario_setting_disp_m" VALUES(756,415,'454',80095201,5,NULL,1);
INSERT INTO "multi_unit_scenario_setting_disp_m" VALUES(757,416,NULL,80045202,4,NULL,1);
INSERT INTO "multi_unit_scenario_setting_disp_m" VALUES(758,416,NULL,80095201,5,NULL,0);
INSERT INTO "multi_unit_scenario_setting_disp_m" VALUES(759,417,NULL,80045201,4,NULL,0);
INSERT INTO "multi_unit_scenario_setting_disp_m" VALUES(760,417,'455',80095202,5,12,1);
INSERT INTO "multi_unit_scenario_setting_disp_m" VALUES(761,418,'457',80045202,4,13,1);
INSERT INTO "multi_unit_scenario_setting_disp_m" VALUES(762,418,NULL,80095201,5,NULL,0);
INSERT INTO "multi_unit_scenario_setting_disp_m" VALUES(763,419,NULL,80045201,4,NULL,0);
INSERT INTO "multi_unit_scenario_setting_disp_m" VALUES(764,419,'457',80095202,5,13,1);
INSERT INTO "multi_unit_scenario_setting_disp_m" VALUES(765,420,NULL,80045203,4,NULL,0);
INSERT INTO "multi_unit_scenario_setting_disp_m" VALUES(766,420,'456',80095201,5,NULL,1);
INSERT INTO "multi_unit_scenario_setting_disp_m" VALUES(767,421,NULL,80045201,4,NULL,1);
INSERT INTO "multi_unit_scenario_setting_disp_m" VALUES(768,421,NULL,80095201,5,NULL,0);
INSERT INTO "multi_unit_scenario_setting_disp_m" VALUES(769,422,NULL,80045201,4,NULL,0);
INSERT INTO "multi_unit_scenario_setting_disp_m" VALUES(770,422,'461',80095202,5,11,1);
INSERT INTO "multi_unit_scenario_setting_disp_m" VALUES(771,423,NULL,80045202,4,NULL,1);
INSERT INTO "multi_unit_scenario_setting_disp_m" VALUES(772,423,NULL,80095201,5,NULL,0);
INSERT INTO "multi_unit_scenario_setting_disp_m" VALUES(773,424,NULL,80045201,4,NULL,0);
INSERT INTO "multi_unit_scenario_setting_disp_m" VALUES(774,424,NULL,80095203,5,NULL,1);
INSERT INTO "multi_unit_scenario_setting_disp_m" VALUES(775,425,NULL,80045202,4,NULL,1);
INSERT INTO "multi_unit_scenario_setting_disp_m" VALUES(776,425,NULL,80095203,5,NULL,0);
INSERT INTO "multi_unit_scenario_setting_disp_m" VALUES(777,426,NULL,80045201,4,NULL,0);
INSERT INTO "multi_unit_scenario_setting_disp_m" VALUES(778,426,NULL,80095201,5,NULL,1);
INSERT INTO "multi_unit_scenario_setting_disp_m" VALUES(779,427,NULL,80045201,4,NULL,0);
INSERT INTO "multi_unit_scenario_setting_disp_m" VALUES(780,427,'457',80095202,5,13,1);
INSERT INTO "multi_unit_scenario_setting_disp_m" VALUES(781,428,NULL,80045202,4,NULL,1);
INSERT INTO "multi_unit_scenario_setting_disp_m" VALUES(782,428,NULL,80095201,5,NULL,0);
INSERT INTO "multi_unit_scenario_setting_disp_m" VALUES(783,429,NULL,80045201,4,NULL,1);
INSERT INTO "multi_unit_scenario_setting_disp_m" VALUES(784,429,NULL,80095201,5,NULL,0);
INSERT INTO "multi_unit_scenario_setting_disp_m" VALUES(785,430,NULL,80045201,4,NULL,0);
INSERT INTO "multi_unit_scenario_setting_disp_m" VALUES(786,430,'455',80095202,5,12,1);
INSERT INTO "multi_unit_scenario_setting_disp_m" VALUES(787,431,NULL,80045202,4,NULL,1);
INSERT INTO "multi_unit_scenario_setting_disp_m" VALUES(788,431,NULL,80095201,5,NULL,0);
INSERT INTO "multi_unit_scenario_setting_disp_m" VALUES(789,432,NULL,80045201,4,NULL,0);
INSERT INTO "multi_unit_scenario_setting_disp_m" VALUES(790,432,'455',80095203,5,12,1);
INSERT INTO "multi_unit_scenario_setting_disp_m" VALUES(791,433,NULL,80045202,4,NULL,1);
INSERT INTO "multi_unit_scenario_setting_disp_m" VALUES(792,433,NULL,80095201,5,NULL,0);
INSERT INTO "multi_unit_scenario_setting_disp_m" VALUES(793,434,NULL,80045201,4,NULL,0);
INSERT INTO "multi_unit_scenario_setting_disp_m" VALUES(794,434,'456',80095201,5,NULL,1);
INSERT INTO "multi_unit_scenario_setting_disp_m" VALUES(795,435,NULL,80045202,4,NULL,1);
INSERT INTO "multi_unit_scenario_setting_disp_m" VALUES(796,435,NULL,80095201,5,NULL,0);
INSERT INTO "multi_unit_scenario_setting_disp_m" VALUES(797,436,NULL,80045201,4,NULL,0);
INSERT INTO "multi_unit_scenario_setting_disp_m" VALUES(798,436,NULL,80095202,5,NULL,1);
INSERT INTO "multi_unit_scenario_setting_disp_m" VALUES(799,437,NULL,80045201,4,NULL,0);
INSERT INTO "multi_unit_scenario_setting_disp_m" VALUES(800,437,NULL,80095201,5,NULL,1);
INSERT INTO "multi_unit_scenario_setting_disp_m" VALUES(801,438,NULL,80045201,4,NULL,1);
INSERT INTO "multi_unit_scenario_setting_disp_m" VALUES(802,438,NULL,80095201,5,NULL,0);
INSERT INTO "multi_unit_scenario_setting_disp_m" VALUES(803,439,NULL,80045204,4,NULL,1);
INSERT INTO "multi_unit_scenario_setting_disp_m" VALUES(804,439,NULL,80095201,5,NULL,0);
INSERT INTO "multi_unit_scenario_setting_disp_m" VALUES(805,440,NULL,80045201,4,NULL,0);
INSERT INTO "multi_unit_scenario_setting_disp_m" VALUES(806,440,'455',80095203,5,12,1);
INSERT INTO "multi_unit_scenario_setting_disp_m" VALUES(807,441,NULL,80045202,4,NULL,1);
INSERT INTO "multi_unit_scenario_setting_disp_m" VALUES(808,441,NULL,80095203,5,NULL,0);
INSERT INTO "multi_unit_scenario_setting_disp_m" VALUES(809,442,NULL,80045201,4,NULL,0);
INSERT INTO "multi_unit_scenario_setting_disp_m" VALUES(810,442,NULL,80095202,5,NULL,1);
INSERT INTO "multi_unit_scenario_setting_disp_m" VALUES(811,443,NULL,80045202,4,NULL,1);
INSERT INTO "multi_unit_scenario_setting_disp_m" VALUES(812,443,NULL,80095202,5,NULL,0);
INSERT INTO "multi_unit_scenario_setting_disp_m" VALUES(813,444,NULL,30000000,2,8,0);
INSERT INTO "multi_unit_scenario_setting_disp_m" VALUES(814,445,NULL,30000000,2,NULL,0);
INSERT INTO "multi_unit_scenario_setting_disp_m" VALUES(815,446,NULL,30000000,2,NULL,0);
INSERT INTO "multi_unit_scenario_setting_disp_m" VALUES(816,447,NULL,30000000,2,NULL,0);
INSERT INTO "multi_unit_scenario_setting_disp_m" VALUES(817,448,NULL,30000000,2,NULL,0);
INSERT INTO "multi_unit_scenario_setting_disp_m" VALUES(818,449,NULL,30000000,2,NULL,0);
INSERT INTO "multi_unit_scenario_setting_disp_m" VALUES(819,450,NULL,30000000,2,NULL,0);
INSERT INTO "multi_unit_scenario_setting_disp_m" VALUES(820,451,NULL,30000000,2,NULL,0);
INSERT INTO "multi_unit_scenario_setting_disp_m" VALUES(821,452,NULL,30000000,2,NULL,0);
INSERT INTO "multi_unit_scenario_setting_disp_m" VALUES(822,453,NULL,30000000,2,NULL,0);
INSERT INTO "multi_unit_scenario_setting_disp_m" VALUES(823,454,NULL,30000000,2,NULL,0);
INSERT INTO "multi_unit_scenario_setting_disp_m" VALUES(824,455,NULL,70095103,4,NULL,1);
INSERT INTO "multi_unit_scenario_setting_disp_m" VALUES(825,455,NULL,70065101,5,NULL,0);
INSERT INTO "multi_unit_scenario_setting_disp_m" VALUES(826,456,NULL,70095104,4,NULL,1);
INSERT INTO "multi_unit_scenario_setting_disp_m" VALUES(827,456,NULL,70065101,5,NULL,0);
INSERT INTO "multi_unit_scenario_setting_disp_m" VALUES(828,457,NULL,70095101,4,NULL,0);
INSERT INTO "multi_unit_scenario_setting_disp_m" VALUES(829,457,NULL,70065101,5,NULL,1);
INSERT INTO "multi_unit_scenario_setting_disp_m" VALUES(830,458,NULL,70095102,4,NULL,1);
INSERT INTO "multi_unit_scenario_setting_disp_m" VALUES(831,458,NULL,70065101,5,NULL,0);
INSERT INTO "multi_unit_scenario_setting_disp_m" VALUES(832,459,NULL,70095101,4,NULL,0);
INSERT INTO "multi_unit_scenario_setting_disp_m" VALUES(833,459,NULL,70065101,5,NULL,1);
INSERT INTO "multi_unit_scenario_setting_disp_m" VALUES(834,460,NULL,70095103,4,NULL,1);
INSERT INTO "multi_unit_scenario_setting_disp_m" VALUES(835,460,NULL,70065101,5,NULL,0);
INSERT INTO "multi_unit_scenario_setting_disp_m" VALUES(836,461,NULL,70095101,4,NULL,0);
INSERT INTO "multi_unit_scenario_setting_disp_m" VALUES(837,461,NULL,70065101,5,NULL,1);
INSERT INTO "multi_unit_scenario_setting_disp_m" VALUES(838,462,NULL,70095102,4,NULL,1);
INSERT INTO "multi_unit_scenario_setting_disp_m" VALUES(839,462,NULL,70065101,5,NULL,0);
INSERT INTO "multi_unit_scenario_setting_disp_m" VALUES(840,463,NULL,70095101,4,NULL,0);
INSERT INTO "multi_unit_scenario_setting_disp_m" VALUES(841,463,NULL,70065103,5,NULL,1);
INSERT INTO "multi_unit_scenario_setting_disp_m" VALUES(842,464,NULL,70095103,4,NULL,1);
INSERT INTO "multi_unit_scenario_setting_disp_m" VALUES(843,464,NULL,70065101,5,NULL,0);
INSERT INTO "multi_unit_scenario_setting_disp_m" VALUES(844,465,NULL,70095101,4,NULL,0);
INSERT INTO "multi_unit_scenario_setting_disp_m" VALUES(845,465,NULL,70065104,5,NULL,1);
INSERT INTO "multi_unit_scenario_setting_disp_m" VALUES(846,466,NULL,70095101,4,NULL,1);
INSERT INTO "multi_unit_scenario_setting_disp_m" VALUES(847,466,NULL,70065101,5,NULL,0);
INSERT INTO "multi_unit_scenario_setting_disp_m" VALUES(848,467,NULL,70095101,4,NULL,0);
INSERT INTO "multi_unit_scenario_setting_disp_m" VALUES(849,467,'454',70065103,5,NULL,1);
INSERT INTO "multi_unit_scenario_setting_disp_m" VALUES(850,468,'457',70095102,4,13,1);
INSERT INTO "multi_unit_scenario_setting_disp_m" VALUES(851,468,NULL,70065101,5,NULL,0);
INSERT INTO "multi_unit_scenario_setting_disp_m" VALUES(852,469,NULL,70095101,4,NULL,1);
INSERT INTO "multi_unit_scenario_setting_disp_m" VALUES(853,469,NULL,70065101,5,NULL,0);
INSERT INTO "multi_unit_scenario_setting_disp_m" VALUES(854,470,NULL,70095101,4,NULL,0);
INSERT INTO "multi_unit_scenario_setting_disp_m" VALUES(855,470,NULL,70065103,5,NULL,1);
INSERT INTO "multi_unit_scenario_setting_disp_m" VALUES(856,471,NULL,70095102,4,13,1);
INSERT INTO "multi_unit_scenario_setting_disp_m" VALUES(857,471,NULL,70065103,5,NULL,0);
INSERT INTO "multi_unit_scenario_setting_disp_m" VALUES(858,472,'456',70095101,4,NULL,1);
INSERT INTO "multi_unit_scenario_setting_disp_m" VALUES(859,472,NULL,70065101,5,NULL,0);
INSERT INTO "multi_unit_scenario_setting_disp_m" VALUES(860,473,NULL,70095101,4,NULL,0);
INSERT INTO "multi_unit_scenario_setting_disp_m" VALUES(861,473,'454',70065105,5,NULL,1);
INSERT INTO "multi_unit_scenario_setting_disp_m" VALUES(862,474,NULL,70095101,4,NULL,1);
INSERT INTO "multi_unit_scenario_setting_disp_m" VALUES(863,474,NULL,70065101,5,NULL,0);
INSERT INTO "multi_unit_scenario_setting_disp_m" VALUES(864,475,NULL,70095101,4,NULL,0);
INSERT INTO "multi_unit_scenario_setting_disp_m" VALUES(865,475,NULL,70065101,5,NULL,1);
INSERT INTO "multi_unit_scenario_setting_disp_m" VALUES(866,476,NULL,70095101,4,NULL,0);
INSERT INTO "multi_unit_scenario_setting_disp_m" VALUES(867,476,NULL,70065101,5,NULL,1);
INSERT INTO "multi_unit_scenario_setting_disp_m" VALUES(868,477,'456',70095101,4,NULL,1);
INSERT INTO "multi_unit_scenario_setting_disp_m" VALUES(869,477,NULL,70065101,5,NULL,0);
INSERT INTO "multi_unit_scenario_setting_disp_m" VALUES(870,478,NULL,70095101,4,NULL,0);
INSERT INTO "multi_unit_scenario_setting_disp_m" VALUES(871,478,NULL,70065104,5,NULL,1);
INSERT INTO "multi_unit_scenario_setting_disp_m" VALUES(872,479,'457',70095102,4,13,1);
INSERT INTO "multi_unit_scenario_setting_disp_m" VALUES(873,479,NULL,70065101,5,NULL,0);
INSERT INTO "multi_unit_scenario_setting_disp_m" VALUES(874,480,NULL,70095101,4,NULL,0);
INSERT INTO "multi_unit_scenario_setting_disp_m" VALUES(875,480,NULL,70065101,5,NULL,1);
INSERT INTO "multi_unit_scenario_setting_disp_m" VALUES(876,481,NULL,70095101,4,NULL,1);
INSERT INTO "multi_unit_scenario_setting_disp_m" VALUES(877,481,NULL,70065101,5,NULL,0);
INSERT INTO "multi_unit_scenario_setting_disp_m" VALUES(878,482,NULL,70095101,4,NULL,0);
INSERT INTO "multi_unit_scenario_setting_disp_m" VALUES(879,482,NULL,70065101,5,NULL,1);
INSERT INTO "multi_unit_scenario_setting_disp_m" VALUES(880,483,NULL,70095101,4,NULL,1);
INSERT INTO "multi_unit_scenario_setting_disp_m" VALUES(881,483,NULL,70065104,5,NULL,0);
INSERT INTO "multi_unit_scenario_setting_disp_m" VALUES(882,484,NULL,70095101,4,NULL,0);
INSERT INTO "multi_unit_scenario_setting_disp_m" VALUES(883,484,NULL,70065104,5,NULL,1);
INSERT INTO "multi_unit_scenario_setting_disp_m" VALUES(884,485,NULL,70095104,4,NULL,1);
INSERT INTO "multi_unit_scenario_setting_disp_m" VALUES(885,485,NULL,70065101,5,NULL,0);
INSERT INTO "multi_unit_scenario_setting_disp_m" VALUES(886,486,NULL,70095101,4,NULL,0);
INSERT INTO "multi_unit_scenario_setting_disp_m" VALUES(887,486,'455',70065103,5,12,1);
INSERT INTO "multi_unit_scenario_setting_disp_m" VALUES(888,487,NULL,70095102,4,NULL,1);
INSERT INTO "multi_unit_scenario_setting_disp_m" VALUES(889,487,NULL,70065101,5,NULL,0);
INSERT INTO "multi_unit_scenario_setting_disp_m" VALUES(890,488,NULL,70095101,4,NULL,0);
INSERT INTO "multi_unit_scenario_setting_disp_m" VALUES(891,488,'454',70065101,5,NULL,1);
INSERT INTO "multi_unit_scenario_setting_disp_m" VALUES(892,489,'455',70095105,4,12,1);
INSERT INTO "multi_unit_scenario_setting_disp_m" VALUES(893,489,NULL,70065101,5,NULL,0);
INSERT INTO "multi_unit_scenario_setting_disp_m" VALUES(894,490,NULL,70095101,4,NULL,0);
INSERT INTO "multi_unit_scenario_setting_disp_m" VALUES(895,490,NULL,70065104,5,NULL,1);
INSERT INTO "multi_unit_scenario_setting_disp_m" VALUES(896,491,NULL,70095101,4,NULL,1);
INSERT INTO "multi_unit_scenario_setting_disp_m" VALUES(897,491,NULL,70065101,5,NULL,0);
INSERT INTO "multi_unit_scenario_setting_disp_m" VALUES(898,492,NULL,70095101,4,NULL,0);
INSERT INTO "multi_unit_scenario_setting_disp_m" VALUES(899,492,'456',70065101,5,NULL,1);
INSERT INTO "multi_unit_scenario_setting_disp_m" VALUES(900,493,NULL,70095101,4,NULL,0);
INSERT INTO "multi_unit_scenario_setting_disp_m" VALUES(901,493,NULL,70065101,5,NULL,1);
INSERT INTO "multi_unit_scenario_setting_disp_m" VALUES(902,494,NULL,70095103,4,NULL,1);
INSERT INTO "multi_unit_scenario_setting_disp_m" VALUES(903,494,NULL,70065101,5,NULL,0);
INSERT INTO "multi_unit_scenario_setting_disp_m" VALUES(904,495,NULL,70095101,4,NULL,0);
INSERT INTO "multi_unit_scenario_setting_disp_m" VALUES(905,495,NULL,70065101,5,NULL,1);
INSERT INTO "multi_unit_scenario_setting_disp_m" VALUES(906,496,NULL,70095102,4,NULL,1);
INSERT INTO "multi_unit_scenario_setting_disp_m" VALUES(907,496,NULL,70065101,5,NULL,0);
INSERT INTO "multi_unit_scenario_setting_disp_m" VALUES(908,497,NULL,70095103,4,NULL,1);
INSERT INTO "multi_unit_scenario_setting_disp_m" VALUES(909,497,NULL,70065101,5,NULL,0);
INSERT INTO "multi_unit_scenario_setting_disp_m" VALUES(910,498,NULL,70095101,4,NULL,0);
INSERT INTO "multi_unit_scenario_setting_disp_m" VALUES(911,498,NULL,70065105,5,NULL,1);
INSERT INTO "multi_unit_scenario_setting_disp_m" VALUES(912,499,'455',70095103,4,12,1);
INSERT INTO "multi_unit_scenario_setting_disp_m" VALUES(913,499,'455',70065103,5,12,1);
INSERT INTO "multi_unit_scenario_setting_disp_m" VALUES(914,500,NULL,70095101,4,NULL,0);
INSERT INTO "multi_unit_scenario_setting_disp_m" VALUES(915,500,'456',70065101,5,NULL,1);
INSERT INTO "multi_unit_scenario_setting_disp_m" VALUES(916,501,NULL,70095104,4,NULL,1);
INSERT INTO "multi_unit_scenario_setting_disp_m" VALUES(917,501,NULL,70065101,5,NULL,0);
INSERT INTO "multi_unit_scenario_setting_disp_m" VALUES(918,502,NULL,70095101,4,NULL,0);
INSERT INTO "multi_unit_scenario_setting_disp_m" VALUES(919,502,NULL,70065101,5,NULL,1);
INSERT INTO "multi_unit_scenario_setting_disp_m" VALUES(920,503,NULL,70095105,4,NULL,1);
INSERT INTO "multi_unit_scenario_setting_disp_m" VALUES(921,503,NULL,70065101,5,NULL,0);
INSERT INTO "multi_unit_scenario_setting_disp_m" VALUES(922,504,NULL,70095101,4,NULL,0);
INSERT INTO "multi_unit_scenario_setting_disp_m" VALUES(923,504,'456',70065106,5,NULL,1);
INSERT INTO "multi_unit_scenario_setting_disp_m" VALUES(924,505,NULL,70095101,4,NULL,0);
INSERT INTO "multi_unit_scenario_setting_disp_m" VALUES(925,505,NULL,70065101,5,NULL,1);
INSERT INTO "multi_unit_scenario_setting_disp_m" VALUES(926,506,NULL,70095102,4,NULL,1);
INSERT INTO "multi_unit_scenario_setting_disp_m" VALUES(927,506,NULL,70065101,5,NULL,0);
INSERT INTO "multi_unit_scenario_setting_disp_m" VALUES(928,507,NULL,70095101,4,NULL,0);
INSERT INTO "multi_unit_scenario_setting_disp_m" VALUES(929,507,NULL,70065101,5,NULL,1);
INSERT INTO "multi_unit_scenario_setting_disp_m" VALUES(930,508,NULL,70095103,4,NULL,1);
INSERT INTO "multi_unit_scenario_setting_disp_m" VALUES(931,508,NULL,70065101,5,NULL,0);
INSERT INTO "multi_unit_scenario_setting_disp_m" VALUES(932,509,NULL,30000000,2,NULL,0);
INSERT INTO "multi_unit_scenario_setting_disp_m" VALUES(933,510,NULL,30000000,2,NULL,0);
INSERT INTO "multi_unit_scenario_setting_disp_m" VALUES(934,511,NULL,30000000,2,NULL,0);
INSERT INTO "multi_unit_scenario_setting_disp_m" VALUES(935,512,NULL,30000000,2,NULL,0);
INSERT INTO "multi_unit_scenario_setting_disp_m" VALUES(936,513,NULL,30000000,2,NULL,0);
INSERT INTO "multi_unit_scenario_setting_disp_m" VALUES(937,514,NULL,30000000,2,NULL,0);
INSERT INTO "multi_unit_scenario_setting_disp_m" VALUES(938,515,NULL,30000000,2,NULL,0);
INSERT INTO "multi_unit_scenario_setting_disp_m" VALUES(939,516,NULL,30000000,2,NULL,0);
INSERT INTO "multi_unit_scenario_setting_disp_m" VALUES(940,517,NULL,30000000,2,NULL,0);
INSERT INTO "multi_unit_scenario_setting_disp_m" VALUES(941,518,NULL,30000000,2,NULL,0);
INSERT INTO "multi_unit_scenario_setting_disp_m" VALUES(942,519,NULL,30000000,2,NULL,0);
INSERT INTO "multi_unit_scenario_setting_disp_m" VALUES(943,520,NULL,30000000,2,NULL,0);
INSERT INTO "multi_unit_scenario_setting_disp_m" VALUES(944,521,NULL,80035203,4,NULL,1);
INSERT INTO "multi_unit_scenario_setting_disp_m" VALUES(945,521,NULL,80085201,5,NULL,0);
INSERT INTO "multi_unit_scenario_setting_disp_m" VALUES(946,522,NULL,80035201,4,NULL,0);
INSERT INTO "multi_unit_scenario_setting_disp_m" VALUES(947,522,'457',80085202,5,13,1);
INSERT INTO "multi_unit_scenario_setting_disp_m" VALUES(948,523,NULL,80035204,4,NULL,1);
INSERT INTO "multi_unit_scenario_setting_disp_m" VALUES(949,523,NULL,80085201,5,NULL,0);
INSERT INTO "multi_unit_scenario_setting_disp_m" VALUES(950,524,NULL,80035204,4,NULL,0);
INSERT INTO "multi_unit_scenario_setting_disp_m" VALUES(951,524,NULL,80085202,5,NULL,1);
INSERT INTO "multi_unit_scenario_setting_disp_m" VALUES(952,525,NULL,80035202,4,NULL,1);
INSERT INTO "multi_unit_scenario_setting_disp_m" VALUES(953,525,NULL,80085201,5,NULL,0);
INSERT INTO "multi_unit_scenario_setting_disp_m" VALUES(954,526,NULL,80035201,4,NULL,0);
INSERT INTO "multi_unit_scenario_setting_disp_m" VALUES(955,526,'454',80085203,5,NULL,1);
INSERT INTO "multi_unit_scenario_setting_disp_m" VALUES(956,527,NULL,80035202,4,NULL,1);
INSERT INTO "multi_unit_scenario_setting_disp_m" VALUES(957,527,NULL,80085201,5,NULL,0);
INSERT INTO "multi_unit_scenario_setting_disp_m" VALUES(958,528,NULL,80035201,4,NULL,0);
INSERT INTO "multi_unit_scenario_setting_disp_m" VALUES(959,528,'457',80085202,5,13,1);
INSERT INTO "multi_unit_scenario_setting_disp_m" VALUES(960,529,NULL,80035203,4,NULL,1);
INSERT INTO "multi_unit_scenario_setting_disp_m" VALUES(961,529,NULL,80085201,5,NULL,0);
INSERT INTO "multi_unit_scenario_setting_disp_m" VALUES(962,530,NULL,80035201,4,NULL,0);
INSERT INTO "multi_unit_scenario_setting_disp_m" VALUES(963,530,'456',80085201,5,NULL,1);
INSERT INTO "multi_unit_scenario_setting_disp_m" VALUES(964,531,NULL,80035202,4,NULL,0);
INSERT INTO "multi_unit_scenario_setting_disp_m" VALUES(965,531,NULL,80085202,5,NULL,1);
INSERT INTO "multi_unit_scenario_setting_disp_m" VALUES(966,532,NULL,80035201,4,NULL,0);
INSERT INTO "multi_unit_scenario_setting_disp_m" VALUES(967,532,NULL,80085202,5,NULL,1);
INSERT INTO "multi_unit_scenario_setting_disp_m" VALUES(968,533,NULL,80035202,4,NULL,1);
INSERT INTO "multi_unit_scenario_setting_disp_m" VALUES(969,533,NULL,80085201,5,NULL,0);
INSERT INTO "multi_unit_scenario_setting_disp_m" VALUES(970,534,NULL,80035201,4,NULL,0);
INSERT INTO "multi_unit_scenario_setting_disp_m" VALUES(971,534,NULL,80085202,5,NULL,1);
INSERT INTO "multi_unit_scenario_setting_disp_m" VALUES(972,535,NULL,80035204,4,NULL,1);
INSERT INTO "multi_unit_scenario_setting_disp_m" VALUES(973,535,NULL,80085201,5,NULL,0);
INSERT INTO "multi_unit_scenario_setting_disp_m" VALUES(974,536,NULL,80035204,4,NULL,0);
INSERT INTO "multi_unit_scenario_setting_disp_m" VALUES(975,536,'461',80085202,5,11,1);
INSERT INTO "multi_unit_scenario_setting_disp_m" VALUES(976,537,NULL,80035202,4,NULL,1);
INSERT INTO "multi_unit_scenario_setting_disp_m" VALUES(977,537,NULL,80085201,5,NULL,0);
INSERT INTO "multi_unit_scenario_setting_disp_m" VALUES(978,538,NULL,80035201,4,NULL,0);
INSERT INTO "multi_unit_scenario_setting_disp_m" VALUES(979,538,'456',80085201,5,NULL,1);
INSERT INTO "multi_unit_scenario_setting_disp_m" VALUES(980,539,NULL,80035201,4,NULL,1);
INSERT INTO "multi_unit_scenario_setting_disp_m" VALUES(981,539,NULL,80085201,5,NULL,0);
INSERT INTO "multi_unit_scenario_setting_disp_m" VALUES(982,540,NULL,80035201,4,NULL,0);
INSERT INTO "multi_unit_scenario_setting_disp_m" VALUES(983,540,'457',80085202,5,13,1);
INSERT INTO "multi_unit_scenario_setting_disp_m" VALUES(984,541,NULL,80035202,4,NULL,1);
INSERT INTO "multi_unit_scenario_setting_disp_m" VALUES(985,541,NULL,80085201,5,NULL,0);
INSERT INTO "multi_unit_scenario_setting_disp_m" VALUES(986,542,NULL,80035201,4,NULL,0);
INSERT INTO "multi_unit_scenario_setting_disp_m" VALUES(987,542,NULL,80085201,5,NULL,1);
INSERT INTO "multi_unit_scenario_setting_disp_m" VALUES(988,543,NULL,80035201,4,NULL,0);
INSERT INTO "multi_unit_scenario_setting_disp_m" VALUES(989,543,NULL,80085202,5,NULL,1);
INSERT INTO "multi_unit_scenario_setting_disp_m" VALUES(990,544,'454',80035203,4,NULL,1);
INSERT INTO "multi_unit_scenario_setting_disp_m" VALUES(991,544,NULL,80085201,5,NULL,0);
INSERT INTO "multi_unit_scenario_setting_disp_m" VALUES(992,545,NULL,80035203,4,NULL,0);
INSERT INTO "multi_unit_scenario_setting_disp_m" VALUES(993,545,NULL,80085202,5,NULL,1);
INSERT INTO "multi_unit_scenario_setting_disp_m" VALUES(994,546,'456',80035201,4,NULL,1);
INSERT INTO "multi_unit_scenario_setting_disp_m" VALUES(995,546,NULL,80085201,5,NULL,0);
INSERT INTO "multi_unit_scenario_setting_disp_m" VALUES(996,547,NULL,80035201,4,NULL,0);
INSERT INTO "multi_unit_scenario_setting_disp_m" VALUES(997,547,NULL,80085202,5,NULL,1);
INSERT INTO "multi_unit_scenario_setting_disp_m" VALUES(998,548,NULL,80035204,4,NULL,1);
INSERT INTO "multi_unit_scenario_setting_disp_m" VALUES(999,548,NULL,80085201,5,NULL,0);
INSERT INTO "multi_unit_scenario_setting_disp_m" VALUES(1000,549,NULL,80035201,4,NULL,0);
INSERT INTO "multi_unit_scenario_setting_disp_m" VALUES(1001,549,NULL,80085202,5,NULL,1);
INSERT INTO "multi_unit_scenario_setting_disp_m" VALUES(1002,550,NULL,80035202,4,NULL,1);
INSERT INTO "multi_unit_scenario_setting_disp_m" VALUES(1003,550,NULL,80085201,5,NULL,0);
INSERT INTO "multi_unit_scenario_setting_disp_m" VALUES(1004,551,NULL,80035201,4,NULL,0);
INSERT INTO "multi_unit_scenario_setting_disp_m" VALUES(1005,551,'457',80085202,5,13,1);
INSERT INTO "multi_unit_scenario_setting_disp_m" VALUES(1006,552,NULL,80035203,4,NULL,1);
INSERT INTO "multi_unit_scenario_setting_disp_m" VALUES(1007,552,NULL,80085203,5,NULL,0);
INSERT INTO "multi_unit_scenario_setting_disp_m" VALUES(1008,553,NULL,80035201,4,NULL,0);
INSERT INTO "multi_unit_scenario_setting_disp_m" VALUES(1009,553,NULL,80085202,5,NULL,1);
INSERT INTO "multi_unit_scenario_setting_disp_m" VALUES(1010,554,NULL,80035202,4,NULL,1);
INSERT INTO "multi_unit_scenario_setting_disp_m" VALUES(1011,554,NULL,80085201,5,NULL,0);
INSERT INTO "multi_unit_scenario_setting_disp_m" VALUES(1012,555,NULL,80035201,4,NULL,0);
INSERT INTO "multi_unit_scenario_setting_disp_m" VALUES(1013,555,NULL,80085201,5,NULL,1);
INSERT INTO "multi_unit_scenario_setting_disp_m" VALUES(1014,556,NULL,80035202,4,NULL,1);
INSERT INTO "multi_unit_scenario_setting_disp_m" VALUES(1015,556,NULL,80085201,5,NULL,0);
INSERT INTO "multi_unit_scenario_setting_disp_m" VALUES(1016,557,NULL,80035201,4,NULL,0);
INSERT INTO "multi_unit_scenario_setting_disp_m" VALUES(1017,557,'461',80085202,5,11,1);
INSERT INTO "multi_unit_scenario_setting_disp_m" VALUES(1018,558,'457',80035202,4,13,1);
INSERT INTO "multi_unit_scenario_setting_disp_m" VALUES(1019,558,NULL,80085201,5,NULL,0);
INSERT INTO "multi_unit_scenario_setting_disp_m" VALUES(1020,559,NULL,80035201,4,NULL,0);
INSERT INTO "multi_unit_scenario_setting_disp_m" VALUES(1021,559,NULL,80085202,5,NULL,1);
INSERT INTO "multi_unit_scenario_setting_disp_m" VALUES(1022,560,'456',80035201,4,NULL,1);
INSERT INTO "multi_unit_scenario_setting_disp_m" VALUES(1023,560,NULL,80085201,5,NULL,0);
INSERT INTO "multi_unit_scenario_setting_disp_m" VALUES(1024,561,NULL,80035202,4,NULL,1);
INSERT INTO "multi_unit_scenario_setting_disp_m" VALUES(1025,561,NULL,80085201,5,NULL,0);
INSERT INTO "multi_unit_scenario_setting_disp_m" VALUES(1026,562,NULL,80035201,4,NULL,0);
INSERT INTO "multi_unit_scenario_setting_disp_m" VALUES(1027,562,'457',80085202,5,13,1);
INSERT INTO "multi_unit_scenario_setting_disp_m" VALUES(1028,563,'456',80035203,4,NULL,1);
INSERT INTO "multi_unit_scenario_setting_disp_m" VALUES(1029,563,NULL,80085201,5,NULL,0);
INSERT INTO "multi_unit_scenario_setting_disp_m" VALUES(1030,564,NULL,80035201,4,NULL,0);
INSERT INTO "multi_unit_scenario_setting_disp_m" VALUES(1031,564,'456',80085201,5,NULL,1);
INSERT INTO "multi_unit_scenario_setting_disp_m" VALUES(1032,565,NULL,80035202,4,NULL,1);
INSERT INTO "multi_unit_scenario_setting_disp_m" VALUES(1033,565,NULL,80085201,5,NULL,0);
INSERT INTO "multi_unit_scenario_setting_disp_m" VALUES(1034,566,NULL,80035201,4,NULL,0);
INSERT INTO "multi_unit_scenario_setting_disp_m" VALUES(1035,566,'454',80085203,5,NULL,1);
INSERT INTO "multi_unit_scenario_setting_disp_m" VALUES(1036,567,NULL,80035202,4,NULL,1);
INSERT INTO "multi_unit_scenario_setting_disp_m" VALUES(1037,567,NULL,80085201,5,NULL,0);
INSERT INTO "multi_unit_scenario_setting_disp_m" VALUES(1038,568,NULL,80035201,4,NULL,0);
INSERT INTO "multi_unit_scenario_setting_disp_m" VALUES(1039,568,'457',80085202,5,13,1);
INSERT INTO "multi_unit_scenario_setting_disp_m" VALUES(1040,569,NULL,80035202,4,NULL,1);
INSERT INTO "multi_unit_scenario_setting_disp_m" VALUES(1041,569,NULL,80085201,5,NULL,0);
INSERT INTO "multi_unit_scenario_setting_disp_m" VALUES(1042,570,NULL,80035201,4,NULL,0);
INSERT INTO "multi_unit_scenario_setting_disp_m" VALUES(1043,570,'457',80085202,5,13,1);
INSERT INTO "multi_unit_scenario_setting_disp_m" VALUES(1044,571,NULL,80035202,4,NULL,1);
INSERT INTO "multi_unit_scenario_setting_disp_m" VALUES(1045,571,NULL,80085201,5,NULL,0);
INSERT INTO "multi_unit_scenario_setting_disp_m" VALUES(1046,572,NULL,80035201,4,NULL,0);
INSERT INTO "multi_unit_scenario_setting_disp_m" VALUES(1047,572,NULL,80085202,5,NULL,1);
INSERT INTO "multi_unit_scenario_setting_disp_m" VALUES(1048,573,'454',80035203,4,NULL,1);
INSERT INTO "multi_unit_scenario_setting_disp_m" VALUES(1049,573,NULL,80085201,5,NULL,0);
INSERT INTO "multi_unit_scenario_setting_disp_m" VALUES(1050,574,NULL,80035201,4,NULL,0);
INSERT INTO "multi_unit_scenario_setting_disp_m" VALUES(1051,574,NULL,80085202,5,NULL,1);
INSERT INTO "multi_unit_scenario_setting_disp_m" VALUES(1052,575,NULL,80035203,4,NULL,1);
INSERT INTO "multi_unit_scenario_setting_disp_m" VALUES(1053,575,NULL,80085201,5,NULL,0);
INSERT INTO "multi_unit_scenario_setting_disp_m" VALUES(1054,576,NULL,80035201,4,NULL,0);
INSERT INTO "multi_unit_scenario_setting_disp_m" VALUES(1055,576,NULL,80085204,5,NULL,1);
INSERT INTO "multi_unit_scenario_setting_disp_m" VALUES(1056,577,NULL,30000000,2,NULL,0);
INSERT INTO "multi_unit_scenario_setting_disp_m" VALUES(1057,578,NULL,30000000,2,NULL,0);
INSERT INTO "multi_unit_scenario_setting_disp_m" VALUES(1058,579,NULL,30000000,2,NULL,0);
INSERT INTO "multi_unit_scenario_setting_disp_m" VALUES(1059,580,NULL,30000000,2,NULL,0);
INSERT INTO "multi_unit_scenario_setting_disp_m" VALUES(1060,581,NULL,30000000,2,NULL,0);
INSERT INTO "multi_unit_scenario_setting_disp_m" VALUES(1061,582,NULL,70011201,4,NULL,1);
INSERT INTO "multi_unit_scenario_setting_disp_m" VALUES(1062,583,'455',70011203,4,12,1);
INSERT INTO "multi_unit_scenario_setting_disp_m" VALUES(1063,584,NULL,70011201,4,NULL,0);
INSERT INTO "multi_unit_scenario_setting_disp_m" VALUES(1064,584,NULL,70021203,5,4,1);
INSERT INTO "multi_unit_scenario_setting_disp_m" VALUES(1065,585,'457',70011202,4,13,1);
INSERT INTO "multi_unit_scenario_setting_disp_m" VALUES(1066,585,NULL,70021201,5,NULL,0);
INSERT INTO "multi_unit_scenario_setting_disp_m" VALUES(1067,586,NULL,70011201,4,NULL,0);
INSERT INTO "multi_unit_scenario_setting_disp_m" VALUES(1068,586,NULL,70021202,5,NULL,1);
INSERT INTO "multi_unit_scenario_setting_disp_m" VALUES(1069,587,NULL,70011202,4,NULL,1);
INSERT INTO "multi_unit_scenario_setting_disp_m" VALUES(1070,587,NULL,70021201,5,NULL,0);
INSERT INTO "multi_unit_scenario_setting_disp_m" VALUES(1071,588,NULL,70011204,4,NULL,1);
INSERT INTO "multi_unit_scenario_setting_disp_m" VALUES(1072,588,NULL,70021201,5,NULL,0);
INSERT INTO "multi_unit_scenario_setting_disp_m" VALUES(1073,589,'456',70011204,4,NULL,1);
INSERT INTO "multi_unit_scenario_setting_disp_m" VALUES(1074,589,NULL,70021201,5,NULL,0);
INSERT INTO "multi_unit_scenario_setting_disp_m" VALUES(1075,590,NULL,70011204,4,NULL,0);
INSERT INTO "multi_unit_scenario_setting_disp_m" VALUES(1076,590,NULL,70021202,5,NULL,1);
INSERT INTO "multi_unit_scenario_setting_disp_m" VALUES(1077,591,NULL,70011201,4,NULL,0);
INSERT INTO "multi_unit_scenario_setting_disp_m" VALUES(1078,591,'456',70021201,5,NULL,1);
INSERT INTO "multi_unit_scenario_setting_disp_m" VALUES(1079,592,NULL,70011203,4,NULL,1);
INSERT INTO "multi_unit_scenario_setting_disp_m" VALUES(1080,592,NULL,70021201,5,NULL,0);
INSERT INTO "multi_unit_scenario_setting_disp_m" VALUES(1081,593,NULL,70011201,4,NULL,0);
INSERT INTO "multi_unit_scenario_setting_disp_m" VALUES(1082,593,NULL,70021202,5,NULL,1);
INSERT INTO "multi_unit_scenario_setting_disp_m" VALUES(1083,594,NULL,70011201,4,NULL,0);
INSERT INTO "multi_unit_scenario_setting_disp_m" VALUES(1084,594,NULL,70021202,5,NULL,1);
INSERT INTO "multi_unit_scenario_setting_disp_m" VALUES(1085,595,'457',70011202,4,13,1);
INSERT INTO "multi_unit_scenario_setting_disp_m" VALUES(1086,595,NULL,70021201,5,NULL,0);
INSERT INTO "multi_unit_scenario_setting_disp_m" VALUES(1087,596,NULL,70011201,4,NULL,0);
INSERT INTO "multi_unit_scenario_setting_disp_m" VALUES(1088,596,NULL,70021201,5,NULL,1);
INSERT INTO "multi_unit_scenario_setting_disp_m" VALUES(1089,597,NULL,70011201,4,NULL,0);
INSERT INTO "multi_unit_scenario_setting_disp_m" VALUES(1090,597,NULL,70021202,5,NULL,1);
INSERT INTO "multi_unit_scenario_setting_disp_m" VALUES(1091,598,NULL,70011203,4,NULL,1);
INSERT INTO "multi_unit_scenario_setting_disp_m" VALUES(1092,598,NULL,70021201,5,NULL,0);
INSERT INTO "multi_unit_scenario_setting_disp_m" VALUES(1093,599,NULL,70011201,4,NULL,0);
INSERT INTO "multi_unit_scenario_setting_disp_m" VALUES(1094,599,NULL,70021201,5,NULL,1);
INSERT INTO "multi_unit_scenario_setting_disp_m" VALUES(1095,600,'457',70011202,4,13,1);
INSERT INTO "multi_unit_scenario_setting_disp_m" VALUES(1096,600,NULL,70021201,5,NULL,0);
INSERT INTO "multi_unit_scenario_setting_disp_m" VALUES(1097,601,NULL,70011201,4,NULL,0);
INSERT INTO "multi_unit_scenario_setting_disp_m" VALUES(1098,601,NULL,70021201,5,NULL,1);
INSERT INTO "multi_unit_scenario_setting_disp_m" VALUES(1099,602,NULL,70015202,4,NULL,1);
INSERT INTO "multi_unit_scenario_setting_disp_m" VALUES(1100,602,NULL,70025201,5,NULL,0);
INSERT INTO "multi_unit_scenario_setting_disp_m" VALUES(1101,603,NULL,70015201,4,NULL,0);
INSERT INTO "multi_unit_scenario_setting_disp_m" VALUES(1102,603,NULL,70025201,5,NULL,1);
INSERT INTO "multi_unit_scenario_setting_disp_m" VALUES(1103,604,NULL,70015201,4,NULL,0);
INSERT INTO "multi_unit_scenario_setting_disp_m" VALUES(1104,604,NULL,70025202,5,NULL,1);
INSERT INTO "multi_unit_scenario_setting_disp_m" VALUES(1105,605,'457',70015202,4,13,1);
INSERT INTO "multi_unit_scenario_setting_disp_m" VALUES(1106,605,NULL,70025201,5,NULL,0);
INSERT INTO "multi_unit_scenario_setting_disp_m" VALUES(1107,606,NULL,70015201,4,NULL,0);
INSERT INTO "multi_unit_scenario_setting_disp_m" VALUES(1108,606,NULL,70025202,5,NULL,1);
INSERT INTO "multi_unit_scenario_setting_disp_m" VALUES(1109,607,NULL,70015202,4,NULL,1);
INSERT INTO "multi_unit_scenario_setting_disp_m" VALUES(1110,607,NULL,70025201,5,NULL,0);
INSERT INTO "multi_unit_scenario_setting_disp_m" VALUES(1111,608,NULL,70015201,4,NULL,0);
INSERT INTO "multi_unit_scenario_setting_disp_m" VALUES(1112,608,'456',70025201,5,NULL,1);
INSERT INTO "multi_unit_scenario_setting_disp_m" VALUES(1113,609,NULL,70015202,4,NULL,1);
INSERT INTO "multi_unit_scenario_setting_disp_m" VALUES(1114,609,NULL,70025201,5,NULL,0);
INSERT INTO "multi_unit_scenario_setting_disp_m" VALUES(1115,610,'456',70015201,4,NULL,1);
INSERT INTO "multi_unit_scenario_setting_disp_m" VALUES(1116,610,NULL,70025201,5,NULL,0);
INSERT INTO "multi_unit_scenario_setting_disp_m" VALUES(1117,611,NULL,70015201,4,NULL,0);
INSERT INTO "multi_unit_scenario_setting_disp_m" VALUES(1118,611,NULL,70025202,5,NULL,1);
INSERT INTO "multi_unit_scenario_setting_disp_m" VALUES(1119,612,NULL,70015202,4,NULL,1);
INSERT INTO "multi_unit_scenario_setting_disp_m" VALUES(1120,612,NULL,70025201,5,NULL,0);
INSERT INTO "multi_unit_scenario_setting_disp_m" VALUES(1121,613,NULL,70015201,4,NULL,0);
INSERT INTO "multi_unit_scenario_setting_disp_m" VALUES(1122,613,NULL,70025203,5,NULL,1);
INSERT INTO "multi_unit_scenario_setting_disp_m" VALUES(1123,614,'457',70015202,4,13,1);
INSERT INTO "multi_unit_scenario_setting_disp_m" VALUES(1124,614,NULL,70025201,5,NULL,0);
INSERT INTO "multi_unit_scenario_setting_disp_m" VALUES(1125,615,NULL,70015201,4,NULL,0);
INSERT INTO "multi_unit_scenario_setting_disp_m" VALUES(1126,615,'454',70025203,5,NULL,1);
INSERT INTO "multi_unit_scenario_setting_disp_m" VALUES(1127,616,'456',70015201,4,NULL,1);
INSERT INTO "multi_unit_scenario_setting_disp_m" VALUES(1128,616,NULL,70025201,5,NULL,0);
INSERT INTO "multi_unit_scenario_setting_disp_m" VALUES(1129,617,NULL,70015201,4,NULL,1);
INSERT INTO "multi_unit_scenario_setting_disp_m" VALUES(1130,617,NULL,70025201,5,NULL,0);
INSERT INTO "multi_unit_scenario_setting_disp_m" VALUES(1131,618,NULL,70015201,4,NULL,0);
INSERT INTO "multi_unit_scenario_setting_disp_m" VALUES(1132,618,'456',70025203,5,NULL,1);
INSERT INTO "multi_unit_scenario_setting_disp_m" VALUES(1133,619,NULL,70015201,4,NULL,0);
INSERT INTO "multi_unit_scenario_setting_disp_m" VALUES(1134,619,NULL,70025204,5,NULL,1);
INSERT INTO "multi_unit_scenario_setting_disp_m" VALUES(1135,620,'456',70015204,4,NULL,1);
INSERT INTO "multi_unit_scenario_setting_disp_m" VALUES(1136,620,NULL,70025204,5,NULL,0);
INSERT INTO "multi_unit_scenario_setting_disp_m" VALUES(1137,621,NULL,70015203,4,NULL,1);
INSERT INTO "multi_unit_scenario_setting_disp_m" VALUES(1138,621,NULL,70025204,5,NULL,0);
INSERT INTO "multi_unit_scenario_setting_disp_m" VALUES(1139,622,NULL,70015203,4,NULL,0);
INSERT INTO "multi_unit_scenario_setting_disp_m" VALUES(1140,622,'454',70025203,5,NULL,1);
INSERT INTO "multi_unit_scenario_setting_disp_m" VALUES(1141,623,NULL,70015202,4,NULL,1);
INSERT INTO "multi_unit_scenario_setting_disp_m" VALUES(1142,623,NULL,70025203,5,NULL,0);
INSERT INTO "multi_unit_scenario_setting_disp_m" VALUES(1143,624,NULL,70015201,4,NULL,0);
INSERT INTO "multi_unit_scenario_setting_disp_m" VALUES(1144,624,'456',70025201,5,NULL,1);
INSERT INTO "multi_unit_scenario_setting_disp_m" VALUES(1145,625,NULL,70015202,4,NULL,1);
INSERT INTO "multi_unit_scenario_setting_disp_m" VALUES(1146,625,NULL,70025201,5,NULL,0);
INSERT INTO "multi_unit_scenario_setting_disp_m" VALUES(1147,626,NULL,70015201,4,NULL,1);
INSERT INTO "multi_unit_scenario_setting_disp_m" VALUES(1148,626,NULL,70025201,5,NULL,0);
INSERT INTO "multi_unit_scenario_setting_disp_m" VALUES(1149,627,NULL,70015201,4,NULL,0);
INSERT INTO "multi_unit_scenario_setting_disp_m" VALUES(1150,627,'457',70025201,5,13,1);
INSERT INTO "multi_unit_scenario_setting_disp_m" VALUES(1151,628,'457',70015202,4,13,1);
INSERT INTO "multi_unit_scenario_setting_disp_m" VALUES(1152,628,NULL,70025201,5,NULL,0);
INSERT INTO "multi_unit_scenario_setting_disp_m" VALUES(1153,629,NULL,70015201,4,NULL,0);
INSERT INTO "multi_unit_scenario_setting_disp_m" VALUES(1154,629,NULL,70025202,5,NULL,1);
INSERT INTO "multi_unit_scenario_setting_disp_m" VALUES(1155,630,NULL,70015201,4,NULL,1);
INSERT INTO "multi_unit_scenario_setting_disp_m" VALUES(1156,630,NULL,70025201,5,NULL,0);
INSERT INTO "multi_unit_scenario_setting_disp_m" VALUES(1157,631,NULL,70015201,4,NULL,0);
INSERT INTO "multi_unit_scenario_setting_disp_m" VALUES(1158,631,NULL,70025201,5,NULL,1);
INSERT INTO "multi_unit_scenario_setting_disp_m" VALUES(1159,632,NULL,30000000,2,NULL,0);
INSERT INTO "multi_unit_scenario_setting_disp_m" VALUES(1160,633,NULL,30000000,2,NULL,0);
INSERT INTO "multi_unit_scenario_setting_disp_m" VALUES(1161,634,NULL,30000000,2,NULL,0);
INSERT INTO "multi_unit_scenario_setting_disp_m" VALUES(1162,635,NULL,30000000,2,NULL,0);
INSERT INTO "multi_unit_scenario_setting_disp_m" VALUES(1163,636,NULL,30000000,2,NULL,0);
INSERT INTO "multi_unit_scenario_setting_disp_m" VALUES(1164,637,NULL,30000000,2,NULL,0);
INSERT INTO "multi_unit_scenario_setting_disp_m" VALUES(1165,638,NULL,30000000,2,NULL,0);
INSERT INTO "multi_unit_scenario_setting_disp_m" VALUES(1166,639,NULL,30000000,2,NULL,0);
INSERT INTO "multi_unit_scenario_setting_disp_m" VALUES(1167,640,NULL,30000000,2,NULL,0);
INSERT INTO "multi_unit_scenario_setting_disp_m" VALUES(1168,641,NULL,30000000,2,NULL,0);
CREATE TABLE `multi_unit_scenario_setting_m` (
    `multi_unit_scenario_setting_id` INTEGER NOT NULL,
    `multi_unit_scenario_id` INTEGER NOT NULL,
    `order_num` INTEGER NOT NULL,
    `asset_background_id` INTEGER,
    `character_name` TEXT,
    `scene_effect_type` INTEGER,
    `asset_voice_id` INTEGER,
    `asset_se_id` INTEGER,
    `asset_bgm_id` INTEGER,
    `release_tag` TEXT, `_encryption_release_id` INTEGER NULL,
    PRIMARY KEY (`multi_unit_scenario_setting_id`)
);
INSERT INTO "multi_unit_scenario_setting_m" VALUES(1,1,1,13,'希',NULL,43631,NULL,NULL,NULL,NULL);
INSERT INTO "multi_unit_scenario_setting_m" VALUES(2,1,2,NULL,'絵里',NULL,43632,NULL,NULL,NULL,NULL);
INSERT INTO "multi_unit_scenario_setting_m" VALUES(3,1,3,NULL,'絵里',NULL,43633,NULL,NULL,NULL,NULL);
INSERT INTO "multi_unit_scenario_setting_m" VALUES(4,1,4,NULL,'希',NULL,43634,NULL,NULL,NULL,NULL);
INSERT INTO "multi_unit_scenario_setting_m" VALUES(5,1,5,NULL,'絵里',NULL,43635,NULL,NULL,NULL,NULL);
INSERT INTO "multi_unit_scenario_setting_m" VALUES(6,1,6,NULL,'希',NULL,43636,NULL,NULL,NULL,NULL);
INSERT INTO "multi_unit_scenario_setting_m" VALUES(7,1,7,NULL,'絵里',1,43637,NULL,NULL,NULL,NULL);
INSERT INTO "multi_unit_scenario_setting_m" VALUES(8,1,8,NULL,'希',NULL,43638,NULL,NULL,NULL,NULL);
INSERT INTO "multi_unit_scenario_setting_m" VALUES(9,1,9,NULL,'絵里',NULL,43639,NULL,NULL,NULL,NULL);
INSERT INTO "multi_unit_scenario_setting_m" VALUES(10,1,10,NULL,'希',NULL,43640,NULL,NULL,NULL,NULL);
INSERT INTO "multi_unit_scenario_setting_m" VALUES(11,1,11,NULL,'希',NULL,43641,NULL,NULL,NULL,NULL);
INSERT INTO "multi_unit_scenario_setting_m" VALUES(12,1,12,NULL,'絵里',NULL,43642,NULL,NULL,NULL,NULL);
INSERT INTO "multi_unit_scenario_setting_m" VALUES(13,1,13,NULL,'絵里',NULL,43643,NULL,NULL,NULL,NULL);
INSERT INTO "multi_unit_scenario_setting_m" VALUES(14,1,14,NULL,'希',NULL,43644,NULL,NULL,NULL,NULL);
INSERT INTO "multi_unit_scenario_setting_m" VALUES(15,1,15,NULL,'絵里',NULL,43645,NULL,NULL,NULL,NULL);
INSERT INTO "multi_unit_scenario_setting_m" VALUES(16,1,16,NULL,'希',NULL,43646,NULL,NULL,NULL,NULL);
INSERT INTO "multi_unit_scenario_setting_m" VALUES(17,1,17,NULL,'絵里',NULL,43647,NULL,NULL,NULL,NULL);
INSERT INTO "multi_unit_scenario_setting_m" VALUES(18,1,18,NULL,'希',NULL,43648,NULL,NULL,NULL,NULL);
INSERT INTO "multi_unit_scenario_setting_m" VALUES(19,1,19,NULL,'絵里',NULL,43649,NULL,NULL,NULL,NULL);
INSERT INTO "multi_unit_scenario_setting_m" VALUES(20,1,20,NULL,'希',NULL,43650,NULL,NULL,NULL,NULL);
INSERT INTO "multi_unit_scenario_setting_m" VALUES(21,1,21,NULL,'希',NULL,43651,NULL,NULL,NULL,NULL);
INSERT INTO "multi_unit_scenario_setting_m" VALUES(22,1,22,NULL,'絵里',NULL,43652,NULL,NULL,NULL,NULL);
INSERT INTO "multi_unit_scenario_setting_m" VALUES(23,1,23,NULL,'希',NULL,43653,NULL,NULL,NULL,NULL);
INSERT INTO "multi_unit_scenario_setting_m" VALUES(24,1,24,NULL,'絵里',NULL,43654,NULL,NULL,NULL,NULL);
INSERT INTO "multi_unit_scenario_setting_m" VALUES(25,1,25,NULL,'希',NULL,43655,NULL,NULL,NULL,NULL);
INSERT INTO "multi_unit_scenario_setting_m" VALUES(26,1,26,NULL,'絵里',NULL,43656,NULL,NULL,NULL,NULL);
INSERT INTO "multi_unit_scenario_setting_m" VALUES(27,1,27,NULL,'希',NULL,43657,NULL,NULL,NULL,NULL);
INSERT INTO "multi_unit_scenario_setting_m" VALUES(28,1,28,472,'絵里',5,43658,369,NULL,NULL,NULL);
INSERT INTO "multi_unit_scenario_setting_m" VALUES(29,1,29,NULL,'希',NULL,43659,NULL,NULL,NULL,NULL);
INSERT INTO "multi_unit_scenario_setting_m" VALUES(30,1,30,NULL,'絵里',NULL,43660,NULL,NULL,NULL,NULL);
INSERT INTO "multi_unit_scenario_setting_m" VALUES(31,1,31,NULL,'希',NULL,43661,NULL,NULL,NULL,NULL);
INSERT INTO "multi_unit_scenario_setting_m" VALUES(32,1,32,NULL,'絵里',NULL,43662,NULL,NULL,NULL,NULL);
INSERT INTO "multi_unit_scenario_setting_m" VALUES(33,1,33,NULL,'希',NULL,43663,NULL,NULL,NULL,NULL);
INSERT INTO "multi_unit_scenario_setting_m" VALUES(34,1,34,NULL,'絵里',NULL,43664,NULL,NULL,NULL,NULL);
INSERT INTO "multi_unit_scenario_setting_m" VALUES(35,1,35,NULL,'希',NULL,43665,NULL,NULL,NULL,NULL);
INSERT INTO "multi_unit_scenario_setting_m" VALUES(36,1,36,NULL,'絵里',NULL,43666,NULL,NULL,NULL,NULL);
INSERT INTO "multi_unit_scenario_setting_m" VALUES(37,1,37,81,'絵里',5,43667,NULL,NULL,NULL,NULL);
INSERT INTO "multi_unit_scenario_setting_m" VALUES(38,1,38,NULL,'希',NULL,43668,NULL,NULL,NULL,NULL);
INSERT INTO "multi_unit_scenario_setting_m" VALUES(39,1,39,NULL,'絵里',NULL,43669,NULL,NULL,NULL,NULL);
INSERT INTO "multi_unit_scenario_setting_m" VALUES(40,1,40,NULL,'希',NULL,43670,NULL,NULL,NULL,NULL);
INSERT INTO "multi_unit_scenario_setting_m" VALUES(41,1,41,NULL,'絵里',NULL,43671,NULL,NULL,NULL,NULL);
INSERT INTO "multi_unit_scenario_setting_m" VALUES(42,1,42,NULL,'絵里',NULL,43672,NULL,NULL,NULL,NULL);
INSERT INTO "multi_unit_scenario_setting_m" VALUES(43,1,43,82,'絵里',1,43673,NULL,NULL,NULL,NULL);
INSERT INTO "multi_unit_scenario_setting_m" VALUES(44,1,44,NULL,'希',NULL,43674,NULL,NULL,NULL,NULL);
INSERT INTO "multi_unit_scenario_setting_m" VALUES(45,1,45,NULL,'希',NULL,43675,NULL,NULL,NULL,NULL);
INSERT INTO "multi_unit_scenario_setting_m" VALUES(46,1,46,NULL,'絵里',NULL,43676,NULL,NULL,NULL,NULL);
INSERT INTO "multi_unit_scenario_setting_m" VALUES(47,1,47,NULL,'希',1,43677,NULL,NULL,NULL,NULL);
INSERT INTO "multi_unit_scenario_setting_m" VALUES(48,1,48,NULL,'絵里',NULL,43678,NULL,NULL,NULL,NULL);
INSERT INTO "multi_unit_scenario_setting_m" VALUES(49,1,49,NULL,'希',NULL,43679,NULL,NULL,NULL,NULL);
INSERT INTO "multi_unit_scenario_setting_m" VALUES(50,1,50,NULL,'絵里',NULL,43680,NULL,NULL,NULL,NULL);
INSERT INTO "multi_unit_scenario_setting_m" VALUES(51,1,51,NULL,'希',NULL,43681,NULL,NULL,NULL,NULL);
INSERT INTO "multi_unit_scenario_setting_m" VALUES(52,1,52,NULL,'絵里',NULL,43682,NULL,NULL,NULL,NULL);
INSERT INTO "multi_unit_scenario_setting_m" VALUES(53,1,53,NULL,'希',NULL,43683,NULL,NULL,NULL,NULL);
INSERT INTO "multi_unit_scenario_setting_m" VALUES(54,1,54,NULL,'絵里',NULL,43684,NULL,NULL,NULL,NULL);
INSERT INTO "multi_unit_scenario_setting_m" VALUES(55,1,55,NULL,'絵里',NULL,43685,NULL,NULL,NULL,NULL);
INSERT INTO "multi_unit_scenario_setting_m" VALUES(56,1,56,NULL,'希',NULL,43686,NULL,NULL,NULL,NULL);
INSERT INTO "multi_unit_scenario_setting_m" VALUES(57,1,57,NULL,'希',NULL,43687,NULL,NULL,NULL,NULL);
INSERT INTO "multi_unit_scenario_setting_m" VALUES(58,1,58,NULL,'希',NULL,43688,NULL,NULL,NULL,NULL);
INSERT INTO "multi_unit_scenario_setting_m" VALUES(59,1,59,NULL,'希',NULL,43689,NULL,NULL,NULL,NULL);
INSERT INTO "multi_unit_scenario_setting_m" VALUES(60,1,60,NULL,'絵里',NULL,43690,NULL,NULL,NULL,NULL);
INSERT INTO "multi_unit_scenario_setting_m" VALUES(61,1,61,NULL,'絵里',NULL,43691,NULL,NULL,NULL,NULL);
INSERT INTO "multi_unit_scenario_setting_m" VALUES(62,1,62,NULL,'絵里',NULL,43692,NULL,NULL,NULL,NULL);
INSERT INTO "multi_unit_scenario_setting_m" VALUES(63,1,63,NULL,'希',NULL,43693,NULL,NULL,NULL,NULL);
INSERT INTO "multi_unit_scenario_setting_m" VALUES(64,1,64,NULL,'希',NULL,43694,NULL,NULL,NULL,NULL);
INSERT INTO "multi_unit_scenario_setting_m" VALUES(65,1,65,206,'希',5,43695,NULL,NULL,NULL,NULL);
INSERT INTO "multi_unit_scenario_setting_m" VALUES(66,1,66,NULL,'希',NULL,43696,NULL,NULL,NULL,NULL);
INSERT INTO "multi_unit_scenario_setting_m" VALUES(67,1,67,NULL,'絵里',NULL,43697,NULL,NULL,NULL,NULL);
INSERT INTO "multi_unit_scenario_setting_m" VALUES(68,1,68,NULL,'希',NULL,43698,NULL,NULL,NULL,NULL);
INSERT INTO "multi_unit_scenario_setting_m" VALUES(69,1,69,473,'希',3,43699,NULL,NULL,NULL,NULL);
INSERT INTO "multi_unit_scenario_setting_m" VALUES(70,1,70,NULL,'絵里',NULL,43700,NULL,NULL,NULL,NULL);
INSERT INTO "multi_unit_scenario_setting_m" VALUES(71,1,71,NULL,'絵里',NULL,43701,NULL,NULL,NULL,NULL);
INSERT INTO "multi_unit_scenario_setting_m" VALUES(72,1,72,NULL,'絵里',NULL,43702,NULL,NULL,NULL,NULL);
INSERT INTO "multi_unit_scenario_setting_m" VALUES(73,1,73,NULL,'希',NULL,43703,NULL,NULL,NULL,NULL);
INSERT INTO "multi_unit_scenario_setting_m" VALUES(74,1,74,NULL,'絵里',NULL,43704,NULL,NULL,NULL,NULL);
INSERT INTO "multi_unit_scenario_setting_m" VALUES(75,1,75,NULL,'希',NULL,43705,NULL,NULL,NULL,NULL);
INSERT INTO "multi_unit_scenario_setting_m" VALUES(76,1,76,NULL,'希',NULL,43706,NULL,NULL,NULL,NULL);
INSERT INTO "multi_unit_scenario_setting_m" VALUES(77,2,1,77,'花丸',NULL,43707,NULL,NULL,NULL,NULL);
INSERT INTO "multi_unit_scenario_setting_m" VALUES(78,2,2,NULL,'善子',NULL,43708,NULL,NULL,NULL,NULL);
INSERT INTO "multi_unit_scenario_setting_m" VALUES(79,2,3,NULL,'花丸',NULL,43709,NULL,NULL,NULL,NULL);
INSERT INTO "multi_unit_scenario_setting_m" VALUES(80,2,4,NULL,'善子',NULL,43710,NULL,NULL,NULL,NULL);
INSERT INTO "multi_unit_scenario_setting_m" VALUES(81,2,5,NULL,'花丸',NULL,43711,NULL,NULL,NULL,NULL);
INSERT INTO "multi_unit_scenario_setting_m" VALUES(82,2,6,NULL,'善子',NULL,43712,NULL,NULL,NULL,NULL);
INSERT INTO "multi_unit_scenario_setting_m" VALUES(83,2,7,NULL,'花丸',NULL,43713,NULL,NULL,NULL,NULL);
INSERT INTO "multi_unit_scenario_setting_m" VALUES(84,2,8,NULL,'善子',NULL,43714,NULL,NULL,NULL,NULL);
INSERT INTO "multi_unit_scenario_setting_m" VALUES(85,2,9,NULL,'花丸',NULL,43715,NULL,NULL,NULL,NULL);
INSERT INTO "multi_unit_scenario_setting_m" VALUES(86,2,10,NULL,'善子',NULL,43716,NULL,NULL,NULL,NULL);
INSERT INTO "multi_unit_scenario_setting_m" VALUES(87,2,11,NULL,'花丸',NULL,43717,NULL,NULL,NULL,NULL);
INSERT INTO "multi_unit_scenario_setting_m" VALUES(88,2,12,NULL,'善子',NULL,43718,NULL,NULL,NULL,NULL);
INSERT INTO "multi_unit_scenario_setting_m" VALUES(89,2,13,NULL,'花丸',NULL,43719,NULL,NULL,NULL,NULL);
INSERT INTO "multi_unit_scenario_setting_m" VALUES(90,2,14,NULL,'善子',NULL,43720,NULL,NULL,NULL,NULL);
INSERT INTO "multi_unit_scenario_setting_m" VALUES(91,2,15,NULL,'花丸',NULL,43721,NULL,NULL,NULL,NULL);
INSERT INTO "multi_unit_scenario_setting_m" VALUES(92,2,16,NULL,'善子',NULL,43722,NULL,NULL,NULL,NULL);
INSERT INTO "multi_unit_scenario_setting_m" VALUES(93,2,17,NULL,'花丸',NULL,43723,NULL,NULL,NULL,NULL);
INSERT INTO "multi_unit_scenario_setting_m" VALUES(94,2,18,NULL,'善子',NULL,43724,NULL,NULL,NULL,NULL);
INSERT INTO "multi_unit_scenario_setting_m" VALUES(95,2,19,NULL,'花丸',NULL,43725,NULL,NULL,NULL,NULL);
INSERT INTO "multi_unit_scenario_setting_m" VALUES(96,2,20,NULL,'善子',NULL,43726,NULL,NULL,NULL,NULL);
INSERT INTO "multi_unit_scenario_setting_m" VALUES(97,2,21,NULL,'花丸',1,43727,NULL,NULL,NULL,NULL);
INSERT INTO "multi_unit_scenario_setting_m" VALUES(98,2,22,NULL,'善子',NULL,43728,NULL,NULL,NULL,NULL);
INSERT INTO "multi_unit_scenario_setting_m" VALUES(99,2,23,NULL,'花丸',NULL,43729,NULL,NULL,NULL,NULL);
INSERT INTO "multi_unit_scenario_setting_m" VALUES(100,2,24,NULL,'善子',NULL,43730,NULL,NULL,NULL,NULL);
INSERT INTO "multi_unit_scenario_setting_m" VALUES(101,2,25,NULL,'花丸',NULL,43731,NULL,NULL,NULL,NULL);
INSERT INTO "multi_unit_scenario_setting_m" VALUES(102,2,26,466,'花丸',5,43732,NULL,NULL,NULL,NULL);
INSERT INTO "multi_unit_scenario_setting_m" VALUES(103,2,27,NULL,'善子',NULL,43733,NULL,NULL,NULL,NULL);
INSERT INTO "multi_unit_scenario_setting_m" VALUES(104,2,28,NULL,'花丸',NULL,43734,NULL,NULL,NULL,NULL);
INSERT INTO "multi_unit_scenario_setting_m" VALUES(105,2,29,NULL,'善子',NULL,43735,NULL,NULL,NULL,NULL);
INSERT INTO "multi_unit_scenario_setting_m" VALUES(106,2,30,NULL,'花丸',NULL,43736,NULL,NULL,NULL,NULL);
INSERT INTO "multi_unit_scenario_setting_m" VALUES(107,2,31,NULL,'花丸',NULL,43737,NULL,NULL,NULL,NULL);
INSERT INTO "multi_unit_scenario_setting_m" VALUES(108,2,32,NULL,'善子',NULL,43738,NULL,NULL,NULL,NULL);
INSERT INTO "multi_unit_scenario_setting_m" VALUES(109,2,33,NULL,'花丸',NULL,43739,NULL,NULL,NULL,NULL);
INSERT INTO "multi_unit_scenario_setting_m" VALUES(110,2,34,NULL,'善子',NULL,43740,NULL,NULL,NULL,NULL);
INSERT INTO "multi_unit_scenario_setting_m" VALUES(111,2,35,NULL,'花丸',NULL,43741,NULL,NULL,NULL,NULL);
INSERT INTO "multi_unit_scenario_setting_m" VALUES(112,2,36,NULL,'善子',NULL,43742,NULL,NULL,NULL,NULL);
INSERT INTO "multi_unit_scenario_setting_m" VALUES(113,2,37,NULL,'花丸',NULL,43743,NULL,NULL,NULL,NULL);
INSERT INTO "multi_unit_scenario_setting_m" VALUES(114,2,38,NULL,'善子',NULL,43744,NULL,NULL,NULL,NULL);
INSERT INTO "multi_unit_scenario_setting_m" VALUES(115,2,39,NULL,'花丸',NULL,43745,NULL,NULL,NULL,NULL);
INSERT INTO "multi_unit_scenario_setting_m" VALUES(116,2,40,NULL,'善子',NULL,43746,NULL,NULL,NULL,NULL);
INSERT INTO "multi_unit_scenario_setting_m" VALUES(117,2,41,NULL,'花丸',NULL,43747,NULL,NULL,NULL,NULL);
INSERT INTO "multi_unit_scenario_setting_m" VALUES(118,2,42,NULL,'善子',NULL,43748,NULL,NULL,NULL,NULL);
INSERT INTO "multi_unit_scenario_setting_m" VALUES(119,2,43,NULL,'花丸',NULL,43749,NULL,NULL,NULL,NULL);
INSERT INTO "multi_unit_scenario_setting_m" VALUES(120,2,44,NULL,'善子',NULL,43750,NULL,NULL,NULL,NULL);
INSERT INTO "multi_unit_scenario_setting_m" VALUES(121,2,45,NULL,'花丸',NULL,43751,NULL,NULL,NULL,NULL);
INSERT INTO "multi_unit_scenario_setting_m" VALUES(122,2,46,NULL,'善子',NULL,43752,NULL,NULL,NULL,NULL);
INSERT INTO "multi_unit_scenario_setting_m" VALUES(123,2,47,NULL,'花丸',NULL,43753,NULL,NULL,NULL,NULL);
INSERT INTO "multi_unit_scenario_setting_m" VALUES(124,2,48,NULL,'善子',NULL,43754,NULL,NULL,NULL,NULL);
INSERT INTO "multi_unit_scenario_setting_m" VALUES(125,2,49,NULL,'花丸',NULL,43755,NULL,NULL,NULL,NULL);
INSERT INTO "multi_unit_scenario_setting_m" VALUES(126,2,50,NULL,'善子,花丸',NULL,43756,NULL,NULL,NULL,NULL);
INSERT INTO "multi_unit_scenario_setting_m" VALUES(127,2,51,204,'善子',5,43757,NULL,NULL,NULL,NULL);
INSERT INTO "multi_unit_scenario_setting_m" VALUES(128,2,52,NULL,'花丸',NULL,43758,NULL,NULL,NULL,NULL);
INSERT INTO "multi_unit_scenario_setting_m" VALUES(129,2,53,NULL,'善子',NULL,43759,NULL,NULL,NULL,NULL);
INSERT INTO "multi_unit_scenario_setting_m" VALUES(130,2,54,NULL,'花丸',NULL,43760,NULL,NULL,NULL,NULL);
INSERT INTO "multi_unit_scenario_setting_m" VALUES(131,2,55,NULL,'善子',NULL,43761,NULL,NULL,NULL,NULL);
INSERT INTO "multi_unit_scenario_setting_m" VALUES(132,2,56,NULL,'花丸',NULL,43762,NULL,NULL,NULL,NULL);
INSERT INTO "multi_unit_scenario_setting_m" VALUES(133,2,57,474,'善子',3,43763,NULL,NULL,NULL,NULL);
INSERT INTO "multi_unit_scenario_setting_m" VALUES(134,2,58,NULL,'花丸',NULL,43764,NULL,NULL,NULL,NULL);
INSERT INTO "multi_unit_scenario_setting_m" VALUES(135,2,59,NULL,'善子',NULL,43765,NULL,NULL,NULL,NULL);
INSERT INTO "multi_unit_scenario_setting_m" VALUES(136,2,60,NULL,'花丸',NULL,43766,NULL,NULL,NULL,NULL);
INSERT INTO "multi_unit_scenario_setting_m" VALUES(137,2,61,NULL,'善子',NULL,43767,NULL,NULL,NULL,NULL);
INSERT INTO "multi_unit_scenario_setting_m" VALUES(138,2,62,NULL,'花丸',NULL,43768,NULL,NULL,NULL,NULL);
INSERT INTO "multi_unit_scenario_setting_m" VALUES(139,2,63,NULL,'善子',NULL,43769,NULL,NULL,NULL,NULL);
INSERT INTO "multi_unit_scenario_setting_m" VALUES(140,2,64,NULL,'花丸',NULL,43770,NULL,NULL,NULL,NULL);
INSERT INTO "multi_unit_scenario_setting_m" VALUES(141,2,65,NULL,'善子',NULL,43771,NULL,NULL,NULL,NULL);
INSERT INTO "multi_unit_scenario_setting_m" VALUES(142,2,66,NULL,'花丸',NULL,43772,NULL,NULL,NULL,NULL);
INSERT INTO "multi_unit_scenario_setting_m" VALUES(143,2,67,NULL,'善子',NULL,43773,NULL,NULL,NULL,NULL);
INSERT INTO "multi_unit_scenario_setting_m" VALUES(144,2,68,NULL,'花丸',NULL,43774,NULL,NULL,NULL,NULL);
INSERT INTO "multi_unit_scenario_setting_m" VALUES(145,2,69,NULL,'善子',NULL,43775,NULL,NULL,NULL,NULL);
INSERT INTO "multi_unit_scenario_setting_m" VALUES(146,2,70,NULL,'花丸',NULL,43776,NULL,NULL,NULL,NULL);
INSERT INTO "multi_unit_scenario_setting_m" VALUES(147,2,71,NULL,'善子',NULL,43777,NULL,NULL,NULL,NULL);
INSERT INTO "multi_unit_scenario_setting_m" VALUES(148,2,72,NULL,'花丸',NULL,43778,NULL,NULL,NULL,NULL);
INSERT INTO "multi_unit_scenario_setting_m" VALUES(149,2,73,NULL,'善子',NULL,43779,NULL,NULL,NULL,NULL);
INSERT INTO "multi_unit_scenario_setting_m" VALUES(150,2,74,NULL,'花丸',NULL,43780,NULL,NULL,NULL,NULL);
INSERT INTO "multi_unit_scenario_setting_m" VALUES(151,3,1,399,'千歌',NULL,44721,NULL,NULL,NULL,NULL);
INSERT INTO "multi_unit_scenario_setting_m" VALUES(152,3,2,NULL,'穂乃果',NULL,44722,NULL,NULL,NULL,NULL);
INSERT INTO "multi_unit_scenario_setting_m" VALUES(153,3,3,NULL,'穂乃果',NULL,44723,NULL,NULL,NULL,NULL);
INSERT INTO "multi_unit_scenario_setting_m" VALUES(154,3,4,NULL,'千歌',NULL,44724,NULL,NULL,NULL,NULL);
INSERT INTO "multi_unit_scenario_setting_m" VALUES(155,3,5,NULL,'穂乃果',NULL,44725,NULL,NULL,NULL,NULL);
INSERT INTO "multi_unit_scenario_setting_m" VALUES(156,3,6,NULL,'千歌',NULL,44726,NULL,NULL,NULL,NULL);
INSERT INTO "multi_unit_scenario_setting_m" VALUES(157,3,7,NULL,'穂乃果',NULL,44727,NULL,NULL,NULL,NULL);
INSERT INTO "multi_unit_scenario_setting_m" VALUES(158,3,8,NULL,'千歌',NULL,44728,NULL,NULL,NULL,NULL);
INSERT INTO "multi_unit_scenario_setting_m" VALUES(159,3,9,NULL,'千歌',NULL,44729,NULL,NULL,NULL,NULL);
INSERT INTO "multi_unit_scenario_setting_m" VALUES(160,3,10,NULL,'千歌',NULL,44730,NULL,NULL,NULL,NULL);
INSERT INTO "multi_unit_scenario_setting_m" VALUES(161,3,11,NULL,'穂乃果',NULL,44731,NULL,NULL,NULL,NULL);
INSERT INTO "multi_unit_scenario_setting_m" VALUES(162,3,12,NULL,'千歌',NULL,44732,NULL,NULL,NULL,NULL);
INSERT INTO "multi_unit_scenario_setting_m" VALUES(163,3,13,NULL,'穂乃果',NULL,44733,NULL,NULL,NULL,NULL);
INSERT INTO "multi_unit_scenario_setting_m" VALUES(164,3,14,NULL,'千歌',NULL,44734,NULL,NULL,NULL,NULL);
INSERT INTO "multi_unit_scenario_setting_m" VALUES(165,3,15,NULL,'穂乃果',NULL,44735,NULL,NULL,NULL,NULL);
INSERT INTO "multi_unit_scenario_setting_m" VALUES(166,3,16,NULL,'穂乃果',NULL,44736,NULL,NULL,NULL,NULL);
INSERT INTO "multi_unit_scenario_setting_m" VALUES(167,3,17,NULL,'千歌',NULL,44737,NULL,NULL,NULL,NULL);
INSERT INTO "multi_unit_scenario_setting_m" VALUES(168,3,18,NULL,'千歌',NULL,44738,NULL,NULL,NULL,NULL);
INSERT INTO "multi_unit_scenario_setting_m" VALUES(169,3,19,NULL,'穂乃果',NULL,44739,NULL,NULL,NULL,NULL);
INSERT INTO "multi_unit_scenario_setting_m" VALUES(170,3,20,NULL,'穂乃果',NULL,44740,NULL,NULL,NULL,NULL);
INSERT INTO "multi_unit_scenario_setting_m" VALUES(171,3,21,NULL,'千歌',NULL,44741,NULL,NULL,NULL,NULL);
INSERT INTO "multi_unit_scenario_setting_m" VALUES(172,3,22,NULL,'穂乃果',NULL,44742,NULL,NULL,NULL,NULL);
INSERT INTO "multi_unit_scenario_setting_m" VALUES(173,3,23,NULL,'千歌',NULL,44743,NULL,NULL,NULL,NULL);
INSERT INTO "multi_unit_scenario_setting_m" VALUES(174,3,24,NULL,'穂乃果',NULL,44744,NULL,NULL,NULL,NULL);
INSERT INTO "multi_unit_scenario_setting_m" VALUES(175,3,25,NULL,'千歌',NULL,44745,NULL,NULL,NULL,NULL);
INSERT INTO "multi_unit_scenario_setting_m" VALUES(176,3,26,NULL,'穂乃果',NULL,44746,NULL,NULL,NULL,NULL);
INSERT INTO "multi_unit_scenario_setting_m" VALUES(177,3,27,NULL,'穂乃果',NULL,44747,NULL,NULL,NULL,NULL);
INSERT INTO "multi_unit_scenario_setting_m" VALUES(178,3,28,NULL,'千歌',NULL,44748,NULL,NULL,NULL,NULL);
INSERT INTO "multi_unit_scenario_setting_m" VALUES(179,3,29,NULL,'穂乃果',NULL,44749,NULL,NULL,NULL,NULL);
INSERT INTO "multi_unit_scenario_setting_m" VALUES(180,3,30,NULL,'千歌',NULL,44750,NULL,NULL,NULL,NULL);
INSERT INTO "multi_unit_scenario_setting_m" VALUES(181,3,31,NULL,'穂乃果',NULL,44751,NULL,NULL,NULL,NULL);
INSERT INTO "multi_unit_scenario_setting_m" VALUES(182,3,32,NULL,'穂乃果',NULL,44752,NULL,NULL,NULL,NULL);
INSERT INTO "multi_unit_scenario_setting_m" VALUES(183,3,33,NULL,'千歌',NULL,44753,NULL,NULL,NULL,NULL);
INSERT INTO "multi_unit_scenario_setting_m" VALUES(184,3,34,NULL,'穂乃果',NULL,44754,NULL,NULL,NULL,NULL);
INSERT INTO "multi_unit_scenario_setting_m" VALUES(185,3,35,NULL,'穂乃果',NULL,44755,NULL,NULL,NULL,NULL);
INSERT INTO "multi_unit_scenario_setting_m" VALUES(186,3,36,NULL,'千歌',NULL,44756,NULL,NULL,NULL,NULL);
INSERT INTO "multi_unit_scenario_setting_m" VALUES(187,3,37,NULL,'穂乃果',NULL,44757,NULL,NULL,NULL,NULL);
INSERT INTO "multi_unit_scenario_setting_m" VALUES(188,3,38,504,'穂乃果',5,44758,NULL,NULL,NULL,NULL);
INSERT INTO "multi_unit_scenario_setting_m" VALUES(189,3,39,NULL,'千歌',NULL,44759,NULL,NULL,NULL,NULL);
INSERT INTO "multi_unit_scenario_setting_m" VALUES(190,3,40,NULL,'穂乃果',NULL,44760,NULL,NULL,NULL,NULL);
INSERT INTO "multi_unit_scenario_setting_m" VALUES(191,3,41,NULL,'穂乃果',NULL,44761,383,NULL,NULL,NULL);
INSERT INTO "multi_unit_scenario_setting_m" VALUES(192,3,42,399,'穂乃果',5,44762,NULL,NULL,NULL,NULL);
INSERT INTO "multi_unit_scenario_setting_m" VALUES(193,3,43,NULL,'千歌',NULL,44763,NULL,NULL,NULL,NULL);
INSERT INTO "multi_unit_scenario_setting_m" VALUES(194,3,44,NULL,'穂乃果',NULL,44764,NULL,NULL,NULL,NULL);
INSERT INTO "multi_unit_scenario_setting_m" VALUES(195,3,45,NULL,'千歌',NULL,44765,NULL,NULL,NULL,NULL);
INSERT INTO "multi_unit_scenario_setting_m" VALUES(196,3,46,NULL,'穂乃果',NULL,44766,NULL,NULL,NULL,NULL);
INSERT INTO "multi_unit_scenario_setting_m" VALUES(197,3,47,NULL,'穂乃果',NULL,44767,NULL,NULL,NULL,NULL);
INSERT INTO "multi_unit_scenario_setting_m" VALUES(198,3,48,NULL,'千歌',NULL,44768,NULL,NULL,NULL,NULL);
INSERT INTO "multi_unit_scenario_setting_m" VALUES(199,3,49,NULL,'千歌',NULL,44769,NULL,NULL,NULL,NULL);
INSERT INTO "multi_unit_scenario_setting_m" VALUES(200,3,50,NULL,'穂乃果',NULL,44770,NULL,NULL,NULL,NULL);
INSERT INTO "multi_unit_scenario_setting_m" VALUES(201,3,51,NULL,'千歌',NULL,44771,NULL,NULL,NULL,NULL);
INSERT INTO "multi_unit_scenario_setting_m" VALUES(202,3,52,NULL,'穂乃果',NULL,44772,NULL,NULL,NULL,NULL);
INSERT INTO "multi_unit_scenario_setting_m" VALUES(203,3,53,NULL,'千歌',NULL,44773,NULL,NULL,NULL,NULL);
INSERT INTO "multi_unit_scenario_setting_m" VALUES(204,4,1,55,'花陽',NULL,44774,NULL,NULL,NULL,NULL);
INSERT INTO "multi_unit_scenario_setting_m" VALUES(205,4,2,NULL,'凛',NULL,44775,NULL,NULL,NULL,NULL);
INSERT INTO "multi_unit_scenario_setting_m" VALUES(206,4,3,NULL,'花陽',NULL,44776,NULL,NULL,NULL,NULL);
INSERT INTO "multi_unit_scenario_setting_m" VALUES(207,4,4,NULL,'花陽',NULL,44777,NULL,NULL,NULL,NULL);
INSERT INTO "multi_unit_scenario_setting_m" VALUES(208,4,5,NULL,'凛',NULL,44778,NULL,NULL,NULL,NULL);
INSERT INTO "multi_unit_scenario_setting_m" VALUES(209,4,6,NULL,'花陽',NULL,44779,NULL,NULL,NULL,NULL);
INSERT INTO "multi_unit_scenario_setting_m" VALUES(210,4,7,NULL,'凛',NULL,44780,NULL,NULL,NULL,NULL);
INSERT INTO "multi_unit_scenario_setting_m" VALUES(211,4,8,NULL,'凛',NULL,44781,NULL,NULL,NULL,NULL);
INSERT INTO "multi_unit_scenario_setting_m" VALUES(212,4,9,NULL,'花陽',NULL,44782,NULL,NULL,NULL,NULL);
INSERT INTO "multi_unit_scenario_setting_m" VALUES(213,4,10,NULL,'凛',NULL,44783,NULL,NULL,NULL,NULL);
INSERT INTO "multi_unit_scenario_setting_m" VALUES(214,4,11,NULL,'花陽',NULL,44784,NULL,NULL,NULL,NULL);
INSERT INTO "multi_unit_scenario_setting_m" VALUES(215,4,12,NULL,'凛',NULL,44785,NULL,NULL,NULL,NULL);
INSERT INTO "multi_unit_scenario_setting_m" VALUES(216,4,13,NULL,'花陽',NULL,44786,NULL,NULL,NULL,NULL);
INSERT INTO "multi_unit_scenario_setting_m" VALUES(217,4,14,NULL,'凛',NULL,44787,NULL,NULL,NULL,NULL);
INSERT INTO "multi_unit_scenario_setting_m" VALUES(218,4,15,NULL,'花陽',NULL,44788,NULL,NULL,NULL,NULL);
INSERT INTO "multi_unit_scenario_setting_m" VALUES(219,4,16,NULL,'凛',NULL,44789,NULL,NULL,NULL,NULL);
INSERT INTO "multi_unit_scenario_setting_m" VALUES(220,4,17,NULL,'花陽',NULL,44790,NULL,NULL,NULL,NULL);
INSERT INTO "multi_unit_scenario_setting_m" VALUES(221,4,18,NULL,'花陽',NULL,44791,NULL,NULL,NULL,NULL);
INSERT INTO "multi_unit_scenario_setting_m" VALUES(222,4,19,NULL,'凛',NULL,44792,NULL,NULL,NULL,NULL);
INSERT INTO "multi_unit_scenario_setting_m" VALUES(223,4,20,NULL,'花陽',NULL,44793,NULL,NULL,NULL,NULL);
INSERT INTO "multi_unit_scenario_setting_m" VALUES(224,4,21,NULL,'花陽',NULL,44794,NULL,NULL,NULL,NULL);
INSERT INTO "multi_unit_scenario_setting_m" VALUES(225,4,22,NULL,'凛',NULL,44795,NULL,NULL,NULL,NULL);
INSERT INTO "multi_unit_scenario_setting_m" VALUES(226,4,23,NULL,'花陽',NULL,44796,NULL,NULL,NULL,NULL);
INSERT INTO "multi_unit_scenario_setting_m" VALUES(227,4,24,NULL,'凛',NULL,44797,NULL,NULL,NULL,NULL);
INSERT INTO "multi_unit_scenario_setting_m" VALUES(228,4,25,NULL,'花陽',NULL,44798,NULL,NULL,NULL,NULL);
INSERT INTO "multi_unit_scenario_setting_m" VALUES(229,4,26,NULL,'凛',1,44799,NULL,NULL,NULL,NULL);
INSERT INTO "multi_unit_scenario_setting_m" VALUES(230,4,27,NULL,'花陽',NULL,44800,NULL,NULL,NULL,NULL);
INSERT INTO "multi_unit_scenario_setting_m" VALUES(231,4,28,NULL,'凛',NULL,44801,NULL,NULL,NULL,NULL);
INSERT INTO "multi_unit_scenario_setting_m" VALUES(232,4,29,NULL,'凛',NULL,44802,NULL,NULL,NULL,NULL);
INSERT INTO "multi_unit_scenario_setting_m" VALUES(233,4,30,NULL,'花陽',NULL,44803,NULL,NULL,NULL,NULL);
INSERT INTO "multi_unit_scenario_setting_m" VALUES(234,4,31,NULL,'凛',NULL,44804,NULL,NULL,NULL,NULL);
INSERT INTO "multi_unit_scenario_setting_m" VALUES(235,4,32,NULL,'花陽',NULL,44805,NULL,NULL,NULL,NULL);
INSERT INTO "multi_unit_scenario_setting_m" VALUES(236,4,33,NULL,'花陽',NULL,44806,NULL,NULL,NULL,NULL);
INSERT INTO "multi_unit_scenario_setting_m" VALUES(237,4,34,NULL,'凛',NULL,44807,NULL,NULL,NULL,NULL);
INSERT INTO "multi_unit_scenario_setting_m" VALUES(238,4,35,NULL,'花陽',NULL,44808,NULL,NULL,NULL,NULL);
INSERT INTO "multi_unit_scenario_setting_m" VALUES(239,4,36,NULL,'凛',NULL,44809,NULL,NULL,NULL,NULL);
INSERT INTO "multi_unit_scenario_setting_m" VALUES(240,4,37,NULL,'花陽',NULL,44810,NULL,NULL,NULL,NULL);
INSERT INTO "multi_unit_scenario_setting_m" VALUES(241,4,38,NULL,'花陽',NULL,44811,NULL,NULL,NULL,NULL);
INSERT INTO "multi_unit_scenario_setting_m" VALUES(242,4,39,NULL,'凛',NULL,44812,NULL,NULL,NULL,NULL);
INSERT INTO "multi_unit_scenario_setting_m" VALUES(243,4,40,NULL,'凛',1,44813,NULL,NULL,NULL,NULL);
INSERT INTO "multi_unit_scenario_setting_m" VALUES(244,4,41,NULL,'花陽',NULL,44814,NULL,NULL,NULL,NULL);
INSERT INTO "multi_unit_scenario_setting_m" VALUES(245,4,42,NULL,'凛',NULL,44815,NULL,NULL,NULL,NULL);
INSERT INTO "multi_unit_scenario_setting_m" VALUES(246,4,43,NULL,'花陽',NULL,44816,NULL,NULL,NULL,NULL);
INSERT INTO "multi_unit_scenario_setting_m" VALUES(247,4,44,NULL,'凛',NULL,44817,NULL,NULL,NULL,NULL);
INSERT INTO "multi_unit_scenario_setting_m" VALUES(248,4,45,NULL,'花陽',NULL,44818,NULL,NULL,NULL,NULL);
INSERT INTO "multi_unit_scenario_setting_m" VALUES(249,4,46,NULL,'凛',NULL,44819,NULL,NULL,NULL,NULL);
INSERT INTO "multi_unit_scenario_setting_m" VALUES(250,4,47,NULL,'凛',1,44820,NULL,NULL,NULL,NULL);
INSERT INTO "multi_unit_scenario_setting_m" VALUES(251,4,48,NULL,'花陽',NULL,44821,NULL,NULL,NULL,NULL);
INSERT INTO "multi_unit_scenario_setting_m" VALUES(252,4,49,NULL,'凛',NULL,44822,NULL,NULL,NULL,NULL);
INSERT INTO "multi_unit_scenario_setting_m" VALUES(253,4,50,NULL,'花陽',NULL,44823,NULL,NULL,NULL,NULL);
INSERT INTO "multi_unit_scenario_setting_m" VALUES(254,4,51,NULL,'凛',NULL,44824,NULL,NULL,NULL,NULL);
INSERT INTO "multi_unit_scenario_setting_m" VALUES(255,4,52,NULL,'花陽',NULL,44825,NULL,NULL,NULL,NULL);
INSERT INTO "multi_unit_scenario_setting_m" VALUES(256,4,53,510,'花陽',5,44826,NULL,NULL,NULL,NULL);
INSERT INTO "multi_unit_scenario_setting_m" VALUES(257,4,54,NULL,'凛',NULL,44827,NULL,NULL,NULL,NULL);
INSERT INTO "multi_unit_scenario_setting_m" VALUES(258,4,55,NULL,'花陽',NULL,44828,NULL,NULL,NULL,NULL);
INSERT INTO "multi_unit_scenario_setting_m" VALUES(259,4,56,NULL,'凛',NULL,44829,NULL,NULL,NULL,NULL);
INSERT INTO "multi_unit_scenario_setting_m" VALUES(260,4,57,NULL,'花陽',NULL,44830,NULL,NULL,NULL,NULL);
INSERT INTO "multi_unit_scenario_setting_m" VALUES(261,4,58,NULL,'凛,花陽',NULL,44831,NULL,NULL,NULL,NULL);
INSERT INTO "multi_unit_scenario_setting_m" VALUES(262,5,1,489,'千歌',NULL,44902,NULL,NULL,NULL,NULL);
INSERT INTO "multi_unit_scenario_setting_m" VALUES(263,5,2,NULL,'曜',NULL,44903,NULL,NULL,NULL,NULL);
INSERT INTO "multi_unit_scenario_setting_m" VALUES(264,5,3,NULL,'曜',NULL,44904,NULL,NULL,NULL,NULL);
INSERT INTO "multi_unit_scenario_setting_m" VALUES(265,5,4,NULL,'曜',NULL,44905,NULL,NULL,NULL,NULL);
INSERT INTO "multi_unit_scenario_setting_m" VALUES(266,5,5,NULL,'千歌',NULL,44906,NULL,NULL,NULL,NULL);
INSERT INTO "multi_unit_scenario_setting_m" VALUES(267,5,6,NULL,'曜',NULL,44907,NULL,NULL,NULL,NULL);
INSERT INTO "multi_unit_scenario_setting_m" VALUES(268,5,7,NULL,'千歌',NULL,44908,NULL,NULL,NULL,NULL);
INSERT INTO "multi_unit_scenario_setting_m" VALUES(269,5,8,NULL,'曜',NULL,44909,NULL,NULL,NULL,NULL);
INSERT INTO "multi_unit_scenario_setting_m" VALUES(270,5,9,NULL,'千歌',NULL,44910,NULL,NULL,NULL,NULL);
INSERT INTO "multi_unit_scenario_setting_m" VALUES(271,5,10,NULL,'曜',NULL,44911,NULL,NULL,NULL,NULL);
INSERT INTO "multi_unit_scenario_setting_m" VALUES(272,5,11,NULL,'千歌',NULL,44912,NULL,NULL,NULL,NULL);
INSERT INTO "multi_unit_scenario_setting_m" VALUES(273,5,12,NULL,'曜',NULL,44913,NULL,NULL,NULL,NULL);
INSERT INTO "multi_unit_scenario_setting_m" VALUES(274,5,13,NULL,'千歌',NULL,44914,NULL,NULL,NULL,NULL);
INSERT INTO "multi_unit_scenario_setting_m" VALUES(275,5,14,NULL,'千歌',NULL,44915,NULL,NULL,NULL,NULL);
INSERT INTO "multi_unit_scenario_setting_m" VALUES(276,5,15,NULL,'曜',NULL,44916,NULL,NULL,NULL,NULL);
INSERT INTO "multi_unit_scenario_setting_m" VALUES(277,5,16,NULL,'千歌',NULL,44917,NULL,NULL,NULL,NULL);
INSERT INTO "multi_unit_scenario_setting_m" VALUES(278,5,17,NULL,'曜',NULL,44918,NULL,NULL,NULL,NULL);
INSERT INTO "multi_unit_scenario_setting_m" VALUES(279,5,18,NULL,'千歌,曜',NULL,44919,NULL,NULL,NULL,NULL);
INSERT INTO "multi_unit_scenario_setting_m" VALUES(280,5,19,NULL,'曜',5,44920,NULL,NULL,NULL,NULL);
INSERT INTO "multi_unit_scenario_setting_m" VALUES(281,5,20,NULL,'千歌',NULL,44921,NULL,NULL,NULL,NULL);
INSERT INTO "multi_unit_scenario_setting_m" VALUES(282,5,21,NULL,'曜',NULL,44922,NULL,NULL,NULL,NULL);
INSERT INTO "multi_unit_scenario_setting_m" VALUES(283,5,22,NULL,'千歌',NULL,44923,NULL,NULL,NULL,NULL);
INSERT INTO "multi_unit_scenario_setting_m" VALUES(284,5,23,NULL,'曜',NULL,44924,NULL,NULL,NULL,NULL);
INSERT INTO "multi_unit_scenario_setting_m" VALUES(285,5,24,NULL,'千歌',NULL,44925,NULL,NULL,NULL,NULL);
INSERT INTO "multi_unit_scenario_setting_m" VALUES(286,5,25,NULL,'曜',NULL,44926,NULL,NULL,NULL,NULL);
INSERT INTO "multi_unit_scenario_setting_m" VALUES(287,5,26,NULL,'千歌',NULL,44927,NULL,NULL,NULL,NULL);
INSERT INTO "multi_unit_scenario_setting_m" VALUES(288,5,27,NULL,'曜',NULL,44928,NULL,NULL,NULL,NULL);
INSERT INTO "multi_unit_scenario_setting_m" VALUES(289,5,28,NULL,'千歌',NULL,44929,NULL,NULL,NULL,NULL);
INSERT INTO "multi_unit_scenario_setting_m" VALUES(290,5,29,NULL,'曜',NULL,44930,NULL,NULL,NULL,NULL);
INSERT INTO "multi_unit_scenario_setting_m" VALUES(291,5,30,NULL,'千歌',NULL,44931,NULL,NULL,NULL,NULL);
INSERT INTO "multi_unit_scenario_setting_m" VALUES(292,5,31,NULL,'曜',NULL,44932,NULL,NULL,NULL,NULL);
INSERT INTO "multi_unit_scenario_setting_m" VALUES(293,5,32,NULL,'千歌',NULL,44933,NULL,NULL,NULL,NULL);
INSERT INTO "multi_unit_scenario_setting_m" VALUES(294,5,33,NULL,'曜',NULL,44934,NULL,NULL,NULL,NULL);
INSERT INTO "multi_unit_scenario_setting_m" VALUES(295,5,34,NULL,'千歌',5,44935,NULL,NULL,NULL,NULL);
INSERT INTO "multi_unit_scenario_setting_m" VALUES(296,5,35,NULL,'曜',NULL,44936,NULL,NULL,NULL,NULL);
INSERT INTO "multi_unit_scenario_setting_m" VALUES(297,5,36,NULL,'千歌',NULL,44937,NULL,NULL,NULL,NULL);
INSERT INTO "multi_unit_scenario_setting_m" VALUES(298,5,37,NULL,'曜',NULL,44938,NULL,NULL,NULL,NULL);
INSERT INTO "multi_unit_scenario_setting_m" VALUES(299,5,38,NULL,'千歌',NULL,44939,NULL,NULL,NULL,NULL);
INSERT INTO "multi_unit_scenario_setting_m" VALUES(300,5,39,NULL,'曜',NULL,44940,NULL,NULL,NULL,NULL);
INSERT INTO "multi_unit_scenario_setting_m" VALUES(301,5,40,NULL,'千歌',NULL,44941,NULL,NULL,NULL,NULL);
INSERT INTO "multi_unit_scenario_setting_m" VALUES(302,5,41,NULL,'曜',NULL,44942,NULL,NULL,NULL,NULL);
INSERT INTO "multi_unit_scenario_setting_m" VALUES(303,5,42,NULL,'千歌',NULL,44943,NULL,NULL,NULL,NULL);
INSERT INTO "multi_unit_scenario_setting_m" VALUES(304,5,43,518,'曜',5,44944,NULL,NULL,NULL,NULL);
INSERT INTO "multi_unit_scenario_setting_m" VALUES(305,5,44,NULL,'千歌',NULL,44945,NULL,NULL,NULL,NULL);
INSERT INTO "multi_unit_scenario_setting_m" VALUES(306,5,45,NULL,'曜',NULL,44946,NULL,NULL,NULL,NULL);
INSERT INTO "multi_unit_scenario_setting_m" VALUES(307,5,46,NULL,'千歌',NULL,44947,NULL,NULL,NULL,NULL);
INSERT INTO "multi_unit_scenario_setting_m" VALUES(308,5,47,NULL,'曜',NULL,44948,NULL,NULL,NULL,NULL);
INSERT INTO "multi_unit_scenario_setting_m" VALUES(309,5,48,NULL,'千歌',NULL,44949,NULL,NULL,NULL,NULL);
INSERT INTO "multi_unit_scenario_setting_m" VALUES(310,5,49,NULL,'曜',NULL,44950,NULL,NULL,NULL,NULL);
INSERT INTO "multi_unit_scenario_setting_m" VALUES(311,5,50,NULL,'千歌',NULL,44951,NULL,NULL,NULL,NULL);
INSERT INTO "multi_unit_scenario_setting_m" VALUES(312,5,51,NULL,'曜',NULL,44952,NULL,NULL,NULL,NULL);
INSERT INTO "multi_unit_scenario_setting_m" VALUES(313,5,52,NULL,'千歌',NULL,44953,NULL,NULL,NULL,NULL);
INSERT INTO "multi_unit_scenario_setting_m" VALUES(314,5,53,NULL,'曜',NULL,44954,NULL,NULL,NULL,NULL);
INSERT INTO "multi_unit_scenario_setting_m" VALUES(315,5,54,NULL,'千歌',NULL,44955,NULL,NULL,NULL,NULL);
INSERT INTO "multi_unit_scenario_setting_m" VALUES(316,5,55,NULL,'千歌',NULL,44956,NULL,NULL,NULL,NULL);
INSERT INTO "multi_unit_scenario_setting_m" VALUES(317,5,56,NULL,'曜',NULL,44957,NULL,NULL,NULL,NULL);
INSERT INTO "multi_unit_scenario_setting_m" VALUES(318,5,57,NULL,'千歌',NULL,44958,NULL,NULL,NULL,NULL);
INSERT INTO "multi_unit_scenario_setting_m" VALUES(319,5,58,NULL,'曜',NULL,44959,NULL,NULL,NULL,NULL);
INSERT INTO "multi_unit_scenario_setting_m" VALUES(320,5,59,NULL,'千歌',NULL,44960,NULL,NULL,NULL,NULL);
INSERT INTO "multi_unit_scenario_setting_m" VALUES(321,5,60,NULL,'曜',NULL,44961,NULL,NULL,NULL,NULL);
INSERT INTO "multi_unit_scenario_setting_m" VALUES(322,5,61,NULL,'千歌',NULL,44962,NULL,NULL,NULL,NULL);
INSERT INTO "multi_unit_scenario_setting_m" VALUES(323,5,62,NULL,'曜',NULL,44963,NULL,NULL,NULL,NULL);
INSERT INTO "multi_unit_scenario_setting_m" VALUES(324,6,1,527,'ことり',NULL,44964,NULL,NULL,NULL,NULL);
INSERT INTO "multi_unit_scenario_setting_m" VALUES(325,6,2,NULL,'海未',NULL,44965,NULL,NULL,NULL,NULL);
INSERT INTO "multi_unit_scenario_setting_m" VALUES(326,6,3,NULL,'ことり',NULL,44966,NULL,NULL,NULL,NULL);
INSERT INTO "multi_unit_scenario_setting_m" VALUES(327,6,4,NULL,'海未',NULL,44967,NULL,NULL,NULL,NULL);
INSERT INTO "multi_unit_scenario_setting_m" VALUES(328,6,5,NULL,'ことり',NULL,44968,NULL,NULL,NULL,NULL);
INSERT INTO "multi_unit_scenario_setting_m" VALUES(329,6,6,NULL,'海未',NULL,44969,NULL,NULL,NULL,NULL);
INSERT INTO "multi_unit_scenario_setting_m" VALUES(330,6,7,NULL,'ことり',NULL,44970,NULL,NULL,NULL,NULL);
INSERT INTO "multi_unit_scenario_setting_m" VALUES(331,6,8,NULL,'ことり',NULL,44971,NULL,NULL,NULL,NULL);
INSERT INTO "multi_unit_scenario_setting_m" VALUES(332,6,9,NULL,'海未',NULL,44972,NULL,NULL,NULL,NULL);
INSERT INTO "multi_unit_scenario_setting_m" VALUES(333,6,10,NULL,'ことり',NULL,44973,NULL,NULL,NULL,NULL);
INSERT INTO "multi_unit_scenario_setting_m" VALUES(334,6,11,NULL,'ことり',NULL,44974,NULL,NULL,NULL,NULL);
INSERT INTO "multi_unit_scenario_setting_m" VALUES(335,6,12,NULL,'海未',NULL,44975,NULL,NULL,NULL,NULL);
INSERT INTO "multi_unit_scenario_setting_m" VALUES(336,6,13,NULL,'ことり',NULL,44976,NULL,NULL,NULL,NULL);
INSERT INTO "multi_unit_scenario_setting_m" VALUES(337,6,14,NULL,'海未',NULL,44977,NULL,NULL,NULL,NULL);
INSERT INTO "multi_unit_scenario_setting_m" VALUES(338,6,15,NULL,'海未',NULL,44978,NULL,NULL,NULL,NULL);
INSERT INTO "multi_unit_scenario_setting_m" VALUES(339,6,16,NULL,'ことり',NULL,44979,308,NULL,NULL,NULL);
INSERT INTO "multi_unit_scenario_setting_m" VALUES(340,6,17,NULL,'海未',NULL,44980,NULL,NULL,NULL,NULL);
INSERT INTO "multi_unit_scenario_setting_m" VALUES(341,6,18,NULL,'ことり',NULL,44981,NULL,NULL,NULL,NULL);
INSERT INTO "multi_unit_scenario_setting_m" VALUES(342,6,19,NULL,'海未',NULL,44982,NULL,NULL,NULL,NULL);
INSERT INTO "multi_unit_scenario_setting_m" VALUES(343,6,20,NULL,'ことり',NULL,44983,NULL,NULL,NULL,NULL);
INSERT INTO "multi_unit_scenario_setting_m" VALUES(344,6,21,NULL,'ことり',1,44984,NULL,NULL,NULL,NULL);
INSERT INTO "multi_unit_scenario_setting_m" VALUES(345,6,22,NULL,'海未',NULL,44985,NULL,NULL,NULL,NULL);
INSERT INTO "multi_unit_scenario_setting_m" VALUES(346,6,23,NULL,'ことり',NULL,44986,NULL,NULL,NULL,NULL);
INSERT INTO "multi_unit_scenario_setting_m" VALUES(347,6,24,NULL,'ことり',NULL,44987,NULL,NULL,NULL,NULL);
INSERT INTO "multi_unit_scenario_setting_m" VALUES(348,6,25,NULL,'海未',NULL,44988,NULL,NULL,NULL,NULL);
INSERT INTO "multi_unit_scenario_setting_m" VALUES(349,6,26,NULL,'ことり',NULL,44989,NULL,NULL,NULL,NULL);
INSERT INTO "multi_unit_scenario_setting_m" VALUES(350,6,27,NULL,'海未',NULL,44990,NULL,NULL,NULL,NULL);
INSERT INTO "multi_unit_scenario_setting_m" VALUES(351,6,28,NULL,'ことり',NULL,44991,NULL,NULL,NULL,NULL);
INSERT INTO "multi_unit_scenario_setting_m" VALUES(352,6,29,NULL,'海未',NULL,44992,NULL,NULL,NULL,NULL);
INSERT INTO "multi_unit_scenario_setting_m" VALUES(353,6,30,NULL,'ことり',NULL,44993,NULL,NULL,NULL,NULL);
INSERT INTO "multi_unit_scenario_setting_m" VALUES(354,6,31,NULL,'ことり',NULL,44994,NULL,NULL,NULL,NULL);
INSERT INTO "multi_unit_scenario_setting_m" VALUES(355,6,32,NULL,'海未',NULL,44995,NULL,NULL,NULL,NULL);
INSERT INTO "multi_unit_scenario_setting_m" VALUES(356,6,33,523,'ことり',1,44996,NULL,NULL,NULL,NULL);
INSERT INTO "multi_unit_scenario_setting_m" VALUES(357,6,34,NULL,'海未',NULL,44997,NULL,NULL,NULL,NULL);
INSERT INTO "multi_unit_scenario_setting_m" VALUES(358,6,35,NULL,'ことり',NULL,44998,NULL,NULL,NULL,NULL);
INSERT INTO "multi_unit_scenario_setting_m" VALUES(359,6,36,NULL,'海未',NULL,44999,NULL,NULL,NULL,NULL);
INSERT INTO "multi_unit_scenario_setting_m" VALUES(360,6,37,NULL,'海未',NULL,45000,NULL,NULL,NULL,NULL);
INSERT INTO "multi_unit_scenario_setting_m" VALUES(361,6,38,NULL,'ことり',NULL,45001,NULL,NULL,NULL,NULL);
INSERT INTO "multi_unit_scenario_setting_m" VALUES(362,6,39,NULL,'海未',NULL,45002,NULL,NULL,NULL,NULL);
INSERT INTO "multi_unit_scenario_setting_m" VALUES(363,6,40,NULL,'ことり',NULL,45003,NULL,NULL,NULL,NULL);
INSERT INTO "multi_unit_scenario_setting_m" VALUES(364,6,41,NULL,'海未',NULL,45004,NULL,NULL,NULL,NULL);
INSERT INTO "multi_unit_scenario_setting_m" VALUES(365,6,42,NULL,'ことり',NULL,45005,NULL,NULL,NULL,NULL);
INSERT INTO "multi_unit_scenario_setting_m" VALUES(366,6,43,NULL,'海未',NULL,45006,NULL,NULL,NULL,NULL);
INSERT INTO "multi_unit_scenario_setting_m" VALUES(367,6,44,NULL,'ことり',NULL,45007,NULL,NULL,NULL,NULL);
INSERT INTO "multi_unit_scenario_setting_m" VALUES(368,6,45,NULL,'海未',NULL,45008,NULL,NULL,NULL,NULL);
INSERT INTO "multi_unit_scenario_setting_m" VALUES(369,6,46,NULL,'ことり',NULL,45009,NULL,NULL,NULL,NULL);
INSERT INTO "multi_unit_scenario_setting_m" VALUES(370,6,47,NULL,'海未',NULL,45010,NULL,NULL,NULL,NULL);
INSERT INTO "multi_unit_scenario_setting_m" VALUES(371,6,48,NULL,'ことり',NULL,45011,NULL,NULL,NULL,NULL);
INSERT INTO "multi_unit_scenario_setting_m" VALUES(372,6,49,NULL,'海未',NULL,45012,NULL,NULL,NULL,NULL);
INSERT INTO "multi_unit_scenario_setting_m" VALUES(373,6,50,NULL,'ことり',NULL,45013,NULL,NULL,NULL,NULL);
INSERT INTO "multi_unit_scenario_setting_m" VALUES(374,6,51,NULL,'ことり',NULL,45014,NULL,NULL,NULL,NULL);
INSERT INTO "multi_unit_scenario_setting_m" VALUES(375,6,52,NULL,'海未',NULL,45015,NULL,NULL,NULL,NULL);
INSERT INTO "multi_unit_scenario_setting_m" VALUES(376,6,53,NULL,'ことり',NULL,45016,NULL,NULL,NULL,NULL);
INSERT INTO "multi_unit_scenario_setting_m" VALUES(377,6,54,NULL,'海未',NULL,45017,NULL,NULL,NULL,NULL);
INSERT INTO "multi_unit_scenario_setting_m" VALUES(378,6,55,524,'海未',5,45018,NULL,NULL,NULL,NULL);
INSERT INTO "multi_unit_scenario_setting_m" VALUES(379,6,56,NULL,'ことり',NULL,45019,NULL,NULL,NULL,NULL);
INSERT INTO "multi_unit_scenario_setting_m" VALUES(380,6,57,NULL,'海未',NULL,45020,NULL,NULL,NULL,NULL);
INSERT INTO "multi_unit_scenario_setting_m" VALUES(381,6,58,NULL,'ことり',NULL,45021,NULL,NULL,NULL,NULL);
INSERT INTO "multi_unit_scenario_setting_m" VALUES(382,6,59,NULL,'海未',NULL,45022,NULL,NULL,NULL,NULL);
INSERT INTO "multi_unit_scenario_setting_m" VALUES(383,6,60,NULL,'ことり',NULL,45023,NULL,NULL,NULL,NULL);
INSERT INTO "multi_unit_scenario_setting_m" VALUES(384,6,61,NULL,'海未',NULL,45024,NULL,NULL,NULL,NULL);
INSERT INTO "multi_unit_scenario_setting_m" VALUES(385,6,62,NULL,'ことり',NULL,45025,NULL,NULL,NULL,NULL);
INSERT INTO "multi_unit_scenario_setting_m" VALUES(386,6,63,NULL,'海未',NULL,45026,NULL,NULL,NULL,NULL);
INSERT INTO "multi_unit_scenario_setting_m" VALUES(387,6,64,NULL,'ことり',NULL,45027,NULL,NULL,NULL,NULL);
INSERT INTO "multi_unit_scenario_setting_m" VALUES(388,6,65,NULL,'海未',NULL,45028,NULL,NULL,NULL,NULL);
INSERT INTO "multi_unit_scenario_setting_m" VALUES(389,6,66,NULL,'ことり',NULL,45029,NULL,NULL,NULL,NULL);
INSERT INTO "multi_unit_scenario_setting_m" VALUES(390,6,67,NULL,'海未',NULL,45030,NULL,NULL,NULL,NULL);
INSERT INTO "multi_unit_scenario_setting_m" VALUES(391,7,1,101,'ダイヤ',NULL,45173,NULL,NULL,NULL,NULL);
INSERT INTO "multi_unit_scenario_setting_m" VALUES(392,7,2,NULL,'ルビィ',NULL,45174,NULL,NULL,NULL,NULL);
INSERT INTO "multi_unit_scenario_setting_m" VALUES(393,7,3,NULL,'ダイヤ',NULL,45175,NULL,NULL,NULL,NULL);
INSERT INTO "multi_unit_scenario_setting_m" VALUES(394,7,4,NULL,'ルビィ',NULL,45176,NULL,NULL,NULL,NULL);
INSERT INTO "multi_unit_scenario_setting_m" VALUES(395,7,5,NULL,'ダイヤ',NULL,45177,NULL,NULL,NULL,NULL);
INSERT INTO "multi_unit_scenario_setting_m" VALUES(396,7,6,NULL,'ダイヤ',NULL,45178,NULL,NULL,NULL,NULL);
INSERT INTO "multi_unit_scenario_setting_m" VALUES(397,7,7,NULL,'ルビィ',NULL,45179,NULL,NULL,NULL,NULL);
INSERT INTO "multi_unit_scenario_setting_m" VALUES(398,7,8,NULL,'ダイヤ',NULL,45180,NULL,NULL,NULL,NULL);
INSERT INTO "multi_unit_scenario_setting_m" VALUES(399,7,9,NULL,'ルビィ',NULL,45181,NULL,NULL,NULL,NULL);
INSERT INTO "multi_unit_scenario_setting_m" VALUES(400,7,10,NULL,'ダイヤ',NULL,45182,NULL,NULL,NULL,NULL);
INSERT INTO "multi_unit_scenario_setting_m" VALUES(401,7,11,NULL,'ルビィ',NULL,45183,NULL,NULL,NULL,NULL);
INSERT INTO "multi_unit_scenario_setting_m" VALUES(402,7,12,521,'ダイヤ',1,45184,NULL,NULL,NULL,NULL);
INSERT INTO "multi_unit_scenario_setting_m" VALUES(403,7,13,NULL,'ルビィ',NULL,45185,NULL,NULL,NULL,NULL);
INSERT INTO "multi_unit_scenario_setting_m" VALUES(404,7,14,NULL,'ダイヤ',NULL,45186,NULL,NULL,NULL,NULL);
INSERT INTO "multi_unit_scenario_setting_m" VALUES(405,7,15,NULL,'ルビィ',NULL,45187,NULL,NULL,NULL,NULL);
INSERT INTO "multi_unit_scenario_setting_m" VALUES(406,7,16,NULL,'ダイヤ',NULL,45188,NULL,NULL,NULL,NULL);
INSERT INTO "multi_unit_scenario_setting_m" VALUES(407,7,17,NULL,'ルビィ',NULL,45189,NULL,NULL,NULL,NULL);
INSERT INTO "multi_unit_scenario_setting_m" VALUES(408,7,18,NULL,'ダイヤ',NULL,45190,NULL,NULL,NULL,NULL);
INSERT INTO "multi_unit_scenario_setting_m" VALUES(409,7,19,NULL,'ルビィ',NULL,45191,NULL,NULL,NULL,NULL);
INSERT INTO "multi_unit_scenario_setting_m" VALUES(410,7,20,NULL,'ダイヤ',NULL,45192,NULL,NULL,NULL,NULL);
INSERT INTO "multi_unit_scenario_setting_m" VALUES(411,7,21,NULL,'ダイヤ',NULL,45193,NULL,NULL,NULL,NULL);
INSERT INTO "multi_unit_scenario_setting_m" VALUES(412,7,22,NULL,'ルビィ',NULL,45194,NULL,NULL,NULL,NULL);
INSERT INTO "multi_unit_scenario_setting_m" VALUES(413,7,23,NULL,'ダイヤ,ルビィ',NULL,45195,NULL,NULL,NULL,NULL);
INSERT INTO "multi_unit_scenario_setting_m" VALUES(414,7,24,NULL,'ダイヤ',NULL,45196,NULL,NULL,NULL,NULL);
INSERT INTO "multi_unit_scenario_setting_m" VALUES(415,7,25,NULL,'ルビィ',NULL,45197,NULL,NULL,NULL,NULL);
INSERT INTO "multi_unit_scenario_setting_m" VALUES(416,7,26,NULL,'ダイヤ',NULL,45198,NULL,NULL,NULL,NULL);
INSERT INTO "multi_unit_scenario_setting_m" VALUES(417,7,27,NULL,'ルビィ',NULL,45199,NULL,NULL,NULL,NULL);
INSERT INTO "multi_unit_scenario_setting_m" VALUES(418,7,28,NULL,'ダイヤ',NULL,45200,NULL,NULL,NULL,NULL);
INSERT INTO "multi_unit_scenario_setting_m" VALUES(419,7,29,NULL,'ルビィ',NULL,45201,NULL,NULL,NULL,NULL);
INSERT INTO "multi_unit_scenario_setting_m" VALUES(420,7,30,NULL,'ルビィ',NULL,45202,NULL,NULL,NULL,NULL);
INSERT INTO "multi_unit_scenario_setting_m" VALUES(421,7,31,NULL,'ダイヤ',NULL,45203,NULL,NULL,NULL,NULL);
INSERT INTO "multi_unit_scenario_setting_m" VALUES(422,7,32,NULL,'ルビィ',NULL,45204,NULL,NULL,NULL,NULL);
INSERT INTO "multi_unit_scenario_setting_m" VALUES(423,7,33,NULL,'ダイヤ',NULL,45205,NULL,NULL,NULL,NULL);
INSERT INTO "multi_unit_scenario_setting_m" VALUES(424,7,34,NULL,'ルビィ',NULL,45206,NULL,NULL,NULL,NULL);
INSERT INTO "multi_unit_scenario_setting_m" VALUES(425,7,35,NULL,'ダイヤ',NULL,45207,NULL,NULL,NULL,NULL);
INSERT INTO "multi_unit_scenario_setting_m" VALUES(426,7,36,NULL,'ルビィ',NULL,45208,NULL,NULL,NULL,NULL);
INSERT INTO "multi_unit_scenario_setting_m" VALUES(427,7,37,NULL,'ルビィ',NULL,45209,NULL,NULL,NULL,NULL);
INSERT INTO "multi_unit_scenario_setting_m" VALUES(428,7,38,NULL,'ダイヤ',NULL,45210,NULL,NULL,NULL,NULL);
INSERT INTO "multi_unit_scenario_setting_m" VALUES(429,7,39,NULL,'ダイヤ',NULL,45211,NULL,NULL,NULL,NULL);
INSERT INTO "multi_unit_scenario_setting_m" VALUES(430,7,40,NULL,'ルビィ',NULL,45212,NULL,NULL,NULL,NULL);
INSERT INTO "multi_unit_scenario_setting_m" VALUES(431,7,41,NULL,'ダイヤ',NULL,45213,NULL,NULL,NULL,NULL);
INSERT INTO "multi_unit_scenario_setting_m" VALUES(432,7,42,NULL,'ルビィ',NULL,45214,NULL,NULL,NULL,NULL);
INSERT INTO "multi_unit_scenario_setting_m" VALUES(433,7,43,NULL,'ダイヤ',NULL,45215,NULL,NULL,NULL,NULL);
INSERT INTO "multi_unit_scenario_setting_m" VALUES(434,7,44,NULL,'ルビィ',NULL,45216,NULL,NULL,NULL,NULL);
INSERT INTO "multi_unit_scenario_setting_m" VALUES(435,7,45,NULL,'ダイヤ',NULL,45217,NULL,NULL,NULL,NULL);
INSERT INTO "multi_unit_scenario_setting_m" VALUES(436,7,46,NULL,'ルビィ',NULL,45218,NULL,NULL,NULL,NULL);
INSERT INTO "multi_unit_scenario_setting_m" VALUES(437,7,47,NULL,'ルビィ',NULL,45219,NULL,NULL,NULL,NULL);
INSERT INTO "multi_unit_scenario_setting_m" VALUES(438,7,48,NULL,'ダイヤ',NULL,45220,NULL,NULL,NULL,NULL);
INSERT INTO "multi_unit_scenario_setting_m" VALUES(439,7,49,NULL,'ダイヤ',NULL,45221,NULL,NULL,NULL,NULL);
INSERT INTO "multi_unit_scenario_setting_m" VALUES(440,7,50,NULL,'ルビィ',NULL,45222,NULL,NULL,NULL,NULL);
INSERT INTO "multi_unit_scenario_setting_m" VALUES(441,7,51,NULL,'ダイヤ',NULL,45223,NULL,NULL,NULL,NULL);
INSERT INTO "multi_unit_scenario_setting_m" VALUES(442,7,52,NULL,'ルビィ',NULL,45224,NULL,NULL,NULL,NULL);
INSERT INTO "multi_unit_scenario_setting_m" VALUES(443,7,53,NULL,'ダイヤ',NULL,45225,NULL,NULL,NULL,NULL);
INSERT INTO "multi_unit_scenario_setting_m" VALUES(444,7,54,534,'ルビィ',5,45226,NULL,NULL,NULL,NULL);
INSERT INTO "multi_unit_scenario_setting_m" VALUES(445,7,55,NULL,'ダイヤ',NULL,45227,NULL,NULL,NULL,NULL);
INSERT INTO "multi_unit_scenario_setting_m" VALUES(446,7,56,NULL,'ルビィ',NULL,45228,NULL,NULL,NULL,NULL);
INSERT INTO "multi_unit_scenario_setting_m" VALUES(447,7,57,NULL,'ルビィ',NULL,45229,NULL,NULL,NULL,NULL);
INSERT INTO "multi_unit_scenario_setting_m" VALUES(448,7,58,NULL,'ダイヤ',NULL,45230,NULL,NULL,NULL,NULL);
INSERT INTO "multi_unit_scenario_setting_m" VALUES(449,7,59,NULL,'ダイヤ',NULL,45231,NULL,NULL,NULL,NULL);
INSERT INTO "multi_unit_scenario_setting_m" VALUES(450,7,60,NULL,'ルビィ',NULL,45232,NULL,NULL,NULL,NULL);
INSERT INTO "multi_unit_scenario_setting_m" VALUES(451,7,61,NULL,'ダイヤ',NULL,45233,NULL,NULL,NULL,NULL);
INSERT INTO "multi_unit_scenario_setting_m" VALUES(452,7,62,NULL,'ルビィ',NULL,45234,NULL,NULL,NULL,NULL);
INSERT INTO "multi_unit_scenario_setting_m" VALUES(453,7,63,NULL,'ダイヤ',NULL,45235,NULL,NULL,NULL,NULL);
INSERT INTO "multi_unit_scenario_setting_m" VALUES(454,7,64,NULL,'ルビィ,ダイヤ',NULL,45236,NULL,NULL,NULL,NULL);
INSERT INTO "multi_unit_scenario_setting_m" VALUES(455,8,1,528,'にこ',NULL,45237,NULL,NULL,NULL,NULL);
INSERT INTO "multi_unit_scenario_setting_m" VALUES(456,8,2,NULL,'にこ',NULL,45238,NULL,NULL,NULL,NULL);
INSERT INTO "multi_unit_scenario_setting_m" VALUES(457,8,3,NULL,'真姫',NULL,45239,NULL,NULL,NULL,NULL);
INSERT INTO "multi_unit_scenario_setting_m" VALUES(458,8,4,NULL,'にこ',NULL,45240,NULL,NULL,NULL,NULL);
INSERT INTO "multi_unit_scenario_setting_m" VALUES(459,8,5,NULL,'真姫',NULL,45241,NULL,NULL,NULL,NULL);
INSERT INTO "multi_unit_scenario_setting_m" VALUES(460,8,6,NULL,'にこ',NULL,45242,NULL,NULL,NULL,NULL);
INSERT INTO "multi_unit_scenario_setting_m" VALUES(461,8,7,NULL,'真姫',NULL,45243,NULL,NULL,NULL,NULL);
INSERT INTO "multi_unit_scenario_setting_m" VALUES(462,8,8,NULL,'にこ',NULL,45244,NULL,NULL,NULL,NULL);
INSERT INTO "multi_unit_scenario_setting_m" VALUES(463,8,9,NULL,'真姫',NULL,45245,NULL,NULL,NULL,NULL);
INSERT INTO "multi_unit_scenario_setting_m" VALUES(464,8,10,NULL,'にこ',NULL,45246,NULL,NULL,NULL,NULL);
INSERT INTO "multi_unit_scenario_setting_m" VALUES(465,8,11,NULL,'真姫',NULL,45247,NULL,NULL,NULL,NULL);
INSERT INTO "multi_unit_scenario_setting_m" VALUES(466,8,12,NULL,'にこ',NULL,45248,NULL,NULL,NULL,NULL);
INSERT INTO "multi_unit_scenario_setting_m" VALUES(467,8,13,NULL,'真姫',NULL,45249,NULL,NULL,NULL,NULL);
INSERT INTO "multi_unit_scenario_setting_m" VALUES(468,8,14,NULL,'にこ',NULL,45250,NULL,NULL,NULL,NULL);
INSERT INTO "multi_unit_scenario_setting_m" VALUES(469,8,15,NULL,'にこ',NULL,45251,NULL,NULL,NULL,NULL);
INSERT INTO "multi_unit_scenario_setting_m" VALUES(470,8,16,NULL,'真姫',NULL,45252,384,NULL,NULL,NULL);
INSERT INTO "multi_unit_scenario_setting_m" VALUES(471,8,17,NULL,'にこ',NULL,45253,NULL,NULL,NULL,NULL);
INSERT INTO "multi_unit_scenario_setting_m" VALUES(472,8,18,NULL,'にこ',NULL,45254,NULL,NULL,NULL,NULL);
INSERT INTO "multi_unit_scenario_setting_m" VALUES(473,8,19,NULL,'真姫',NULL,45255,NULL,NULL,NULL,NULL);
INSERT INTO "multi_unit_scenario_setting_m" VALUES(474,8,20,NULL,'にこ',NULL,45256,NULL,NULL,NULL,NULL);
INSERT INTO "multi_unit_scenario_setting_m" VALUES(475,8,21,NULL,'真姫',NULL,45257,NULL,NULL,NULL,NULL);
INSERT INTO "multi_unit_scenario_setting_m" VALUES(476,8,22,NULL,'真姫',NULL,45258,NULL,NULL,NULL,NULL);
INSERT INTO "multi_unit_scenario_setting_m" VALUES(477,8,23,NULL,'にこ',NULL,45259,NULL,NULL,NULL,NULL);
INSERT INTO "multi_unit_scenario_setting_m" VALUES(478,8,24,NULL,'真姫',NULL,45260,NULL,NULL,NULL,NULL);
INSERT INTO "multi_unit_scenario_setting_m" VALUES(479,8,25,NULL,'にこ',NULL,45261,NULL,NULL,NULL,NULL);
INSERT INTO "multi_unit_scenario_setting_m" VALUES(480,8,26,NULL,'真姫',NULL,45262,NULL,NULL,NULL,NULL);
INSERT INTO "multi_unit_scenario_setting_m" VALUES(481,8,27,NULL,'にこ',NULL,45263,NULL,NULL,NULL,NULL);
INSERT INTO "multi_unit_scenario_setting_m" VALUES(482,8,28,NULL,'真姫',NULL,45264,NULL,NULL,NULL,NULL);
INSERT INTO "multi_unit_scenario_setting_m" VALUES(483,8,29,NULL,'にこ',5,45265,NULL,NULL,NULL,NULL);
INSERT INTO "multi_unit_scenario_setting_m" VALUES(484,8,30,NULL,'真姫',NULL,45266,NULL,NULL,NULL,NULL);
INSERT INTO "multi_unit_scenario_setting_m" VALUES(485,8,31,NULL,'にこ',NULL,45267,NULL,NULL,NULL,NULL);
INSERT INTO "multi_unit_scenario_setting_m" VALUES(486,8,32,NULL,'真姫',NULL,45268,NULL,NULL,NULL,NULL);
INSERT INTO "multi_unit_scenario_setting_m" VALUES(487,8,33,NULL,'にこ',NULL,45269,NULL,NULL,NULL,NULL);
INSERT INTO "multi_unit_scenario_setting_m" VALUES(488,8,34,NULL,'真姫',NULL,45270,NULL,NULL,NULL,NULL);
INSERT INTO "multi_unit_scenario_setting_m" VALUES(489,8,35,NULL,'にこ',NULL,45271,NULL,NULL,NULL,NULL);
INSERT INTO "multi_unit_scenario_setting_m" VALUES(490,8,36,NULL,'真姫',NULL,45272,NULL,NULL,NULL,NULL);
INSERT INTO "multi_unit_scenario_setting_m" VALUES(491,8,37,NULL,'にこ',NULL,45273,NULL,NULL,NULL,NULL);
INSERT INTO "multi_unit_scenario_setting_m" VALUES(492,8,38,NULL,'真姫',NULL,45274,NULL,NULL,NULL,NULL);
INSERT INTO "multi_unit_scenario_setting_m" VALUES(493,8,39,NULL,'真姫',5,45275,NULL,NULL,NULL,NULL);
INSERT INTO "multi_unit_scenario_setting_m" VALUES(494,8,40,NULL,'にこ',NULL,45276,NULL,NULL,NULL,NULL);
INSERT INTO "multi_unit_scenario_setting_m" VALUES(495,8,41,NULL,'真姫',NULL,45277,NULL,NULL,NULL,NULL);
INSERT INTO "multi_unit_scenario_setting_m" VALUES(496,8,42,NULL,'にこ',NULL,45278,NULL,NULL,NULL,NULL);
INSERT INTO "multi_unit_scenario_setting_m" VALUES(497,8,43,NULL,'にこ',NULL,45279,NULL,NULL,NULL,NULL);
INSERT INTO "multi_unit_scenario_setting_m" VALUES(498,8,44,NULL,'真姫',NULL,45280,NULL,NULL,NULL,NULL);
INSERT INTO "multi_unit_scenario_setting_m" VALUES(499,8,45,NULL,'にこ,真姫',NULL,45281,385,NULL,NULL,NULL);
INSERT INTO "multi_unit_scenario_setting_m" VALUES(500,8,46,NULL,'真姫',NULL,45282,NULL,NULL,NULL,NULL);
INSERT INTO "multi_unit_scenario_setting_m" VALUES(501,8,47,NULL,'にこ',NULL,45283,NULL,NULL,NULL,NULL);
INSERT INTO "multi_unit_scenario_setting_m" VALUES(502,8,48,NULL,'真姫',NULL,45284,NULL,NULL,NULL,NULL);
INSERT INTO "multi_unit_scenario_setting_m" VALUES(503,8,49,NULL,'にこ',NULL,45285,NULL,NULL,NULL,NULL);
INSERT INTO "multi_unit_scenario_setting_m" VALUES(504,8,50,NULL,'真姫',NULL,45286,NULL,NULL,NULL,NULL);
INSERT INTO "multi_unit_scenario_setting_m" VALUES(505,8,51,NULL,'真姫',NULL,45287,NULL,NULL,NULL,NULL);
INSERT INTO "multi_unit_scenario_setting_m" VALUES(506,8,52,NULL,'にこ',NULL,45288,NULL,NULL,NULL,NULL);
INSERT INTO "multi_unit_scenario_setting_m" VALUES(507,8,53,NULL,'真姫',NULL,45289,NULL,NULL,NULL,NULL);
INSERT INTO "multi_unit_scenario_setting_m" VALUES(508,8,54,NULL,'にこ',NULL,45290,NULL,NULL,NULL,NULL);
INSERT INTO "multi_unit_scenario_setting_m" VALUES(509,8,55,542,'にこ',5,45291,NULL,NULL,NULL,NULL);
INSERT INTO "multi_unit_scenario_setting_m" VALUES(510,8,56,NULL,'真姫',NULL,45292,NULL,NULL,NULL,NULL);
INSERT INTO "multi_unit_scenario_setting_m" VALUES(511,8,57,NULL,'にこ',NULL,45293,NULL,NULL,NULL,NULL);
INSERT INTO "multi_unit_scenario_setting_m" VALUES(512,8,58,NULL,'真姫',NULL,45294,NULL,NULL,NULL,NULL);
INSERT INTO "multi_unit_scenario_setting_m" VALUES(513,8,59,NULL,'にこ',NULL,45295,NULL,NULL,NULL,NULL);
INSERT INTO "multi_unit_scenario_setting_m" VALUES(514,8,60,NULL,'真姫',NULL,45296,NULL,NULL,NULL,NULL);
INSERT INTO "multi_unit_scenario_setting_m" VALUES(515,8,61,NULL,'にこ',NULL,45297,NULL,NULL,NULL,NULL);
INSERT INTO "multi_unit_scenario_setting_m" VALUES(516,8,62,NULL,'真姫',NULL,45298,NULL,NULL,NULL,NULL);
INSERT INTO "multi_unit_scenario_setting_m" VALUES(517,8,63,NULL,'にこ',NULL,45299,NULL,NULL,NULL,NULL);
INSERT INTO "multi_unit_scenario_setting_m" VALUES(518,8,64,NULL,'真姫',NULL,45300,NULL,NULL,NULL,NULL);
INSERT INTO "multi_unit_scenario_setting_m" VALUES(519,8,65,NULL,'にこ',NULL,45301,NULL,NULL,NULL,NULL);
INSERT INTO "multi_unit_scenario_setting_m" VALUES(520,8,66,NULL,'真姫',NULL,45302,NULL,NULL,NULL,NULL);
INSERT INTO "multi_unit_scenario_setting_m" VALUES(521,9,1,424,'果南',NULL,45376,NULL,NULL,NULL,NULL);
INSERT INTO "multi_unit_scenario_setting_m" VALUES(522,9,2,NULL,'鞠莉',NULL,45377,NULL,NULL,NULL,NULL);
INSERT INTO "multi_unit_scenario_setting_m" VALUES(523,9,3,NULL,'果南',NULL,45378,NULL,NULL,NULL,NULL);
INSERT INTO "multi_unit_scenario_setting_m" VALUES(524,9,4,NULL,'鞠莉',NULL,45379,NULL,NULL,NULL,NULL);
INSERT INTO "multi_unit_scenario_setting_m" VALUES(525,9,5,NULL,'果南',NULL,45380,NULL,NULL,NULL,NULL);
INSERT INTO "multi_unit_scenario_setting_m" VALUES(526,9,6,NULL,'鞠莉',NULL,45381,NULL,NULL,NULL,NULL);
INSERT INTO "multi_unit_scenario_setting_m" VALUES(527,9,7,NULL,'果南',NULL,45382,NULL,NULL,NULL,NULL);
INSERT INTO "multi_unit_scenario_setting_m" VALUES(528,9,8,NULL,'鞠莉',NULL,45383,386,NULL,NULL,NULL);
INSERT INTO "multi_unit_scenario_setting_m" VALUES(529,9,9,NULL,'果南',NULL,45384,NULL,NULL,NULL,NULL);
INSERT INTO "multi_unit_scenario_setting_m" VALUES(530,9,10,NULL,'鞠莉',NULL,45385,NULL,NULL,NULL,NULL);
INSERT INTO "multi_unit_scenario_setting_m" VALUES(531,9,11,NULL,'鞠莉',NULL,45386,NULL,NULL,NULL,NULL);
INSERT INTO "multi_unit_scenario_setting_m" VALUES(532,9,12,535,'鞠莉',5,45387,NULL,NULL,NULL,NULL);
INSERT INTO "multi_unit_scenario_setting_m" VALUES(533,9,13,NULL,'果南',NULL,45388,NULL,NULL,NULL,NULL);
INSERT INTO "multi_unit_scenario_setting_m" VALUES(534,9,14,NULL,'鞠莉',NULL,45389,NULL,NULL,NULL,NULL);
INSERT INTO "multi_unit_scenario_setting_m" VALUES(535,9,15,NULL,'果南',NULL,45390,NULL,NULL,NULL,NULL);
INSERT INTO "multi_unit_scenario_setting_m" VALUES(536,9,16,NULL,'鞠莉',NULL,45391,NULL,NULL,NULL,NULL);
INSERT INTO "multi_unit_scenario_setting_m" VALUES(537,9,17,NULL,'果南',NULL,45392,NULL,NULL,NULL,NULL);
INSERT INTO "multi_unit_scenario_setting_m" VALUES(538,9,18,NULL,'鞠莉',NULL,45393,NULL,NULL,NULL,NULL);
INSERT INTO "multi_unit_scenario_setting_m" VALUES(539,9,19,NULL,'果南',NULL,45394,NULL,NULL,NULL,NULL);
INSERT INTO "multi_unit_scenario_setting_m" VALUES(540,9,20,NULL,'鞠莉',NULL,45395,NULL,NULL,NULL,NULL);
INSERT INTO "multi_unit_scenario_setting_m" VALUES(541,9,21,NULL,'果南',NULL,45396,NULL,NULL,NULL,NULL);
INSERT INTO "multi_unit_scenario_setting_m" VALUES(542,9,22,NULL,'鞠莉',NULL,45397,NULL,NULL,NULL,NULL);
INSERT INTO "multi_unit_scenario_setting_m" VALUES(543,9,23,NULL,'鞠莉',NULL,45398,NULL,NULL,NULL,NULL);
INSERT INTO "multi_unit_scenario_setting_m" VALUES(544,9,24,NULL,'果南',NULL,45399,NULL,NULL,NULL,NULL);
INSERT INTO "multi_unit_scenario_setting_m" VALUES(545,9,25,NULL,'鞠莉',NULL,45400,NULL,NULL,NULL,NULL);
INSERT INTO "multi_unit_scenario_setting_m" VALUES(546,9,26,NULL,'果南',NULL,45401,NULL,NULL,NULL,NULL);
INSERT INTO "multi_unit_scenario_setting_m" VALUES(547,9,27,NULL,'鞠莉',NULL,45402,NULL,NULL,NULL,NULL);
INSERT INTO "multi_unit_scenario_setting_m" VALUES(548,9,28,NULL,'果南',NULL,45403,NULL,NULL,NULL,NULL);
INSERT INTO "multi_unit_scenario_setting_m" VALUES(549,9,29,NULL,'鞠莉',NULL,45404,NULL,NULL,NULL,NULL);
INSERT INTO "multi_unit_scenario_setting_m" VALUES(550,9,30,NULL,'果南',NULL,45405,NULL,NULL,NULL,NULL);
INSERT INTO "multi_unit_scenario_setting_m" VALUES(551,9,31,NULL,'鞠莉',NULL,45406,NULL,NULL,NULL,NULL);
INSERT INTO "multi_unit_scenario_setting_m" VALUES(552,9,32,NULL,'果南',NULL,45407,316,NULL,NULL,NULL);
INSERT INTO "multi_unit_scenario_setting_m" VALUES(553,9,33,NULL,'鞠莉',NULL,45408,NULL,NULL,NULL,NULL);
INSERT INTO "multi_unit_scenario_setting_m" VALUES(554,9,34,NULL,'果南',NULL,45409,NULL,NULL,NULL,NULL);
INSERT INTO "multi_unit_scenario_setting_m" VALUES(555,9,35,NULL,'鞠莉',NULL,45410,NULL,NULL,NULL,NULL);
INSERT INTO "multi_unit_scenario_setting_m" VALUES(556,9,36,NULL,'果南',NULL,45411,NULL,NULL,NULL,NULL);
INSERT INTO "multi_unit_scenario_setting_m" VALUES(557,9,37,NULL,'鞠莉',NULL,45412,NULL,NULL,NULL,NULL);
INSERT INTO "multi_unit_scenario_setting_m" VALUES(558,9,38,NULL,'果南',NULL,45413,NULL,NULL,NULL,NULL);
INSERT INTO "multi_unit_scenario_setting_m" VALUES(559,9,39,NULL,'鞠莉',NULL,45414,NULL,NULL,NULL,NULL);
INSERT INTO "multi_unit_scenario_setting_m" VALUES(560,9,40,NULL,'果南',NULL,45415,NULL,NULL,NULL,NULL);
INSERT INTO "multi_unit_scenario_setting_m" VALUES(561,9,41,NULL,'果南',NULL,45416,NULL,NULL,NULL,NULL);
INSERT INTO "multi_unit_scenario_setting_m" VALUES(562,9,42,NULL,'鞠莉',NULL,45417,NULL,NULL,NULL,NULL);
INSERT INTO "multi_unit_scenario_setting_m" VALUES(563,9,43,NULL,'果南',NULL,45418,NULL,NULL,NULL,NULL);
INSERT INTO "multi_unit_scenario_setting_m" VALUES(564,9,44,NULL,'鞠莉',NULL,45419,NULL,NULL,NULL,NULL);
INSERT INTO "multi_unit_scenario_setting_m" VALUES(565,9,45,NULL,'果南',NULL,45420,NULL,NULL,NULL,NULL);
INSERT INTO "multi_unit_scenario_setting_m" VALUES(566,9,46,NULL,'鞠莉',NULL,45421,NULL,NULL,NULL,NULL);
INSERT INTO "multi_unit_scenario_setting_m" VALUES(567,9,47,NULL,'果南',NULL,45422,NULL,NULL,NULL,NULL);
INSERT INTO "multi_unit_scenario_setting_m" VALUES(568,9,48,NULL,'鞠莉',NULL,45423,NULL,NULL,NULL,NULL);
INSERT INTO "multi_unit_scenario_setting_m" VALUES(569,9,49,NULL,'果南',NULL,45424,NULL,NULL,NULL,NULL);
INSERT INTO "multi_unit_scenario_setting_m" VALUES(570,9,50,NULL,'鞠莉',NULL,45425,NULL,NULL,NULL,NULL);
INSERT INTO "multi_unit_scenario_setting_m" VALUES(571,9,51,NULL,'果南',NULL,45426,NULL,NULL,NULL,NULL);
INSERT INTO "multi_unit_scenario_setting_m" VALUES(572,9,52,NULL,'鞠莉',NULL,45427,NULL,NULL,NULL,NULL);
INSERT INTO "multi_unit_scenario_setting_m" VALUES(573,9,53,NULL,'果南',NULL,45428,NULL,NULL,NULL,NULL);
INSERT INTO "multi_unit_scenario_setting_m" VALUES(574,9,54,NULL,'鞠莉',NULL,45429,NULL,NULL,NULL,NULL);
INSERT INTO "multi_unit_scenario_setting_m" VALUES(575,9,55,NULL,'果南',NULL,45430,NULL,NULL,NULL,NULL);
INSERT INTO "multi_unit_scenario_setting_m" VALUES(576,9,56,NULL,'鞠莉',NULL,45431,NULL,NULL,NULL,NULL);
INSERT INTO "multi_unit_scenario_setting_m" VALUES(577,9,57,547,'果南',5,45432,NULL,NULL,NULL,NULL);
INSERT INTO "multi_unit_scenario_setting_m" VALUES(578,9,58,NULL,'鞠莉',NULL,45433,NULL,NULL,NULL,NULL);
INSERT INTO "multi_unit_scenario_setting_m" VALUES(579,9,59,NULL,'鞠莉',NULL,45434,NULL,NULL,NULL,NULL);
INSERT INTO "multi_unit_scenario_setting_m" VALUES(580,9,60,NULL,'果南',NULL,45435,NULL,NULL,NULL,NULL);
INSERT INTO "multi_unit_scenario_setting_m" VALUES(581,9,61,NULL,'果南,鞠莉',NULL,45436,NULL,NULL,NULL,NULL);
INSERT INTO "multi_unit_scenario_setting_m" VALUES(582,10,1,148,'穂乃果',NULL,45510,NULL,NULL,NULL,NULL);
INSERT INTO "multi_unit_scenario_setting_m" VALUES(583,10,2,NULL,'穂乃果',NULL,45511,NULL,NULL,NULL,NULL);
INSERT INTO "multi_unit_scenario_setting_m" VALUES(584,10,3,NULL,'絵里',NULL,45512,NULL,NULL,NULL,NULL);
INSERT INTO "multi_unit_scenario_setting_m" VALUES(585,10,4,NULL,'穂乃果',NULL,45513,NULL,NULL,NULL,NULL);
INSERT INTO "multi_unit_scenario_setting_m" VALUES(586,10,5,NULL,'絵里',NULL,45514,NULL,NULL,NULL,NULL);
INSERT INTO "multi_unit_scenario_setting_m" VALUES(587,10,6,NULL,'穂乃果',NULL,45515,NULL,NULL,NULL,NULL);
INSERT INTO "multi_unit_scenario_setting_m" VALUES(588,10,7,NULL,'穂乃果',NULL,45516,NULL,NULL,NULL,NULL);
INSERT INTO "multi_unit_scenario_setting_m" VALUES(589,10,8,NULL,'穂乃果',NULL,45517,NULL,NULL,NULL,NULL);
INSERT INTO "multi_unit_scenario_setting_m" VALUES(590,10,9,NULL,'絵里',NULL,45518,NULL,NULL,NULL,NULL);
INSERT INTO "multi_unit_scenario_setting_m" VALUES(591,10,10,NULL,'絵里',NULL,45519,NULL,NULL,NULL,NULL);
INSERT INTO "multi_unit_scenario_setting_m" VALUES(592,10,11,NULL,'穂乃果',NULL,45520,NULL,NULL,NULL,NULL);
INSERT INTO "multi_unit_scenario_setting_m" VALUES(593,10,12,NULL,'絵里',NULL,45521,NULL,NULL,NULL,NULL);
INSERT INTO "multi_unit_scenario_setting_m" VALUES(594,10,13,NULL,'絵里',NULL,45522,NULL,NULL,NULL,NULL);
INSERT INTO "multi_unit_scenario_setting_m" VALUES(595,10,14,NULL,'穂乃果',NULL,45523,NULL,NULL,NULL,NULL);
INSERT INTO "multi_unit_scenario_setting_m" VALUES(596,10,15,NULL,'絵里',NULL,45524,NULL,NULL,NULL,NULL);
INSERT INTO "multi_unit_scenario_setting_m" VALUES(597,10,16,NULL,'絵里',NULL,45525,NULL,NULL,NULL,NULL);
INSERT INTO "multi_unit_scenario_setting_m" VALUES(598,10,17,NULL,'穂乃果',NULL,45526,NULL,NULL,NULL,NULL);
INSERT INTO "multi_unit_scenario_setting_m" VALUES(599,10,18,NULL,'絵里',NULL,45527,NULL,NULL,NULL,NULL);
INSERT INTO "multi_unit_scenario_setting_m" VALUES(600,10,19,NULL,'穂乃果',NULL,45528,NULL,NULL,NULL,NULL);
INSERT INTO "multi_unit_scenario_setting_m" VALUES(601,10,20,NULL,'絵里',NULL,45529,NULL,NULL,NULL,NULL);
INSERT INTO "multi_unit_scenario_setting_m" VALUES(602,10,21,552,'穂乃果',5,45530,NULL,NULL,NULL,NULL);
INSERT INTO "multi_unit_scenario_setting_m" VALUES(603,10,22,NULL,'絵里',NULL,45531,NULL,NULL,NULL,NULL);
INSERT INTO "multi_unit_scenario_setting_m" VALUES(604,10,23,NULL,'絵里',NULL,45532,NULL,NULL,NULL,NULL);
INSERT INTO "multi_unit_scenario_setting_m" VALUES(605,10,24,NULL,'穂乃果',NULL,45533,NULL,NULL,NULL,NULL);
INSERT INTO "multi_unit_scenario_setting_m" VALUES(606,10,25,NULL,'絵里',NULL,45534,NULL,NULL,NULL,NULL);
INSERT INTO "multi_unit_scenario_setting_m" VALUES(607,10,26,NULL,'穂乃果',NULL,45535,NULL,NULL,NULL,NULL);
INSERT INTO "multi_unit_scenario_setting_m" VALUES(608,10,27,NULL,'絵里',NULL,45536,NULL,NULL,NULL,NULL);
INSERT INTO "multi_unit_scenario_setting_m" VALUES(609,10,28,NULL,'穂乃果',NULL,45537,NULL,NULL,NULL,NULL);
INSERT INTO "multi_unit_scenario_setting_m" VALUES(610,10,29,NULL,'穂乃果',NULL,45538,NULL,NULL,NULL,NULL);
INSERT INTO "multi_unit_scenario_setting_m" VALUES(611,10,30,NULL,'絵里',NULL,45539,NULL,NULL,NULL,NULL);
INSERT INTO "multi_unit_scenario_setting_m" VALUES(612,10,31,NULL,'穂乃果',NULL,45540,NULL,NULL,NULL,NULL);
INSERT INTO "multi_unit_scenario_setting_m" VALUES(613,10,32,NULL,'絵里',NULL,45541,NULL,NULL,NULL,NULL);
INSERT INTO "multi_unit_scenario_setting_m" VALUES(614,10,33,NULL,'穂乃果',NULL,45542,NULL,NULL,NULL,NULL);
INSERT INTO "multi_unit_scenario_setting_m" VALUES(615,10,34,NULL,'絵里',NULL,45543,NULL,NULL,NULL,NULL);
INSERT INTO "multi_unit_scenario_setting_m" VALUES(616,10,35,NULL,'穂乃果',NULL,45544,NULL,NULL,NULL,NULL);
INSERT INTO "multi_unit_scenario_setting_m" VALUES(617,10,36,NULL,'穂乃果',NULL,45545,NULL,NULL,NULL,NULL);
INSERT INTO "multi_unit_scenario_setting_m" VALUES(618,10,37,NULL,'絵里',NULL,45546,NULL,NULL,NULL,NULL);
INSERT INTO "multi_unit_scenario_setting_m" VALUES(619,10,38,NULL,'絵里',NULL,45547,NULL,NULL,NULL,NULL);
INSERT INTO "multi_unit_scenario_setting_m" VALUES(620,10,39,NULL,'穂乃果',NULL,45548,NULL,NULL,NULL,NULL);
INSERT INTO "multi_unit_scenario_setting_m" VALUES(621,10,40,NULL,'穂乃果',NULL,45549,NULL,NULL,NULL,NULL);
INSERT INTO "multi_unit_scenario_setting_m" VALUES(622,10,41,NULL,'絵里',NULL,45550,NULL,NULL,NULL,NULL);
INSERT INTO "multi_unit_scenario_setting_m" VALUES(623,10,42,NULL,'穂乃果',NULL,45551,NULL,NULL,NULL,NULL);
INSERT INTO "multi_unit_scenario_setting_m" VALUES(624,10,43,NULL,'絵里',NULL,45552,NULL,NULL,NULL,NULL);
INSERT INTO "multi_unit_scenario_setting_m" VALUES(625,10,44,NULL,'穂乃果',NULL,45553,NULL,NULL,NULL,NULL);
INSERT INTO "multi_unit_scenario_setting_m" VALUES(626,10,45,NULL,'穂乃果',NULL,45554,NULL,NULL,NULL,NULL);
INSERT INTO "multi_unit_scenario_setting_m" VALUES(627,10,46,NULL,'絵里',NULL,45555,NULL,NULL,NULL,NULL);
INSERT INTO "multi_unit_scenario_setting_m" VALUES(628,10,47,NULL,'穂乃果',NULL,45556,NULL,NULL,NULL,NULL);
INSERT INTO "multi_unit_scenario_setting_m" VALUES(629,10,48,NULL,'絵里',NULL,45557,NULL,NULL,NULL,NULL);
INSERT INTO "multi_unit_scenario_setting_m" VALUES(630,10,49,NULL,'穂乃果',1,45558,NULL,NULL,NULL,NULL);
INSERT INTO "multi_unit_scenario_setting_m" VALUES(631,10,50,NULL,'絵里',NULL,45559,NULL,NULL,NULL,NULL);
INSERT INTO "multi_unit_scenario_setting_m" VALUES(632,10,51,553,'穂乃果',5,45560,NULL,NULL,NULL,NULL);
INSERT INTO "multi_unit_scenario_setting_m" VALUES(633,10,52,NULL,'絵里',NULL,45561,NULL,NULL,NULL,NULL);
INSERT INTO "multi_unit_scenario_setting_m" VALUES(634,10,53,NULL,'穂乃果',NULL,45562,NULL,NULL,NULL,NULL);
INSERT INTO "multi_unit_scenario_setting_m" VALUES(635,10,54,NULL,'絵里',NULL,45563,NULL,NULL,NULL,NULL);
INSERT INTO "multi_unit_scenario_setting_m" VALUES(636,10,55,NULL,'絵里',NULL,45564,NULL,NULL,NULL,NULL);
INSERT INTO "multi_unit_scenario_setting_m" VALUES(637,10,56,NULL,'穂乃果',NULL,45565,NULL,NULL,NULL,NULL);
INSERT INTO "multi_unit_scenario_setting_m" VALUES(638,10,57,NULL,'絵里',NULL,45566,NULL,NULL,NULL,NULL);
INSERT INTO "multi_unit_scenario_setting_m" VALUES(639,10,58,NULL,'穂乃果',NULL,45567,NULL,NULL,NULL,NULL);
INSERT INTO "multi_unit_scenario_setting_m" VALUES(640,10,59,NULL,'絵里',NULL,45568,NULL,NULL,NULL,NULL);
INSERT INTO "multi_unit_scenario_setting_m" VALUES(641,10,60,NULL,'穂乃果',NULL,45569,NULL,NULL,NULL,NULL);
CREATE INDEX `idx_display_position` ON `multi_unit_scenario_setting_disp_m`(`multi_unit_scenario_setting_id`,`display_position`);
COMMIT;
