BEGIN TRANSACTION;
CREATE TABLE `multi_unit_scenario_m` (
    `multi_unit_scenario_id` INTEGER NOT NULL,
    `multi_unit_id` INTEGER NOT NULL,
    `title` TEXT NOT NULL,
    `title_call_asset` TEXT,
    `title_font` INTEGER,
    `chapter` INTEGER NOT NULL,
    `chapter_asset` TEXT,
    `asset_bgm_id` INTEGER NOT NULL,
    `unlocked_live_difficulty_id` INTEGER,
    `release_type` INTEGER,
    `release_tag` TEXT, `_encryption_release_id` INTEGER NULL,
    PRIMARY KEY (`multi_unit_scenario_id`)
);
INSERT INTO "multi_unit_scenario_m" VALUES(1,2,'巡る秘湯、パワースポット',NULL,NULL,1,NULL,1,1,1,NULL,248);
INSERT INTO "multi_unit_scenario_m" VALUES(2,3,'堕天使の羽を休めて',NULL,NULL,1,NULL,6,1,1,NULL,248);
CREATE TABLE `multi_unit_scenario_open_m` (
    `multi_unit_id` INTEGER NOT NULL,
    `multi_unit_scenario_btn_asset` TEXT NOT NULL,
    `multi_unit_scenario_se_btn_asset` TEXT NOT NULL,
    `open_date` TEXT,
    `release_tag` TEXT, `_encryption_release_id` INTEGER NULL,
    PRIMARY KEY (`multi_unit_id`)
);
INSERT INTO "multi_unit_scenario_open_m" VALUES(2,'assets/image/scenario/banner/aqoth_21.png','assets/image/scenario/banner/aqoth_21se.png','2019/12/20 15:00:00',NULL,248);
INSERT INTO "multi_unit_scenario_open_m" VALUES(3,'assets/image/scenario/banner/aqoth_24.png','assets/image/scenario/banner/aqoth_24se.png','2019/12/20 15:00:00',NULL,248);
CREATE TABLE `multi_unit_scenario_setting_disp_m` (
    `multi_unit_scenario_setting_disp_id` INTEGER NOT NULL,
    `multi_unit_scenario_setting_id` INTEGER NOT NULL,
    `scenario_char_effect_cd` TEXT,
    `scenario_char_asset_id` INTEGER NOT NULL,
    `display_position` INTEGER NOT NULL,
    `character_action_type` INTEGER,
    `speaker_flag` INTEGER NOT NULL,
    PRIMARY KEY (`multi_unit_scenario_setting_disp_id`)
);
INSERT INTO "multi_unit_scenario_setting_disp_m" VALUES(1,1,NULL,70010201,4,NULL,0);
INSERT INTO "multi_unit_scenario_setting_disp_m" VALUES(2,1,NULL,70010701,5,NULL,1);
INSERT INTO "multi_unit_scenario_setting_disp_m" VALUES(3,2,NULL,70010201,4,NULL,1);
INSERT INTO "multi_unit_scenario_setting_disp_m" VALUES(4,2,NULL,70010701,5,NULL,0);
INSERT INTO "multi_unit_scenario_setting_disp_m" VALUES(5,3,'459',70010202,4,14,1);
INSERT INTO "multi_unit_scenario_setting_disp_m" VALUES(6,3,NULL,70010704,5,NULL,0);
INSERT INTO "multi_unit_scenario_setting_disp_m" VALUES(7,4,NULL,70010201,4,NULL,0);
INSERT INTO "multi_unit_scenario_setting_disp_m" VALUES(8,4,'454',70010704,5,NULL,1);
INSERT INTO "multi_unit_scenario_setting_disp_m" VALUES(9,5,NULL,70010201,4,NULL,1);
INSERT INTO "multi_unit_scenario_setting_disp_m" VALUES(10,5,NULL,70010704,5,NULL,0);
INSERT INTO "multi_unit_scenario_setting_disp_m" VALUES(11,6,NULL,70010201,4,NULL,0);
INSERT INTO "multi_unit_scenario_setting_disp_m" VALUES(12,6,NULL,70010704,5,NULL,1);
INSERT INTO "multi_unit_scenario_setting_disp_m" VALUES(13,7,NULL,70010204,2,NULL,1);
INSERT INTO "multi_unit_scenario_setting_disp_m" VALUES(14,8,NULL,70010204,4,8,0);
INSERT INTO "multi_unit_scenario_setting_disp_m" VALUES(15,8,'454',70010704,5,8,1);
INSERT INTO "multi_unit_scenario_setting_disp_m" VALUES(16,9,'454',70010202,4,NULL,1);
INSERT INTO "multi_unit_scenario_setting_disp_m" VALUES(17,9,NULL,70010704,5,NULL,0);
INSERT INTO "multi_unit_scenario_setting_disp_m" VALUES(18,10,NULL,70010201,4,NULL,0);
INSERT INTO "multi_unit_scenario_setting_disp_m" VALUES(19,10,NULL,70010704,5,NULL,1);
INSERT INTO "multi_unit_scenario_setting_disp_m" VALUES(20,11,NULL,70010201,4,NULL,0);
INSERT INTO "multi_unit_scenario_setting_disp_m" VALUES(21,11,'454',70010704,5,NULL,1);
INSERT INTO "multi_unit_scenario_setting_disp_m" VALUES(22,12,'459',70010202,4,14,1);
INSERT INTO "multi_unit_scenario_setting_disp_m" VALUES(23,12,NULL,70010704,5,NULL,0);
INSERT INTO "multi_unit_scenario_setting_disp_m" VALUES(24,13,NULL,70010201,4,NULL,1);
INSERT INTO "multi_unit_scenario_setting_disp_m" VALUES(25,13,NULL,70010704,5,NULL,0);
INSERT INTO "multi_unit_scenario_setting_disp_m" VALUES(26,14,NULL,70010201,4,NULL,0);
INSERT INTO "multi_unit_scenario_setting_disp_m" VALUES(27,14,NULL,70010701,5,NULL,1);
INSERT INTO "multi_unit_scenario_setting_disp_m" VALUES(28,15,NULL,70010201,4,NULL,1);
INSERT INTO "multi_unit_scenario_setting_disp_m" VALUES(29,15,NULL,70010701,5,NULL,0);
INSERT INTO "multi_unit_scenario_setting_disp_m" VALUES(30,16,NULL,70010201,4,NULL,0);
INSERT INTO "multi_unit_scenario_setting_disp_m" VALUES(31,16,NULL,70010702,5,NULL,1);
INSERT INTO "multi_unit_scenario_setting_disp_m" VALUES(32,17,'454',70010203,4,NULL,1);
INSERT INTO "multi_unit_scenario_setting_disp_m" VALUES(33,17,NULL,70010701,5,NULL,0);
INSERT INTO "multi_unit_scenario_setting_disp_m" VALUES(34,18,NULL,70010203,4,NULL,0);
INSERT INTO "multi_unit_scenario_setting_disp_m" VALUES(35,18,NULL,70010702,5,NULL,1);
INSERT INTO "multi_unit_scenario_setting_disp_m" VALUES(36,19,NULL,70010201,4,NULL,1);
INSERT INTO "multi_unit_scenario_setting_disp_m" VALUES(37,19,NULL,70010701,5,NULL,0);
INSERT INTO "multi_unit_scenario_setting_disp_m" VALUES(38,20,NULL,70010201,4,NULL,0);
INSERT INTO "multi_unit_scenario_setting_disp_m" VALUES(39,20,NULL,70010702,5,NULL,1);
INSERT INTO "multi_unit_scenario_setting_disp_m" VALUES(40,21,NULL,70010201,4,NULL,0);
INSERT INTO "multi_unit_scenario_setting_disp_m" VALUES(41,21,NULL,70010701,5,NULL,1);
INSERT INTO "multi_unit_scenario_setting_disp_m" VALUES(42,22,NULL,70010201,4,NULL,1);
INSERT INTO "multi_unit_scenario_setting_disp_m" VALUES(43,22,NULL,70010701,5,NULL,0);
INSERT INTO "multi_unit_scenario_setting_disp_m" VALUES(44,23,NULL,70010201,4,NULL,0);
INSERT INTO "multi_unit_scenario_setting_disp_m" VALUES(45,23,NULL,70010702,5,NULL,1);
INSERT INTO "multi_unit_scenario_setting_disp_m" VALUES(46,24,'454',70010203,4,NULL,1);
INSERT INTO "multi_unit_scenario_setting_disp_m" VALUES(47,24,NULL,70010701,5,NULL,0);
INSERT INTO "multi_unit_scenario_setting_disp_m" VALUES(48,25,NULL,70010203,4,NULL,0);
INSERT INTO "multi_unit_scenario_setting_disp_m" VALUES(49,25,NULL,70010702,5,NULL,1);
INSERT INTO "multi_unit_scenario_setting_disp_m" VALUES(50,26,NULL,70010203,4,NULL,1);
INSERT INTO "multi_unit_scenario_setting_disp_m" VALUES(51,26,NULL,70010701,5,NULL,0);
INSERT INTO "multi_unit_scenario_setting_disp_m" VALUES(52,27,NULL,70010203,4,NULL,0);
INSERT INTO "multi_unit_scenario_setting_disp_m" VALUES(53,27,'457',70010705,5,13,1);
INSERT INTO "multi_unit_scenario_setting_disp_m" VALUES(54,28,NULL,70072101,4,NULL,0);
INSERT INTO "multi_unit_scenario_setting_disp_m" VALUES(55,28,NULL,70022101,5,NULL,1);
INSERT INTO "multi_unit_scenario_setting_disp_m" VALUES(56,29,NULL,70072102,4,NULL,1);
INSERT INTO "multi_unit_scenario_setting_disp_m" VALUES(57,29,NULL,70022101,5,NULL,0);
INSERT INTO "multi_unit_scenario_setting_disp_m" VALUES(58,30,NULL,70072101,4,NULL,0);
INSERT INTO "multi_unit_scenario_setting_disp_m" VALUES(59,30,NULL,70022101,5,NULL,1);
INSERT INTO "multi_unit_scenario_setting_disp_m" VALUES(60,31,NULL,70072101,4,NULL,1);
INSERT INTO "multi_unit_scenario_setting_disp_m" VALUES(61,31,NULL,70022101,5,NULL,0);
INSERT INTO "multi_unit_scenario_setting_disp_m" VALUES(62,32,NULL,70072101,4,NULL,0);
INSERT INTO "multi_unit_scenario_setting_disp_m" VALUES(63,32,NULL,70022101,5,NULL,1);
INSERT INTO "multi_unit_scenario_setting_disp_m" VALUES(64,33,NULL,70072101,4,NULL,1);
INSERT INTO "multi_unit_scenario_setting_disp_m" VALUES(65,33,NULL,70022101,5,NULL,0);
INSERT INTO "multi_unit_scenario_setting_disp_m" VALUES(66,34,NULL,70072101,4,NULL,0);
INSERT INTO "multi_unit_scenario_setting_disp_m" VALUES(67,34,'454',70022103,5,NULL,1);
INSERT INTO "multi_unit_scenario_setting_disp_m" VALUES(68,35,NULL,70072102,4,NULL,1);
INSERT INTO "multi_unit_scenario_setting_disp_m" VALUES(69,35,NULL,70022103,5,NULL,0);
INSERT INTO "multi_unit_scenario_setting_disp_m" VALUES(70,36,NULL,70072101,4,NULL,0);
INSERT INTO "multi_unit_scenario_setting_disp_m" VALUES(71,36,NULL,70022101,5,NULL,1);
INSERT INTO "multi_unit_scenario_setting_disp_m" VALUES(72,37,NULL,70020501,2,NULL,1);
INSERT INTO "multi_unit_scenario_setting_disp_m" VALUES(73,38,NULL,70070505,2,8,1);
INSERT INTO "multi_unit_scenario_setting_disp_m" VALUES(74,39,NULL,70020503,4,8,1);
INSERT INTO "multi_unit_scenario_setting_disp_m" VALUES(75,39,NULL,70070505,5,8,0);
INSERT INTO "multi_unit_scenario_setting_disp_m" VALUES(76,40,NULL,70020503,4,NULL,0);
INSERT INTO "multi_unit_scenario_setting_disp_m" VALUES(77,40,NULL,70070502,5,NULL,1);
INSERT INTO "multi_unit_scenario_setting_disp_m" VALUES(78,41,NULL,70020501,4,NULL,1);
INSERT INTO "multi_unit_scenario_setting_disp_m" VALUES(79,41,NULL,70070501,5,NULL,0);
INSERT INTO "multi_unit_scenario_setting_disp_m" VALUES(80,42,'454',70020501,4,NULL,1);
INSERT INTO "multi_unit_scenario_setting_disp_m" VALUES(81,42,NULL,70070501,5,NULL,0);
INSERT INTO "multi_unit_scenario_setting_disp_m" VALUES(82,43,NULL,70020501,4,NULL,1);
INSERT INTO "multi_unit_scenario_setting_disp_m" VALUES(83,43,NULL,70070501,5,NULL,0);
INSERT INTO "multi_unit_scenario_setting_disp_m" VALUES(84,44,NULL,70020501,4,NULL,0);
INSERT INTO "multi_unit_scenario_setting_disp_m" VALUES(85,44,NULL,70070504,5,NULL,1);
INSERT INTO "multi_unit_scenario_setting_disp_m" VALUES(86,45,NULL,70020501,4,NULL,0);
INSERT INTO "multi_unit_scenario_setting_disp_m" VALUES(87,45,'456',70070504,5,NULL,1);
INSERT INTO "multi_unit_scenario_setting_disp_m" VALUES(88,46,NULL,70020501,4,NULL,1);
INSERT INTO "multi_unit_scenario_setting_disp_m" VALUES(89,46,NULL,70070504,5,NULL,0);
INSERT INTO "multi_unit_scenario_setting_disp_m" VALUES(90,47,NULL,70020501,4,NULL,0);
INSERT INTO "multi_unit_scenario_setting_disp_m" VALUES(91,47,NULL,70070504,5,NULL,1);
INSERT INTO "multi_unit_scenario_setting_disp_m" VALUES(92,48,'454',70020503,4,NULL,1);
INSERT INTO "multi_unit_scenario_setting_disp_m" VALUES(93,48,NULL,70070504,5,NULL,0);
INSERT INTO "multi_unit_scenario_setting_disp_m" VALUES(94,49,NULL,70020503,4,NULL,0);
INSERT INTO "multi_unit_scenario_setting_disp_m" VALUES(95,49,'459',70070504,5,14,1);
INSERT INTO "multi_unit_scenario_setting_disp_m" VALUES(96,50,NULL,70020501,4,NULL,1);
INSERT INTO "multi_unit_scenario_setting_disp_m" VALUES(97,50,NULL,70070504,5,NULL,0);
INSERT INTO "multi_unit_scenario_setting_disp_m" VALUES(98,51,NULL,70020501,4,NULL,0);
INSERT INTO "multi_unit_scenario_setting_disp_m" VALUES(99,51,NULL,70070504,5,NULL,1);
INSERT INTO "multi_unit_scenario_setting_disp_m" VALUES(100,52,NULL,70020502,4,NULL,1);
INSERT INTO "multi_unit_scenario_setting_disp_m" VALUES(101,52,NULL,70070504,5,NULL,0);
INSERT INTO "multi_unit_scenario_setting_disp_m" VALUES(102,53,NULL,70020502,4,NULL,0);
INSERT INTO "multi_unit_scenario_setting_disp_m" VALUES(103,53,'455',70070502,5,12,1);
INSERT INTO "multi_unit_scenario_setting_disp_m" VALUES(104,54,NULL,70020504,4,NULL,1);
INSERT INTO "multi_unit_scenario_setting_disp_m" VALUES(105,54,NULL,70070501,5,NULL,0);
INSERT INTO "multi_unit_scenario_setting_disp_m" VALUES(106,55,NULL,70020504,4,NULL,1);
INSERT INTO "multi_unit_scenario_setting_disp_m" VALUES(107,55,NULL,70070501,5,NULL,0);
INSERT INTO "multi_unit_scenario_setting_disp_m" VALUES(108,56,NULL,70020504,4,NULL,0);
INSERT INTO "multi_unit_scenario_setting_disp_m" VALUES(109,56,NULL,70070502,5,NULL,1);
INSERT INTO "multi_unit_scenario_setting_disp_m" VALUES(110,57,NULL,70020501,4,NULL,0);
INSERT INTO "multi_unit_scenario_setting_disp_m" VALUES(111,57,NULL,70070501,5,NULL,1);
INSERT INTO "multi_unit_scenario_setting_disp_m" VALUES(112,58,NULL,70020501,4,NULL,0);
INSERT INTO "multi_unit_scenario_setting_disp_m" VALUES(113,58,NULL,70070502,5,NULL,1);
INSERT INTO "multi_unit_scenario_setting_disp_m" VALUES(114,59,NULL,70020501,4,NULL,0);
INSERT INTO "multi_unit_scenario_setting_disp_m" VALUES(115,59,NULL,70070501,5,NULL,1);
INSERT INTO "multi_unit_scenario_setting_disp_m" VALUES(116,60,NULL,70020502,4,NULL,1);
INSERT INTO "multi_unit_scenario_setting_disp_m" VALUES(117,60,NULL,70070501,5,NULL,0);
INSERT INTO "multi_unit_scenario_setting_disp_m" VALUES(118,61,NULL,70020501,4,NULL,1);
INSERT INTO "multi_unit_scenario_setting_disp_m" VALUES(119,61,NULL,70070501,5,NULL,0);
INSERT INTO "multi_unit_scenario_setting_disp_m" VALUES(120,62,NULL,70020501,4,NULL,1);
INSERT INTO "multi_unit_scenario_setting_disp_m" VALUES(121,62,NULL,70070501,5,NULL,0);
INSERT INTO "multi_unit_scenario_setting_disp_m" VALUES(122,63,NULL,70020501,4,NULL,0);
INSERT INTO "multi_unit_scenario_setting_disp_m" VALUES(123,63,'457',70070502,5,13,1);
INSERT INTO "multi_unit_scenario_setting_disp_m" VALUES(124,64,NULL,70020501,4,NULL,0);
INSERT INTO "multi_unit_scenario_setting_disp_m" VALUES(125,64,NULL,70070501,5,NULL,1);
INSERT INTO "multi_unit_scenario_setting_disp_m" VALUES(126,65,NULL,70072201,4,NULL,1);
INSERT INTO "multi_unit_scenario_setting_disp_m" VALUES(127,65,NULL,70022201,5,NULL,0);
INSERT INTO "multi_unit_scenario_setting_disp_m" VALUES(128,66,NULL,70072204,4,NULL,1);
INSERT INTO "multi_unit_scenario_setting_disp_m" VALUES(129,66,NULL,70022201,5,NULL,0);
INSERT INTO "multi_unit_scenario_setting_disp_m" VALUES(130,67,NULL,70072201,4,NULL,0);
INSERT INTO "multi_unit_scenario_setting_disp_m" VALUES(131,67,NULL,70022201,5,NULL,1);
INSERT INTO "multi_unit_scenario_setting_disp_m" VALUES(132,68,'457',70072202,4,13,1);
INSERT INTO "multi_unit_scenario_setting_disp_m" VALUES(133,68,NULL,70022201,5,NULL,0);
INSERT INTO "multi_unit_scenario_setting_disp_m" VALUES(134,69,NULL,30000000,2,NULL,0);
INSERT INTO "multi_unit_scenario_setting_disp_m" VALUES(135,70,NULL,30000000,2,NULL,0);
INSERT INTO "multi_unit_scenario_setting_disp_m" VALUES(136,71,NULL,30000000,2,NULL,0);
INSERT INTO "multi_unit_scenario_setting_disp_m" VALUES(137,72,NULL,30000000,2,NULL,0);
INSERT INTO "multi_unit_scenario_setting_disp_m" VALUES(138,73,NULL,30000000,2,NULL,0);
INSERT INTO "multi_unit_scenario_setting_disp_m" VALUES(139,74,NULL,30000000,2,NULL,0);
INSERT INTO "multi_unit_scenario_setting_disp_m" VALUES(140,75,NULL,30000000,2,NULL,0);
INSERT INTO "multi_unit_scenario_setting_disp_m" VALUES(141,76,NULL,30000000,2,NULL,0);
INSERT INTO "multi_unit_scenario_setting_disp_m" VALUES(142,77,NULL,80060601,4,NULL,0);
INSERT INTO "multi_unit_scenario_setting_disp_m" VALUES(143,77,NULL,80070602,5,NULL,1);
INSERT INTO "multi_unit_scenario_setting_disp_m" VALUES(144,78,NULL,80060601,4,NULL,1);
INSERT INTO "multi_unit_scenario_setting_disp_m" VALUES(145,78,NULL,80070601,5,NULL,0);
INSERT INTO "multi_unit_scenario_setting_disp_m" VALUES(146,79,NULL,80060601,4,NULL,0);
INSERT INTO "multi_unit_scenario_setting_disp_m" VALUES(147,79,NULL,80070601,5,NULL,1);
INSERT INTO "multi_unit_scenario_setting_disp_m" VALUES(148,80,'454',80060601,4,NULL,1);
INSERT INTO "multi_unit_scenario_setting_disp_m" VALUES(149,80,NULL,80070601,5,NULL,0);
INSERT INTO "multi_unit_scenario_setting_disp_m" VALUES(150,81,NULL,80060601,4,NULL,0);
INSERT INTO "multi_unit_scenario_setting_disp_m" VALUES(151,81,NULL,80070602,5,NULL,1);
INSERT INTO "multi_unit_scenario_setting_disp_m" VALUES(152,82,NULL,80060601,4,NULL,1);
INSERT INTO "multi_unit_scenario_setting_disp_m" VALUES(153,82,NULL,80070601,5,NULL,0);
INSERT INTO "multi_unit_scenario_setting_disp_m" VALUES(154,83,NULL,80060601,4,NULL,0);
INSERT INTO "multi_unit_scenario_setting_disp_m" VALUES(155,83,NULL,80070601,5,NULL,1);
INSERT INTO "multi_unit_scenario_setting_disp_m" VALUES(156,84,NULL,80060602,4,NULL,1);
INSERT INTO "multi_unit_scenario_setting_disp_m" VALUES(157,84,NULL,80070601,5,NULL,0);
INSERT INTO "multi_unit_scenario_setting_disp_m" VALUES(158,85,NULL,80060601,4,NULL,0);
INSERT INTO "multi_unit_scenario_setting_disp_m" VALUES(159,85,'457',80070602,5,13,1);
INSERT INTO "multi_unit_scenario_setting_disp_m" VALUES(160,86,NULL,80060604,4,NULL,1);
INSERT INTO "multi_unit_scenario_setting_disp_m" VALUES(161,86,NULL,80070601,5,NULL,0);
INSERT INTO "multi_unit_scenario_setting_disp_m" VALUES(162,87,NULL,80060604,4,NULL,0);
INSERT INTO "multi_unit_scenario_setting_disp_m" VALUES(163,87,NULL,80070602,5,NULL,1);
INSERT INTO "multi_unit_scenario_setting_disp_m" VALUES(164,88,'455',80060605,4,12,1);
INSERT INTO "multi_unit_scenario_setting_disp_m" VALUES(165,88,NULL,80070601,5,NULL,0);
INSERT INTO "multi_unit_scenario_setting_disp_m" VALUES(166,89,NULL,80060601,4,NULL,0);
INSERT INTO "multi_unit_scenario_setting_disp_m" VALUES(167,89,'457',80070602,5,13,1);
INSERT INTO "multi_unit_scenario_setting_disp_m" VALUES(168,90,NULL,80060601,4,NULL,1);
INSERT INTO "multi_unit_scenario_setting_disp_m" VALUES(169,90,NULL,80070601,5,NULL,0);
INSERT INTO "multi_unit_scenario_setting_disp_m" VALUES(170,91,NULL,80060601,4,NULL,0);
INSERT INTO "multi_unit_scenario_setting_disp_m" VALUES(171,91,NULL,80070601,5,NULL,1);
INSERT INTO "multi_unit_scenario_setting_disp_m" VALUES(172,92,NULL,80060601,4,NULL,1);
INSERT INTO "multi_unit_scenario_setting_disp_m" VALUES(173,92,NULL,80070601,5,NULL,0);
INSERT INTO "multi_unit_scenario_setting_disp_m" VALUES(174,93,NULL,80060601,4,NULL,0);
INSERT INTO "multi_unit_scenario_setting_disp_m" VALUES(175,93,NULL,80070601,5,NULL,1);
INSERT INTO "multi_unit_scenario_setting_disp_m" VALUES(176,94,NULL,80060601,4,NULL,1);
INSERT INTO "multi_unit_scenario_setting_disp_m" VALUES(177,94,NULL,80070601,5,NULL,0);
INSERT INTO "multi_unit_scenario_setting_disp_m" VALUES(178,95,NULL,80060601,4,NULL,0);
INSERT INTO "multi_unit_scenario_setting_disp_m" VALUES(179,95,NULL,80070602,5,NULL,1);
INSERT INTO "multi_unit_scenario_setting_disp_m" VALUES(180,96,NULL,80060602,4,NULL,1);
INSERT INTO "multi_unit_scenario_setting_disp_m" VALUES(181,96,NULL,80070602,5,7,0);
INSERT INTO "multi_unit_scenario_setting_disp_m" VALUES(182,97,NULL,80060604,4,NULL,0);
INSERT INTO "multi_unit_scenario_setting_disp_m" VALUES(183,97,NULL,80070602,5,4,1);
INSERT INTO "multi_unit_scenario_setting_disp_m" VALUES(184,98,NULL,80060601,4,NULL,1);
INSERT INTO "multi_unit_scenario_setting_disp_m" VALUES(185,98,NULL,80070601,5,NULL,0);
INSERT INTO "multi_unit_scenario_setting_disp_m" VALUES(186,99,NULL,80060601,4,NULL,0);
INSERT INTO "multi_unit_scenario_setting_disp_m" VALUES(187,99,NULL,80070601,5,NULL,1);
INSERT INTO "multi_unit_scenario_setting_disp_m" VALUES(188,100,NULL,80060603,4,NULL,1);
INSERT INTO "multi_unit_scenario_setting_disp_m" VALUES(189,100,NULL,80070601,5,NULL,0);
INSERT INTO "multi_unit_scenario_setting_disp_m" VALUES(190,101,NULL,80060601,4,NULL,0);
INSERT INTO "multi_unit_scenario_setting_disp_m" VALUES(191,101,'461',80070602,5,11,1);
INSERT INTO "multi_unit_scenario_setting_disp_m" VALUES(192,102,NULL,80061601,4,NULL,0);
INSERT INTO "multi_unit_scenario_setting_disp_m" VALUES(193,102,NULL,80071601,5,NULL,1);
INSERT INTO "multi_unit_scenario_setting_disp_m" VALUES(194,103,NULL,80061602,4,NULL,1);
INSERT INTO "multi_unit_scenario_setting_disp_m" VALUES(195,103,NULL,80071601,5,NULL,0);
INSERT INTO "multi_unit_scenario_setting_disp_m" VALUES(196,104,NULL,80061601,4,NULL,0);
INSERT INTO "multi_unit_scenario_setting_disp_m" VALUES(197,104,NULL,80071601,5,NULL,1);
INSERT INTO "multi_unit_scenario_setting_disp_m" VALUES(198,105,NULL,80061601,4,NULL,1);
INSERT INTO "multi_unit_scenario_setting_disp_m" VALUES(199,105,NULL,80071601,5,NULL,0);
INSERT INTO "multi_unit_scenario_setting_disp_m" VALUES(200,106,NULL,80061601,4,NULL,0);
INSERT INTO "multi_unit_scenario_setting_disp_m" VALUES(201,106,NULL,80071602,5,NULL,1);
INSERT INTO "multi_unit_scenario_setting_disp_m" VALUES(202,107,NULL,80061601,4,NULL,0);
INSERT INTO "multi_unit_scenario_setting_disp_m" VALUES(203,107,NULL,80071601,5,NULL,1);
INSERT INTO "multi_unit_scenario_setting_disp_m" VALUES(204,108,NULL,80061601,4,NULL,1);
INSERT INTO "multi_unit_scenario_setting_disp_m" VALUES(205,108,NULL,80071601,5,NULL,0);
INSERT INTO "multi_unit_scenario_setting_disp_m" VALUES(206,109,NULL,80061601,4,NULL,0);
INSERT INTO "multi_unit_scenario_setting_disp_m" VALUES(207,109,'454',80071601,5,NULL,1);
INSERT INTO "multi_unit_scenario_setting_disp_m" VALUES(208,110,NULL,80061601,4,NULL,1);
INSERT INTO "multi_unit_scenario_setting_disp_m" VALUES(209,110,NULL,80071601,5,NULL,0);
INSERT INTO "multi_unit_scenario_setting_disp_m" VALUES(210,111,NULL,80061601,4,NULL,0);
INSERT INTO "multi_unit_scenario_setting_disp_m" VALUES(211,111,NULL,80071602,5,NULL,1);
INSERT INTO "multi_unit_scenario_setting_disp_m" VALUES(212,112,NULL,80061601,4,NULL,1);
INSERT INTO "multi_unit_scenario_setting_disp_m" VALUES(213,112,NULL,80071601,5,NULL,0);
INSERT INTO "multi_unit_scenario_setting_disp_m" VALUES(214,113,NULL,80061601,4,NULL,0);
INSERT INTO "multi_unit_scenario_setting_disp_m" VALUES(215,113,'454',80071601,5,NULL,1);
INSERT INTO "multi_unit_scenario_setting_disp_m" VALUES(216,114,NULL,80061602,4,NULL,1);
INSERT INTO "multi_unit_scenario_setting_disp_m" VALUES(217,114,NULL,80071601,5,NULL,0);
INSERT INTO "multi_unit_scenario_setting_disp_m" VALUES(218,115,NULL,80061601,4,NULL,0);
INSERT INTO "multi_unit_scenario_setting_disp_m" VALUES(219,115,NULL,80071602,5,NULL,1);
INSERT INTO "multi_unit_scenario_setting_disp_m" VALUES(220,116,NULL,80061601,4,NULL,1);
INSERT INTO "multi_unit_scenario_setting_disp_m" VALUES(221,116,NULL,80071601,5,NULL,0);
INSERT INTO "multi_unit_scenario_setting_disp_m" VALUES(222,117,NULL,80061601,4,NULL,0);
INSERT INTO "multi_unit_scenario_setting_disp_m" VALUES(223,117,NULL,80071601,5,NULL,1);
INSERT INTO "multi_unit_scenario_setting_disp_m" VALUES(224,118,'455',80061602,4,12,1);
INSERT INTO "multi_unit_scenario_setting_disp_m" VALUES(225,118,NULL,80071601,5,NULL,0);
INSERT INTO "multi_unit_scenario_setting_disp_m" VALUES(226,119,NULL,80061602,4,NULL,0);
INSERT INTO "multi_unit_scenario_setting_disp_m" VALUES(227,119,NULL,80071602,5,NULL,1);
INSERT INTO "multi_unit_scenario_setting_disp_m" VALUES(228,120,'457',80061602,4,13,1);
INSERT INTO "multi_unit_scenario_setting_disp_m" VALUES(229,120,NULL,80071602,5,NULL,0);
INSERT INTO "multi_unit_scenario_setting_disp_m" VALUES(230,121,NULL,80061601,4,NULL,0);
INSERT INTO "multi_unit_scenario_setting_disp_m" VALUES(231,121,NULL,80071601,5,NULL,1);
INSERT INTO "multi_unit_scenario_setting_disp_m" VALUES(232,122,NULL,80061601,4,NULL,1);
INSERT INTO "multi_unit_scenario_setting_disp_m" VALUES(233,122,NULL,80071601,5,NULL,0);
INSERT INTO "multi_unit_scenario_setting_disp_m" VALUES(234,123,NULL,80061601,4,NULL,0);
INSERT INTO "multi_unit_scenario_setting_disp_m" VALUES(235,123,NULL,80071601,5,NULL,1);
INSERT INTO "multi_unit_scenario_setting_disp_m" VALUES(236,124,NULL,80061601,4,NULL,1);
INSERT INTO "multi_unit_scenario_setting_disp_m" VALUES(237,124,NULL,80071601,5,NULL,0);
INSERT INTO "multi_unit_scenario_setting_disp_m" VALUES(238,125,NULL,80061601,4,NULL,0);
INSERT INTO "multi_unit_scenario_setting_disp_m" VALUES(239,125,'457',80071602,5,13,1);
INSERT INTO "multi_unit_scenario_setting_disp_m" VALUES(240,126,NULL,80061602,4,NULL,1);
INSERT INTO "multi_unit_scenario_setting_disp_m" VALUES(241,126,NULL,80071602,5,NULL,1);
INSERT INTO "multi_unit_scenario_setting_disp_m" VALUES(242,127,NULL,80061701,4,NULL,1);
INSERT INTO "multi_unit_scenario_setting_disp_m" VALUES(243,127,NULL,80071701,5,NULL,0);
INSERT INTO "multi_unit_scenario_setting_disp_m" VALUES(244,128,NULL,80061701,4,NULL,0);
INSERT INTO "multi_unit_scenario_setting_disp_m" VALUES(245,128,NULL,80071701,5,NULL,1);
INSERT INTO "multi_unit_scenario_setting_disp_m" VALUES(246,129,'457',80061702,4,1,1);
INSERT INTO "multi_unit_scenario_setting_disp_m" VALUES(247,129,NULL,80071701,5,NULL,0);
INSERT INTO "multi_unit_scenario_setting_disp_m" VALUES(248,130,NULL,80061702,4,NULL,0);
INSERT INTO "multi_unit_scenario_setting_disp_m" VALUES(249,130,NULL,80071701,5,NULL,1);
INSERT INTO "multi_unit_scenario_setting_disp_m" VALUES(250,131,NULL,80061705,4,NULL,1);
INSERT INTO "multi_unit_scenario_setting_disp_m" VALUES(251,131,NULL,80071701,5,NULL,0);
INSERT INTO "multi_unit_scenario_setting_disp_m" VALUES(252,132,NULL,80061701,4,NULL,0);
INSERT INTO "multi_unit_scenario_setting_disp_m" VALUES(253,132,'457',80071702,5,13,1);
INSERT INTO "multi_unit_scenario_setting_disp_m" VALUES(254,133,NULL,30000000,2,NULL,0);
INSERT INTO "multi_unit_scenario_setting_disp_m" VALUES(255,134,NULL,30000000,2,NULL,0);
INSERT INTO "multi_unit_scenario_setting_disp_m" VALUES(256,135,NULL,30000000,2,NULL,0);
INSERT INTO "multi_unit_scenario_setting_disp_m" VALUES(257,136,NULL,30000000,2,NULL,0);
INSERT INTO "multi_unit_scenario_setting_disp_m" VALUES(258,137,NULL,30000000,2,NULL,0);
INSERT INTO "multi_unit_scenario_setting_disp_m" VALUES(259,138,NULL,30000000,2,NULL,0);
INSERT INTO "multi_unit_scenario_setting_disp_m" VALUES(260,139,NULL,30000000,2,NULL,0);
INSERT INTO "multi_unit_scenario_setting_disp_m" VALUES(261,140,NULL,30000000,2,NULL,0);
INSERT INTO "multi_unit_scenario_setting_disp_m" VALUES(262,141,NULL,30000000,2,NULL,0);
INSERT INTO "multi_unit_scenario_setting_disp_m" VALUES(263,142,NULL,30000000,2,NULL,0);
INSERT INTO "multi_unit_scenario_setting_disp_m" VALUES(264,143,NULL,30000000,2,NULL,0);
INSERT INTO "multi_unit_scenario_setting_disp_m" VALUES(265,144,NULL,30000000,2,NULL,0);
INSERT INTO "multi_unit_scenario_setting_disp_m" VALUES(266,145,NULL,30000000,2,NULL,0);
INSERT INTO "multi_unit_scenario_setting_disp_m" VALUES(267,146,NULL,30000000,2,NULL,0);
INSERT INTO "multi_unit_scenario_setting_disp_m" VALUES(268,147,NULL,30000000,2,NULL,0);
INSERT INTO "multi_unit_scenario_setting_disp_m" VALUES(269,148,NULL,30000000,2,NULL,0);
INSERT INTO "multi_unit_scenario_setting_disp_m" VALUES(270,149,NULL,30000000,2,NULL,0);
INSERT INTO "multi_unit_scenario_setting_disp_m" VALUES(271,150,NULL,30000000,2,NULL,0);
CREATE TABLE `multi_unit_scenario_setting_m` (
    `multi_unit_scenario_setting_id` INTEGER NOT NULL,
    `multi_unit_scenario_id` INTEGER NOT NULL,
    `order_num` INTEGER NOT NULL,
    `asset_background_id` INTEGER,
    `character_name` TEXT,
    `scene_effect_type` INTEGER,
    `asset_voice_id` INTEGER,
    `asset_se_id` INTEGER,
    `asset_bgm_id` INTEGER,
    `release_tag` TEXT, `_encryption_release_id` INTEGER NULL,
    PRIMARY KEY (`multi_unit_scenario_setting_id`)
);
INSERT INTO "multi_unit_scenario_setting_m" VALUES(1,1,1,13,'希',NULL,43631,NULL,NULL,NULL,248);
INSERT INTO "multi_unit_scenario_setting_m" VALUES(2,1,2,NULL,'絵里',NULL,43632,NULL,NULL,NULL,248);
INSERT INTO "multi_unit_scenario_setting_m" VALUES(3,1,3,NULL,'絵里',NULL,43633,NULL,NULL,NULL,248);
INSERT INTO "multi_unit_scenario_setting_m" VALUES(4,1,4,NULL,'希',NULL,43634,NULL,NULL,NULL,248);
INSERT INTO "multi_unit_scenario_setting_m" VALUES(5,1,5,NULL,'絵里',NULL,43635,NULL,NULL,NULL,248);
INSERT INTO "multi_unit_scenario_setting_m" VALUES(6,1,6,NULL,'希',NULL,43636,NULL,NULL,NULL,248);
INSERT INTO "multi_unit_scenario_setting_m" VALUES(7,1,7,NULL,'絵里',1,43637,NULL,NULL,NULL,248);
INSERT INTO "multi_unit_scenario_setting_m" VALUES(8,1,8,NULL,'希',NULL,43638,NULL,NULL,NULL,248);
INSERT INTO "multi_unit_scenario_setting_m" VALUES(9,1,9,NULL,'絵里',NULL,43639,NULL,NULL,NULL,248);
INSERT INTO "multi_unit_scenario_setting_m" VALUES(10,1,10,NULL,'希',NULL,43640,NULL,NULL,NULL,248);
INSERT INTO "multi_unit_scenario_setting_m" VALUES(11,1,11,NULL,'希',NULL,43641,NULL,NULL,NULL,248);
INSERT INTO "multi_unit_scenario_setting_m" VALUES(12,1,12,NULL,'絵里',NULL,43642,NULL,NULL,NULL,248);
INSERT INTO "multi_unit_scenario_setting_m" VALUES(13,1,13,NULL,'絵里',NULL,43643,NULL,NULL,NULL,248);
INSERT INTO "multi_unit_scenario_setting_m" VALUES(14,1,14,NULL,'希',NULL,43644,NULL,NULL,NULL,248);
INSERT INTO "multi_unit_scenario_setting_m" VALUES(15,1,15,NULL,'絵里',NULL,43645,NULL,NULL,NULL,248);
INSERT INTO "multi_unit_scenario_setting_m" VALUES(16,1,16,NULL,'希',NULL,43646,NULL,NULL,NULL,248);
INSERT INTO "multi_unit_scenario_setting_m" VALUES(17,1,17,NULL,'絵里',NULL,43647,NULL,NULL,NULL,248);
INSERT INTO "multi_unit_scenario_setting_m" VALUES(18,1,18,NULL,'希',NULL,43648,NULL,NULL,NULL,248);
INSERT INTO "multi_unit_scenario_setting_m" VALUES(19,1,19,NULL,'絵里',NULL,43649,NULL,NULL,NULL,248);
INSERT INTO "multi_unit_scenario_setting_m" VALUES(20,1,20,NULL,'希',NULL,43650,NULL,NULL,NULL,248);
INSERT INTO "multi_unit_scenario_setting_m" VALUES(21,1,21,NULL,'希',NULL,43651,NULL,NULL,NULL,248);
INSERT INTO "multi_unit_scenario_setting_m" VALUES(22,1,22,NULL,'絵里',NULL,43652,NULL,NULL,NULL,248);
INSERT INTO "multi_unit_scenario_setting_m" VALUES(23,1,23,NULL,'希',NULL,43653,NULL,NULL,NULL,248);
INSERT INTO "multi_unit_scenario_setting_m" VALUES(24,1,24,NULL,'絵里',NULL,43654,NULL,NULL,NULL,248);
INSERT INTO "multi_unit_scenario_setting_m" VALUES(25,1,25,NULL,'希',NULL,43655,NULL,NULL,NULL,248);
INSERT INTO "multi_unit_scenario_setting_m" VALUES(26,1,26,NULL,'絵里',NULL,43656,NULL,NULL,NULL,248);
INSERT INTO "multi_unit_scenario_setting_m" VALUES(27,1,27,NULL,'希',NULL,43657,NULL,NULL,NULL,248);
INSERT INTO "multi_unit_scenario_setting_m" VALUES(28,1,28,472,'絵里',5,43658,369,NULL,NULL,248);
INSERT INTO "multi_unit_scenario_setting_m" VALUES(29,1,29,NULL,'希',NULL,43659,NULL,NULL,NULL,248);
INSERT INTO "multi_unit_scenario_setting_m" VALUES(30,1,30,NULL,'絵里',NULL,43660,NULL,NULL,NULL,248);
INSERT INTO "multi_unit_scenario_setting_m" VALUES(31,1,31,NULL,'希',NULL,43661,NULL,NULL,NULL,248);
INSERT INTO "multi_unit_scenario_setting_m" VALUES(32,1,32,NULL,'絵里',NULL,43662,NULL,NULL,NULL,248);
INSERT INTO "multi_unit_scenario_setting_m" VALUES(33,1,33,NULL,'希',NULL,43663,NULL,NULL,NULL,248);
INSERT INTO "multi_unit_scenario_setting_m" VALUES(34,1,34,NULL,'絵里',NULL,43664,NULL,NULL,NULL,248);
INSERT INTO "multi_unit_scenario_setting_m" VALUES(35,1,35,NULL,'希',NULL,43665,NULL,NULL,NULL,248);
INSERT INTO "multi_unit_scenario_setting_m" VALUES(36,1,36,NULL,'絵里',NULL,43666,NULL,NULL,NULL,248);
INSERT INTO "multi_unit_scenario_setting_m" VALUES(37,1,37,81,'絵里',5,43667,NULL,NULL,NULL,248);
INSERT INTO "multi_unit_scenario_setting_m" VALUES(38,1,38,NULL,'希',NULL,43668,NULL,NULL,NULL,248);
INSERT INTO "multi_unit_scenario_setting_m" VALUES(39,1,39,NULL,'絵里',NULL,43669,NULL,NULL,NULL,248);
INSERT INTO "multi_unit_scenario_setting_m" VALUES(40,1,40,NULL,'希',NULL,43670,NULL,NULL,NULL,248);
INSERT INTO "multi_unit_scenario_setting_m" VALUES(41,1,41,NULL,'絵里',NULL,43671,NULL,NULL,NULL,248);
INSERT INTO "multi_unit_scenario_setting_m" VALUES(42,1,42,NULL,'絵里',NULL,43672,NULL,NULL,NULL,248);
INSERT INTO "multi_unit_scenario_setting_m" VALUES(43,1,43,82,'絵里',1,43673,NULL,NULL,NULL,248);
INSERT INTO "multi_unit_scenario_setting_m" VALUES(44,1,44,NULL,'希',NULL,43674,NULL,NULL,NULL,248);
INSERT INTO "multi_unit_scenario_setting_m" VALUES(45,1,45,NULL,'希',NULL,43675,NULL,NULL,NULL,248);
INSERT INTO "multi_unit_scenario_setting_m" VALUES(46,1,46,NULL,'絵里',NULL,43676,NULL,NULL,NULL,248);
INSERT INTO "multi_unit_scenario_setting_m" VALUES(47,1,47,NULL,'希',1,43677,NULL,NULL,NULL,248);
INSERT INTO "multi_unit_scenario_setting_m" VALUES(48,1,48,NULL,'絵里',NULL,43678,NULL,NULL,NULL,248);
INSERT INTO "multi_unit_scenario_setting_m" VALUES(49,1,49,NULL,'希',NULL,43679,NULL,NULL,NULL,248);
INSERT INTO "multi_unit_scenario_setting_m" VALUES(50,1,50,NULL,'絵里',NULL,43680,NULL,NULL,NULL,248);
INSERT INTO "multi_unit_scenario_setting_m" VALUES(51,1,51,NULL,'希',NULL,43681,NULL,NULL,NULL,248);
INSERT INTO "multi_unit_scenario_setting_m" VALUES(52,1,52,NULL,'絵里',NULL,43682,NULL,NULL,NULL,248);
INSERT INTO "multi_unit_scenario_setting_m" VALUES(53,1,53,NULL,'希',NULL,43683,NULL,NULL,NULL,248);
INSERT INTO "multi_unit_scenario_setting_m" VALUES(54,1,54,NULL,'絵里',NULL,43684,NULL,NULL,NULL,248);
INSERT INTO "multi_unit_scenario_setting_m" VALUES(55,1,55,NULL,'絵里',NULL,43685,NULL,NULL,NULL,248);
INSERT INTO "multi_unit_scenario_setting_m" VALUES(56,1,56,NULL,'希',NULL,43686,NULL,NULL,NULL,248);
INSERT INTO "multi_unit_scenario_setting_m" VALUES(57,1,57,NULL,'希',NULL,43687,NULL,NULL,NULL,248);
INSERT INTO "multi_unit_scenario_setting_m" VALUES(58,1,58,NULL,'希',NULL,43688,NULL,NULL,NULL,248);
INSERT INTO "multi_unit_scenario_setting_m" VALUES(59,1,59,NULL,'希',NULL,43689,NULL,NULL,NULL,248);
INSERT INTO "multi_unit_scenario_setting_m" VALUES(60,1,60,NULL,'絵里',NULL,43690,NULL,NULL,NULL,248);
INSERT INTO "multi_unit_scenario_setting_m" VALUES(61,1,61,NULL,'絵里',NULL,43691,NULL,NULL,NULL,248);
INSERT INTO "multi_unit_scenario_setting_m" VALUES(62,1,62,NULL,'絵里',NULL,43692,NULL,NULL,NULL,248);
INSERT INTO "multi_unit_scenario_setting_m" VALUES(63,1,63,NULL,'希',NULL,43693,NULL,NULL,NULL,248);
INSERT INTO "multi_unit_scenario_setting_m" VALUES(64,1,64,NULL,'希',NULL,43694,NULL,NULL,NULL,248);
INSERT INTO "multi_unit_scenario_setting_m" VALUES(65,1,65,206,'希',5,43695,NULL,NULL,NULL,248);
INSERT INTO "multi_unit_scenario_setting_m" VALUES(66,1,66,NULL,'希',NULL,43696,NULL,NULL,NULL,248);
INSERT INTO "multi_unit_scenario_setting_m" VALUES(67,1,67,NULL,'絵里',NULL,43697,NULL,NULL,NULL,248);
INSERT INTO "multi_unit_scenario_setting_m" VALUES(68,1,68,NULL,'希',NULL,43698,NULL,NULL,NULL,248);
INSERT INTO "multi_unit_scenario_setting_m" VALUES(69,1,69,473,'希',3,43699,NULL,NULL,NULL,248);
INSERT INTO "multi_unit_scenario_setting_m" VALUES(70,1,70,NULL,'絵里',NULL,43700,NULL,NULL,NULL,248);
INSERT INTO "multi_unit_scenario_setting_m" VALUES(71,1,71,NULL,'絵里',NULL,43701,NULL,NULL,NULL,248);
INSERT INTO "multi_unit_scenario_setting_m" VALUES(72,1,72,NULL,'絵里',NULL,43702,NULL,NULL,NULL,248);
INSERT INTO "multi_unit_scenario_setting_m" VALUES(73,1,73,NULL,'希',NULL,43703,NULL,NULL,NULL,248);
INSERT INTO "multi_unit_scenario_setting_m" VALUES(74,1,74,NULL,'絵里',NULL,43704,NULL,NULL,NULL,248);
INSERT INTO "multi_unit_scenario_setting_m" VALUES(75,1,75,NULL,'希',NULL,43705,NULL,NULL,NULL,248);
INSERT INTO "multi_unit_scenario_setting_m" VALUES(76,1,76,NULL,'希',NULL,43706,NULL,NULL,NULL,248);
INSERT INTO "multi_unit_scenario_setting_m" VALUES(77,2,1,77,'花丸',NULL,43707,NULL,NULL,NULL,248);
INSERT INTO "multi_unit_scenario_setting_m" VALUES(78,2,2,NULL,'善子',NULL,43708,NULL,NULL,NULL,248);
INSERT INTO "multi_unit_scenario_setting_m" VALUES(79,2,3,NULL,'花丸',NULL,43709,NULL,NULL,NULL,248);
INSERT INTO "multi_unit_scenario_setting_m" VALUES(80,2,4,NULL,'善子',NULL,43710,NULL,NULL,NULL,248);
INSERT INTO "multi_unit_scenario_setting_m" VALUES(81,2,5,NULL,'花丸',NULL,43711,NULL,NULL,NULL,248);
INSERT INTO "multi_unit_scenario_setting_m" VALUES(82,2,6,NULL,'善子',NULL,43712,NULL,NULL,NULL,248);
INSERT INTO "multi_unit_scenario_setting_m" VALUES(83,2,7,NULL,'花丸',NULL,43713,NULL,NULL,NULL,248);
INSERT INTO "multi_unit_scenario_setting_m" VALUES(84,2,8,NULL,'善子',NULL,43714,NULL,NULL,NULL,248);
INSERT INTO "multi_unit_scenario_setting_m" VALUES(85,2,9,NULL,'花丸',NULL,43715,NULL,NULL,NULL,248);
INSERT INTO "multi_unit_scenario_setting_m" VALUES(86,2,10,NULL,'善子',NULL,43716,NULL,NULL,NULL,248);
INSERT INTO "multi_unit_scenario_setting_m" VALUES(87,2,11,NULL,'花丸',NULL,43717,NULL,NULL,NULL,248);
INSERT INTO "multi_unit_scenario_setting_m" VALUES(88,2,12,NULL,'善子',NULL,43718,NULL,NULL,NULL,248);
INSERT INTO "multi_unit_scenario_setting_m" VALUES(89,2,13,NULL,'花丸',NULL,43719,NULL,NULL,NULL,248);
INSERT INTO "multi_unit_scenario_setting_m" VALUES(90,2,14,NULL,'善子',NULL,43720,NULL,NULL,NULL,248);
INSERT INTO "multi_unit_scenario_setting_m" VALUES(91,2,15,NULL,'花丸',NULL,43721,NULL,NULL,NULL,248);
INSERT INTO "multi_unit_scenario_setting_m" VALUES(92,2,16,NULL,'善子',NULL,43722,NULL,NULL,NULL,248);
INSERT INTO "multi_unit_scenario_setting_m" VALUES(93,2,17,NULL,'花丸',NULL,43723,NULL,NULL,NULL,248);
INSERT INTO "multi_unit_scenario_setting_m" VALUES(94,2,18,NULL,'善子',NULL,43724,NULL,NULL,NULL,248);
INSERT INTO "multi_unit_scenario_setting_m" VALUES(95,2,19,NULL,'花丸',NULL,43725,NULL,NULL,NULL,248);
INSERT INTO "multi_unit_scenario_setting_m" VALUES(96,2,20,NULL,'善子',NULL,43726,NULL,NULL,NULL,248);
INSERT INTO "multi_unit_scenario_setting_m" VALUES(97,2,21,NULL,'花丸',1,43727,NULL,NULL,NULL,248);
INSERT INTO "multi_unit_scenario_setting_m" VALUES(98,2,22,NULL,'善子',NULL,43728,NULL,NULL,NULL,248);
INSERT INTO "multi_unit_scenario_setting_m" VALUES(99,2,23,NULL,'花丸',NULL,43729,NULL,NULL,NULL,248);
INSERT INTO "multi_unit_scenario_setting_m" VALUES(100,2,24,NULL,'善子',NULL,43730,NULL,NULL,NULL,248);
INSERT INTO "multi_unit_scenario_setting_m" VALUES(101,2,25,NULL,'花丸',NULL,43731,NULL,NULL,NULL,248);
INSERT INTO "multi_unit_scenario_setting_m" VALUES(102,2,26,466,'花丸',5,43732,NULL,NULL,NULL,248);
INSERT INTO "multi_unit_scenario_setting_m" VALUES(103,2,27,NULL,'善子',NULL,43733,NULL,NULL,NULL,248);
INSERT INTO "multi_unit_scenario_setting_m" VALUES(104,2,28,NULL,'花丸',NULL,43734,NULL,NULL,NULL,248);
INSERT INTO "multi_unit_scenario_setting_m" VALUES(105,2,29,NULL,'善子',NULL,43735,NULL,NULL,NULL,248);
INSERT INTO "multi_unit_scenario_setting_m" VALUES(106,2,30,NULL,'花丸',NULL,43736,NULL,NULL,NULL,248);
INSERT INTO "multi_unit_scenario_setting_m" VALUES(107,2,31,NULL,'花丸',NULL,43737,NULL,NULL,NULL,248);
INSERT INTO "multi_unit_scenario_setting_m" VALUES(108,2,32,NULL,'善子',NULL,43738,NULL,NULL,NULL,248);
INSERT INTO "multi_unit_scenario_setting_m" VALUES(109,2,33,NULL,'花丸',NULL,43739,NULL,NULL,NULL,248);
INSERT INTO "multi_unit_scenario_setting_m" VALUES(110,2,34,NULL,'善子',NULL,43740,NULL,NULL,NULL,248);
INSERT INTO "multi_unit_scenario_setting_m" VALUES(111,2,35,NULL,'花丸',NULL,43741,NULL,NULL,NULL,248);
INSERT INTO "multi_unit_scenario_setting_m" VALUES(112,2,36,NULL,'善子',NULL,43742,NULL,NULL,NULL,248);
INSERT INTO "multi_unit_scenario_setting_m" VALUES(113,2,37,NULL,'花丸',NULL,43743,NULL,NULL,NULL,248);
INSERT INTO "multi_unit_scenario_setting_m" VALUES(114,2,38,NULL,'善子',NULL,43744,NULL,NULL,NULL,248);
INSERT INTO "multi_unit_scenario_setting_m" VALUES(115,2,39,NULL,'花丸',NULL,43745,NULL,NULL,NULL,248);
INSERT INTO "multi_unit_scenario_setting_m" VALUES(116,2,40,NULL,'善子',NULL,43746,NULL,NULL,NULL,248);
INSERT INTO "multi_unit_scenario_setting_m" VALUES(117,2,41,NULL,'花丸',NULL,43747,NULL,NULL,NULL,248);
INSERT INTO "multi_unit_scenario_setting_m" VALUES(118,2,42,NULL,'善子',NULL,43748,NULL,NULL,NULL,248);
INSERT INTO "multi_unit_scenario_setting_m" VALUES(119,2,43,NULL,'花丸',NULL,43749,NULL,NULL,NULL,248);
INSERT INTO "multi_unit_scenario_setting_m" VALUES(120,2,44,NULL,'善子',NULL,43750,NULL,NULL,NULL,248);
INSERT INTO "multi_unit_scenario_setting_m" VALUES(121,2,45,NULL,'花丸',NULL,43751,NULL,NULL,NULL,248);
INSERT INTO "multi_unit_scenario_setting_m" VALUES(122,2,46,NULL,'善子',NULL,43752,NULL,NULL,NULL,248);
INSERT INTO "multi_unit_scenario_setting_m" VALUES(123,2,47,NULL,'花丸',NULL,43753,NULL,NULL,NULL,248);
INSERT INTO "multi_unit_scenario_setting_m" VALUES(124,2,48,NULL,'善子',NULL,43754,NULL,NULL,NULL,248);
INSERT INTO "multi_unit_scenario_setting_m" VALUES(125,2,49,NULL,'花丸',NULL,43755,NULL,NULL,NULL,248);
INSERT INTO "multi_unit_scenario_setting_m" VALUES(126,2,50,NULL,'善子,花丸',NULL,43756,NULL,NULL,NULL,248);
INSERT INTO "multi_unit_scenario_setting_m" VALUES(127,2,51,204,'善子',5,43757,NULL,NULL,NULL,248);
INSERT INTO "multi_unit_scenario_setting_m" VALUES(128,2,52,NULL,'花丸',NULL,43758,NULL,NULL,NULL,248);
INSERT INTO "multi_unit_scenario_setting_m" VALUES(129,2,53,NULL,'善子',NULL,43759,NULL,NULL,NULL,248);
INSERT INTO "multi_unit_scenario_setting_m" VALUES(130,2,54,NULL,'花丸',NULL,43760,NULL,NULL,NULL,248);
INSERT INTO "multi_unit_scenario_setting_m" VALUES(131,2,55,NULL,'善子',NULL,43761,NULL,NULL,NULL,248);
INSERT INTO "multi_unit_scenario_setting_m" VALUES(132,2,56,NULL,'花丸',NULL,43762,NULL,NULL,NULL,248);
INSERT INTO "multi_unit_scenario_setting_m" VALUES(133,2,57,474,'善子',3,43763,NULL,NULL,NULL,248);
INSERT INTO "multi_unit_scenario_setting_m" VALUES(134,2,58,NULL,'花丸',NULL,43764,NULL,NULL,NULL,248);
INSERT INTO "multi_unit_scenario_setting_m" VALUES(135,2,59,NULL,'善子',NULL,43765,NULL,NULL,NULL,248);
INSERT INTO "multi_unit_scenario_setting_m" VALUES(136,2,60,NULL,'花丸',NULL,43766,NULL,NULL,NULL,248);
INSERT INTO "multi_unit_scenario_setting_m" VALUES(137,2,61,NULL,'善子',NULL,43767,NULL,NULL,NULL,248);
INSERT INTO "multi_unit_scenario_setting_m" VALUES(138,2,62,NULL,'花丸',NULL,43768,NULL,NULL,NULL,248);
INSERT INTO "multi_unit_scenario_setting_m" VALUES(139,2,63,NULL,'善子',NULL,43769,NULL,NULL,NULL,248);
INSERT INTO "multi_unit_scenario_setting_m" VALUES(140,2,64,NULL,'花丸',NULL,43770,NULL,NULL,NULL,248);
INSERT INTO "multi_unit_scenario_setting_m" VALUES(141,2,65,NULL,'善子',NULL,43771,NULL,NULL,NULL,248);
INSERT INTO "multi_unit_scenario_setting_m" VALUES(142,2,66,NULL,'花丸',NULL,43772,NULL,NULL,NULL,248);
INSERT INTO "multi_unit_scenario_setting_m" VALUES(143,2,67,NULL,'善子',NULL,43773,NULL,NULL,NULL,248);
INSERT INTO "multi_unit_scenario_setting_m" VALUES(144,2,68,NULL,'花丸',NULL,43774,NULL,NULL,NULL,248);
INSERT INTO "multi_unit_scenario_setting_m" VALUES(145,2,69,NULL,'善子',NULL,43775,NULL,NULL,NULL,248);
INSERT INTO "multi_unit_scenario_setting_m" VALUES(146,2,70,NULL,'花丸',NULL,43776,NULL,NULL,NULL,248);
INSERT INTO "multi_unit_scenario_setting_m" VALUES(147,2,71,NULL,'善子',NULL,43777,NULL,NULL,NULL,248);
INSERT INTO "multi_unit_scenario_setting_m" VALUES(148,2,72,NULL,'花丸',NULL,43778,NULL,NULL,NULL,248);
INSERT INTO "multi_unit_scenario_setting_m" VALUES(149,2,73,NULL,'善子',NULL,43779,NULL,NULL,NULL,248);
INSERT INTO "multi_unit_scenario_setting_m" VALUES(150,2,74,NULL,'花丸',NULL,43780,NULL,NULL,NULL,248);
CREATE INDEX `idx_display_position` ON `multi_unit_scenario_setting_disp_m`(`multi_unit_scenario_setting_id`,`display_position`);
COMMIT;
