BEGIN TRANSACTION;
CREATE TABLE `exchange_nopoint_unit_m` (
    `unit_id` INTEGER NOT NULL,
    PRIMARY KEY (`unit_id`)
);
INSERT INTO "exchange_nopoint_unit_m" VALUES(28);
INSERT INTO "exchange_nopoint_unit_m" VALUES(29);
INSERT INTO "exchange_nopoint_unit_m" VALUES(30);
INSERT INTO "exchange_nopoint_unit_m" VALUES(70);
INSERT INTO "exchange_nopoint_unit_m" VALUES(73);
INSERT INTO "exchange_nopoint_unit_m" VALUES(86);
INSERT INTO "exchange_nopoint_unit_m" VALUES(87);
INSERT INTO "exchange_nopoint_unit_m" VALUES(89);
INSERT INTO "exchange_nopoint_unit_m" VALUES(97);
INSERT INTO "exchange_nopoint_unit_m" VALUES(98);
INSERT INTO "exchange_nopoint_unit_m" VALUES(114);
INSERT INTO "exchange_nopoint_unit_m" VALUES(115);
INSERT INTO "exchange_nopoint_unit_m" VALUES(116);
INSERT INTO "exchange_nopoint_unit_m" VALUES(117);
INSERT INTO "exchange_nopoint_unit_m" VALUES(118);
INSERT INTO "exchange_nopoint_unit_m" VALUES(119);
INSERT INTO "exchange_nopoint_unit_m" VALUES(120);
INSERT INTO "exchange_nopoint_unit_m" VALUES(121);
INSERT INTO "exchange_nopoint_unit_m" VALUES(122);
INSERT INTO "exchange_nopoint_unit_m" VALUES(123);
INSERT INTO "exchange_nopoint_unit_m" VALUES(124);
INSERT INTO "exchange_nopoint_unit_m" VALUES(125);
INSERT INTO "exchange_nopoint_unit_m" VALUES(140);
INSERT INTO "exchange_nopoint_unit_m" VALUES(141);
INSERT INTO "exchange_nopoint_unit_m" VALUES(142);
INSERT INTO "exchange_nopoint_unit_m" VALUES(159);
INSERT INTO "exchange_nopoint_unit_m" VALUES(160);
INSERT INTO "exchange_nopoint_unit_m" VALUES(181);
INSERT INTO "exchange_nopoint_unit_m" VALUES(204);
INSERT INTO "exchange_nopoint_unit_m" VALUES(217);
INSERT INTO "exchange_nopoint_unit_m" VALUES(225);
INSERT INTO "exchange_nopoint_unit_m" VALUES(226);
INSERT INTO "exchange_nopoint_unit_m" VALUES(227);
INSERT INTO "exchange_nopoint_unit_m" VALUES(228);
INSERT INTO "exchange_nopoint_unit_m" VALUES(229);
INSERT INTO "exchange_nopoint_unit_m" VALUES(230);
INSERT INTO "exchange_nopoint_unit_m" VALUES(231);
INSERT INTO "exchange_nopoint_unit_m" VALUES(232);
INSERT INTO "exchange_nopoint_unit_m" VALUES(233);
INSERT INTO "exchange_nopoint_unit_m" VALUES(234);
INSERT INTO "exchange_nopoint_unit_m" VALUES(235);
INSERT INTO "exchange_nopoint_unit_m" VALUES(236);
INSERT INTO "exchange_nopoint_unit_m" VALUES(237);
INSERT INTO "exchange_nopoint_unit_m" VALUES(238);
INSERT INTO "exchange_nopoint_unit_m" VALUES(239);
INSERT INTO "exchange_nopoint_unit_m" VALUES(240);
INSERT INTO "exchange_nopoint_unit_m" VALUES(241);
INSERT INTO "exchange_nopoint_unit_m" VALUES(242);
INSERT INTO "exchange_nopoint_unit_m" VALUES(243);
INSERT INTO "exchange_nopoint_unit_m" VALUES(250);
INSERT INTO "exchange_nopoint_unit_m" VALUES(275);
INSERT INTO "exchange_nopoint_unit_m" VALUES(276);
INSERT INTO "exchange_nopoint_unit_m" VALUES(299);
INSERT INTO "exchange_nopoint_unit_m" VALUES(300);
INSERT INTO "exchange_nopoint_unit_m" VALUES(301);
INSERT INTO "exchange_nopoint_unit_m" VALUES(302);
INSERT INTO "exchange_nopoint_unit_m" VALUES(303);
INSERT INTO "exchange_nopoint_unit_m" VALUES(304);
INSERT INTO "exchange_nopoint_unit_m" VALUES(305);
INSERT INTO "exchange_nopoint_unit_m" VALUES(306);
INSERT INTO "exchange_nopoint_unit_m" VALUES(307);
INSERT INTO "exchange_nopoint_unit_m" VALUES(333);
INSERT INTO "exchange_nopoint_unit_m" VALUES(350);
INSERT INTO "exchange_nopoint_unit_m" VALUES(351);
INSERT INTO "exchange_nopoint_unit_m" VALUES(352);
INSERT INTO "exchange_nopoint_unit_m" VALUES(361);
INSERT INTO "exchange_nopoint_unit_m" VALUES(362);
INSERT INTO "exchange_nopoint_unit_m" VALUES(368);
INSERT INTO "exchange_nopoint_unit_m" VALUES(369);
INSERT INTO "exchange_nopoint_unit_m" VALUES(372);
INSERT INTO "exchange_nopoint_unit_m" VALUES(379);
INSERT INTO "exchange_nopoint_unit_m" VALUES(380);
INSERT INTO "exchange_nopoint_unit_m" VALUES(381);
INSERT INTO "exchange_nopoint_unit_m" VALUES(382);
INSERT INTO "exchange_nopoint_unit_m" VALUES(383);
INSERT INTO "exchange_nopoint_unit_m" VALUES(384);
INSERT INTO "exchange_nopoint_unit_m" VALUES(385);
INSERT INTO "exchange_nopoint_unit_m" VALUES(386);
INSERT INTO "exchange_nopoint_unit_m" VALUES(387);
INSERT INTO "exchange_nopoint_unit_m" VALUES(388);
INSERT INTO "exchange_nopoint_unit_m" VALUES(389);
INSERT INTO "exchange_nopoint_unit_m" VALUES(390);
INSERT INTO "exchange_nopoint_unit_m" VALUES(400);
INSERT INTO "exchange_nopoint_unit_m" VALUES(401);
INSERT INTO "exchange_nopoint_unit_m" VALUES(402);
INSERT INTO "exchange_nopoint_unit_m" VALUES(418);
INSERT INTO "exchange_nopoint_unit_m" VALUES(419);
INSERT INTO "exchange_nopoint_unit_m" VALUES(426);
INSERT INTO "exchange_nopoint_unit_m" VALUES(445);
INSERT INTO "exchange_nopoint_unit_m" VALUES(446);
INSERT INTO "exchange_nopoint_unit_m" VALUES(447);
INSERT INTO "exchange_nopoint_unit_m" VALUES(448);
INSERT INTO "exchange_nopoint_unit_m" VALUES(449);
INSERT INTO "exchange_nopoint_unit_m" VALUES(450);
INSERT INTO "exchange_nopoint_unit_m" VALUES(464);
INSERT INTO "exchange_nopoint_unit_m" VALUES(465);
INSERT INTO "exchange_nopoint_unit_m" VALUES(468);
INSERT INTO "exchange_nopoint_unit_m" VALUES(469);
INSERT INTO "exchange_nopoint_unit_m" VALUES(470);
INSERT INTO "exchange_nopoint_unit_m" VALUES(484);
INSERT INTO "exchange_nopoint_unit_m" VALUES(487);
INSERT INTO "exchange_nopoint_unit_m" VALUES(488);
INSERT INTO "exchange_nopoint_unit_m" VALUES(489);
INSERT INTO "exchange_nopoint_unit_m" VALUES(490);
INSERT INTO "exchange_nopoint_unit_m" VALUES(491);
INSERT INTO "exchange_nopoint_unit_m" VALUES(492);
INSERT INTO "exchange_nopoint_unit_m" VALUES(515);
INSERT INTO "exchange_nopoint_unit_m" VALUES(516);
INSERT INTO "exchange_nopoint_unit_m" VALUES(517);
INSERT INTO "exchange_nopoint_unit_m" VALUES(518);
INSERT INTO "exchange_nopoint_unit_m" VALUES(519);
INSERT INTO "exchange_nopoint_unit_m" VALUES(520);
INSERT INTO "exchange_nopoint_unit_m" VALUES(521);
INSERT INTO "exchange_nopoint_unit_m" VALUES(522);
INSERT INTO "exchange_nopoint_unit_m" VALUES(523);
INSERT INTO "exchange_nopoint_unit_m" VALUES(541);
INSERT INTO "exchange_nopoint_unit_m" VALUES(542);
INSERT INTO "exchange_nopoint_unit_m" VALUES(543);
INSERT INTO "exchange_nopoint_unit_m" VALUES(557);
INSERT INTO "exchange_nopoint_unit_m" VALUES(586);
INSERT INTO "exchange_nopoint_unit_m" VALUES(595);
INSERT INTO "exchange_nopoint_unit_m" VALUES(596);
INSERT INTO "exchange_nopoint_unit_m" VALUES(597);
INSERT INTO "exchange_nopoint_unit_m" VALUES(605);
INSERT INTO "exchange_nopoint_unit_m" VALUES(613);
INSERT INTO "exchange_nopoint_unit_m" VALUES(614);
INSERT INTO "exchange_nopoint_unit_m" VALUES(615);
INSERT INTO "exchange_nopoint_unit_m" VALUES(616);
INSERT INTO "exchange_nopoint_unit_m" VALUES(617);
INSERT INTO "exchange_nopoint_unit_m" VALUES(618);
INSERT INTO "exchange_nopoint_unit_m" VALUES(619);
INSERT INTO "exchange_nopoint_unit_m" VALUES(620);
INSERT INTO "exchange_nopoint_unit_m" VALUES(621);
INSERT INTO "exchange_nopoint_unit_m" VALUES(623);
INSERT INTO "exchange_nopoint_unit_m" VALUES(624);
INSERT INTO "exchange_nopoint_unit_m" VALUES(625);
INSERT INTO "exchange_nopoint_unit_m" VALUES(626);
INSERT INTO "exchange_nopoint_unit_m" VALUES(627);
INSERT INTO "exchange_nopoint_unit_m" VALUES(628);
INSERT INTO "exchange_nopoint_unit_m" VALUES(629);
INSERT INTO "exchange_nopoint_unit_m" VALUES(630);
INSERT INTO "exchange_nopoint_unit_m" VALUES(631);
INSERT INTO "exchange_nopoint_unit_m" VALUES(632);
INSERT INTO "exchange_nopoint_unit_m" VALUES(655);
INSERT INTO "exchange_nopoint_unit_m" VALUES(671);
INSERT INTO "exchange_nopoint_unit_m" VALUES(694);
INSERT INTO "exchange_nopoint_unit_m" VALUES(697);
INSERT INTO "exchange_nopoint_unit_m" VALUES(713);
INSERT INTO "exchange_nopoint_unit_m" VALUES(714);
INSERT INTO "exchange_nopoint_unit_m" VALUES(715);
INSERT INTO "exchange_nopoint_unit_m" VALUES(716);
INSERT INTO "exchange_nopoint_unit_m" VALUES(717);
INSERT INTO "exchange_nopoint_unit_m" VALUES(718);
INSERT INTO "exchange_nopoint_unit_m" VALUES(719);
INSERT INTO "exchange_nopoint_unit_m" VALUES(720);
INSERT INTO "exchange_nopoint_unit_m" VALUES(721);
INSERT INTO "exchange_nopoint_unit_m" VALUES(722);
INSERT INTO "exchange_nopoint_unit_m" VALUES(738);
INSERT INTO "exchange_nopoint_unit_m" VALUES(739);
INSERT INTO "exchange_nopoint_unit_m" VALUES(740);
INSERT INTO "exchange_nopoint_unit_m" VALUES(749);
INSERT INTO "exchange_nopoint_unit_m" VALUES(766);
INSERT INTO "exchange_nopoint_unit_m" VALUES(767);
INSERT INTO "exchange_nopoint_unit_m" VALUES(768);
INSERT INTO "exchange_nopoint_unit_m" VALUES(784);
INSERT INTO "exchange_nopoint_unit_m" VALUES(785);
INSERT INTO "exchange_nopoint_unit_m" VALUES(786);
INSERT INTO "exchange_nopoint_unit_m" VALUES(804);
INSERT INTO "exchange_nopoint_unit_m" VALUES(805);
INSERT INTO "exchange_nopoint_unit_m" VALUES(806);
INSERT INTO "exchange_nopoint_unit_m" VALUES(807);
INSERT INTO "exchange_nopoint_unit_m" VALUES(808);
INSERT INTO "exchange_nopoint_unit_m" VALUES(809);
INSERT INTO "exchange_nopoint_unit_m" VALUES(810);
INSERT INTO "exchange_nopoint_unit_m" VALUES(811);
INSERT INTO "exchange_nopoint_unit_m" VALUES(812);
INSERT INTO "exchange_nopoint_unit_m" VALUES(820);
INSERT INTO "exchange_nopoint_unit_m" VALUES(827);
INSERT INTO "exchange_nopoint_unit_m" VALUES(828);
INSERT INTO "exchange_nopoint_unit_m" VALUES(829);
INSERT INTO "exchange_nopoint_unit_m" VALUES(830);
INSERT INTO "exchange_nopoint_unit_m" VALUES(831);
INSERT INTO "exchange_nopoint_unit_m" VALUES(832);
INSERT INTO "exchange_nopoint_unit_m" VALUES(833);
INSERT INTO "exchange_nopoint_unit_m" VALUES(834);
INSERT INTO "exchange_nopoint_unit_m" VALUES(835);
INSERT INTO "exchange_nopoint_unit_m" VALUES(843);
INSERT INTO "exchange_nopoint_unit_m" VALUES(844);
INSERT INTO "exchange_nopoint_unit_m" VALUES(845);
INSERT INTO "exchange_nopoint_unit_m" VALUES(848);
INSERT INTO "exchange_nopoint_unit_m" VALUES(855);
INSERT INTO "exchange_nopoint_unit_m" VALUES(856);
INSERT INTO "exchange_nopoint_unit_m" VALUES(857);
INSERT INTO "exchange_nopoint_unit_m" VALUES(867);
INSERT INTO "exchange_nopoint_unit_m" VALUES(874);
INSERT INTO "exchange_nopoint_unit_m" VALUES(875);
INSERT INTO "exchange_nopoint_unit_m" VALUES(876);
INSERT INTO "exchange_nopoint_unit_m" VALUES(892);
INSERT INTO "exchange_nopoint_unit_m" VALUES(893);
INSERT INTO "exchange_nopoint_unit_m" VALUES(894);
INSERT INTO "exchange_nopoint_unit_m" VALUES(993);
INSERT INTO "exchange_nopoint_unit_m" VALUES(1024);
INSERT INTO "exchange_nopoint_unit_m" VALUES(1049);
INSERT INTO "exchange_nopoint_unit_m" VALUES(1050);
INSERT INTO "exchange_nopoint_unit_m" VALUES(1056);
INSERT INTO "exchange_nopoint_unit_m" VALUES(1057);
INSERT INTO "exchange_nopoint_unit_m" VALUES(1072);
INSERT INTO "exchange_nopoint_unit_m" VALUES(1084);
INSERT INTO "exchange_nopoint_unit_m" VALUES(1085);
INSERT INTO "exchange_nopoint_unit_m" VALUES(1142);
INSERT INTO "exchange_nopoint_unit_m" VALUES(1170);
INSERT INTO "exchange_nopoint_unit_m" VALUES(1231);
INSERT INTO "exchange_nopoint_unit_m" VALUES(1243);
INSERT INTO "exchange_nopoint_unit_m" VALUES(1244);
INSERT INTO "exchange_nopoint_unit_m" VALUES(1245);
INSERT INTO "exchange_nopoint_unit_m" VALUES(1246);
INSERT INTO "exchange_nopoint_unit_m" VALUES(1247);
INSERT INTO "exchange_nopoint_unit_m" VALUES(1248);
INSERT INTO "exchange_nopoint_unit_m" VALUES(1249);
INSERT INTO "exchange_nopoint_unit_m" VALUES(1250);
INSERT INTO "exchange_nopoint_unit_m" VALUES(1251);
INSERT INTO "exchange_nopoint_unit_m" VALUES(1354);
INSERT INTO "exchange_nopoint_unit_m" VALUES(1355);
INSERT INTO "exchange_nopoint_unit_m" VALUES(1356);
INSERT INTO "exchange_nopoint_unit_m" VALUES(1357);
INSERT INTO "exchange_nopoint_unit_m" VALUES(1358);
INSERT INTO "exchange_nopoint_unit_m" VALUES(1359);
INSERT INTO "exchange_nopoint_unit_m" VALUES(1390);
INSERT INTO "exchange_nopoint_unit_m" VALUES(1391);
INSERT INTO "exchange_nopoint_unit_m" VALUES(1400);
INSERT INTO "exchange_nopoint_unit_m" VALUES(1401);
INSERT INTO "exchange_nopoint_unit_m" VALUES(1402);
INSERT INTO "exchange_nopoint_unit_m" VALUES(1403);
INSERT INTO "exchange_nopoint_unit_m" VALUES(1404);
INSERT INTO "exchange_nopoint_unit_m" VALUES(1405);
INSERT INTO "exchange_nopoint_unit_m" VALUES(1406);
INSERT INTO "exchange_nopoint_unit_m" VALUES(1407);
INSERT INTO "exchange_nopoint_unit_m" VALUES(1408);
INSERT INTO "exchange_nopoint_unit_m" VALUES(1409);
INSERT INTO "exchange_nopoint_unit_m" VALUES(1410);
INSERT INTO "exchange_nopoint_unit_m" VALUES(1411);
INSERT INTO "exchange_nopoint_unit_m" VALUES(1479);
INSERT INTO "exchange_nopoint_unit_m" VALUES(1486);
INSERT INTO "exchange_nopoint_unit_m" VALUES(1487);
INSERT INTO "exchange_nopoint_unit_m" VALUES(1488);
INSERT INTO "exchange_nopoint_unit_m" VALUES(1498);
INSERT INTO "exchange_nopoint_unit_m" VALUES(1504);
INSERT INTO "exchange_nopoint_unit_m" VALUES(1505);
INSERT INTO "exchange_nopoint_unit_m" VALUES(1506);
INSERT INTO "exchange_nopoint_unit_m" VALUES(1507);
INSERT INTO "exchange_nopoint_unit_m" VALUES(1508);
INSERT INTO "exchange_nopoint_unit_m" VALUES(1509);
INSERT INTO "exchange_nopoint_unit_m" VALUES(1510);
INSERT INTO "exchange_nopoint_unit_m" VALUES(1511);
INSERT INTO "exchange_nopoint_unit_m" VALUES(1512);
INSERT INTO "exchange_nopoint_unit_m" VALUES(1527);
INSERT INTO "exchange_nopoint_unit_m" VALUES(1528);
INSERT INTO "exchange_nopoint_unit_m" VALUES(1529);
INSERT INTO "exchange_nopoint_unit_m" VALUES(1530);
INSERT INTO "exchange_nopoint_unit_m" VALUES(1531);
INSERT INTO "exchange_nopoint_unit_m" VALUES(1532);
INSERT INTO "exchange_nopoint_unit_m" VALUES(1533);
INSERT INTO "exchange_nopoint_unit_m" VALUES(1534);
INSERT INTO "exchange_nopoint_unit_m" VALUES(1535);
INSERT INTO "exchange_nopoint_unit_m" VALUES(1536);
INSERT INTO "exchange_nopoint_unit_m" VALUES(1537);
INSERT INTO "exchange_nopoint_unit_m" VALUES(1538);
INSERT INTO "exchange_nopoint_unit_m" VALUES(1539);
INSERT INTO "exchange_nopoint_unit_m" VALUES(1540);
INSERT INTO "exchange_nopoint_unit_m" VALUES(1541);
INSERT INTO "exchange_nopoint_unit_m" VALUES(1542);
INSERT INTO "exchange_nopoint_unit_m" VALUES(1543);
INSERT INTO "exchange_nopoint_unit_m" VALUES(1544);
INSERT INTO "exchange_nopoint_unit_m" VALUES(1545);
INSERT INTO "exchange_nopoint_unit_m" VALUES(1546);
INSERT INTO "exchange_nopoint_unit_m" VALUES(1547);
INSERT INTO "exchange_nopoint_unit_m" VALUES(1571);
INSERT INTO "exchange_nopoint_unit_m" VALUES(1572);
INSERT INTO "exchange_nopoint_unit_m" VALUES(1579);
INSERT INTO "exchange_nopoint_unit_m" VALUES(1580);
INSERT INTO "exchange_nopoint_unit_m" VALUES(1581);
INSERT INTO "exchange_nopoint_unit_m" VALUES(1582);
INSERT INTO "exchange_nopoint_unit_m" VALUES(1583);
INSERT INTO "exchange_nopoint_unit_m" VALUES(1584);
INSERT INTO "exchange_nopoint_unit_m" VALUES(1585);
INSERT INTO "exchange_nopoint_unit_m" VALUES(1597);
INSERT INTO "exchange_nopoint_unit_m" VALUES(1598);
INSERT INTO "exchange_nopoint_unit_m" VALUES(1599);
INSERT INTO "exchange_nopoint_unit_m" VALUES(1600);
INSERT INTO "exchange_nopoint_unit_m" VALUES(1601);
INSERT INTO "exchange_nopoint_unit_m" VALUES(1614);
INSERT INTO "exchange_nopoint_unit_m" VALUES(1615);
INSERT INTO "exchange_nopoint_unit_m" VALUES(1616);
INSERT INTO "exchange_nopoint_unit_m" VALUES(1617);
INSERT INTO "exchange_nopoint_unit_m" VALUES(1620);
INSERT INTO "exchange_nopoint_unit_m" VALUES(1621);
INSERT INTO "exchange_nopoint_unit_m" VALUES(1632);
INSERT INTO "exchange_nopoint_unit_m" VALUES(1633);
INSERT INTO "exchange_nopoint_unit_m" VALUES(1634);
INSERT INTO "exchange_nopoint_unit_m" VALUES(1635);
INSERT INTO "exchange_nopoint_unit_m" VALUES(1636);
INSERT INTO "exchange_nopoint_unit_m" VALUES(1637);
INSERT INTO "exchange_nopoint_unit_m" VALUES(1638);
INSERT INTO "exchange_nopoint_unit_m" VALUES(1639);
INSERT INTO "exchange_nopoint_unit_m" VALUES(1640);
INSERT INTO "exchange_nopoint_unit_m" VALUES(1641);
INSERT INTO "exchange_nopoint_unit_m" VALUES(1642);
INSERT INTO "exchange_nopoint_unit_m" VALUES(1650);
INSERT INTO "exchange_nopoint_unit_m" VALUES(1653);
INSERT INTO "exchange_nopoint_unit_m" VALUES(1654);
INSERT INTO "exchange_nopoint_unit_m" VALUES(1661);
INSERT INTO "exchange_nopoint_unit_m" VALUES(1664);
INSERT INTO "exchange_nopoint_unit_m" VALUES(1665);
INSERT INTO "exchange_nopoint_unit_m" VALUES(1673);
INSERT INTO "exchange_nopoint_unit_m" VALUES(1675);
INSERT INTO "exchange_nopoint_unit_m" VALUES(1678);
INSERT INTO "exchange_nopoint_unit_m" VALUES(1679);
INSERT INTO "exchange_nopoint_unit_m" VALUES(1680);
INSERT INTO "exchange_nopoint_unit_m" VALUES(1681);
INSERT INTO "exchange_nopoint_unit_m" VALUES(1682);
INSERT INTO "exchange_nopoint_unit_m" VALUES(1683);
INSERT INTO "exchange_nopoint_unit_m" VALUES(1684);
INSERT INTO "exchange_nopoint_unit_m" VALUES(1685);
INSERT INTO "exchange_nopoint_unit_m" VALUES(1686);
INSERT INTO "exchange_nopoint_unit_m" VALUES(1687);
INSERT INTO "exchange_nopoint_unit_m" VALUES(1688);
INSERT INTO "exchange_nopoint_unit_m" VALUES(1699);
INSERT INTO "exchange_nopoint_unit_m" VALUES(1700);
INSERT INTO "exchange_nopoint_unit_m" VALUES(1708);
INSERT INTO "exchange_nopoint_unit_m" VALUES(1709);
INSERT INTO "exchange_nopoint_unit_m" VALUES(1710);
INSERT INTO "exchange_nopoint_unit_m" VALUES(1711);
INSERT INTO "exchange_nopoint_unit_m" VALUES(1712);
INSERT INTO "exchange_nopoint_unit_m" VALUES(1713);
INSERT INTO "exchange_nopoint_unit_m" VALUES(1714);
INSERT INTO "exchange_nopoint_unit_m" VALUES(1715);
INSERT INTO "exchange_nopoint_unit_m" VALUES(1716);
INSERT INTO "exchange_nopoint_unit_m" VALUES(1717);
INSERT INTO "exchange_nopoint_unit_m" VALUES(1720);
INSERT INTO "exchange_nopoint_unit_m" VALUES(1721);
INSERT INTO "exchange_nopoint_unit_m" VALUES(1722);
INSERT INTO "exchange_nopoint_unit_m" VALUES(1726);
INSERT INTO "exchange_nopoint_unit_m" VALUES(1731);
INSERT INTO "exchange_nopoint_unit_m" VALUES(1734);
INSERT INTO "exchange_nopoint_unit_m" VALUES(1735);
INSERT INTO "exchange_nopoint_unit_m" VALUES(1736);
INSERT INTO "exchange_nopoint_unit_m" VALUES(1744);
INSERT INTO "exchange_nopoint_unit_m" VALUES(1747);
INSERT INTO "exchange_nopoint_unit_m" VALUES(1748);
INSERT INTO "exchange_nopoint_unit_m" VALUES(1749);
INSERT INTO "exchange_nopoint_unit_m" VALUES(1750);
INSERT INTO "exchange_nopoint_unit_m" VALUES(1751);
INSERT INTO "exchange_nopoint_unit_m" VALUES(1752);
INSERT INTO "exchange_nopoint_unit_m" VALUES(1753);
INSERT INTO "exchange_nopoint_unit_m" VALUES(1754);
INSERT INTO "exchange_nopoint_unit_m" VALUES(1755);
INSERT INTO "exchange_nopoint_unit_m" VALUES(1756);
INSERT INTO "exchange_nopoint_unit_m" VALUES(1757);
INSERT INTO "exchange_nopoint_unit_m" VALUES(1758);
INSERT INTO "exchange_nopoint_unit_m" VALUES(1762);
INSERT INTO "exchange_nopoint_unit_m" VALUES(1767);
INSERT INTO "exchange_nopoint_unit_m" VALUES(1768);
INSERT INTO "exchange_nopoint_unit_m" VALUES(1772);
INSERT INTO "exchange_nopoint_unit_m" VALUES(1773);
INSERT INTO "exchange_nopoint_unit_m" VALUES(1774);
INSERT INTO "exchange_nopoint_unit_m" VALUES(1783);
INSERT INTO "exchange_nopoint_unit_m" VALUES(1786);
INSERT INTO "exchange_nopoint_unit_m" VALUES(1787);
INSERT INTO "exchange_nopoint_unit_m" VALUES(1796);
INSERT INTO "exchange_nopoint_unit_m" VALUES(1797);
INSERT INTO "exchange_nopoint_unit_m" VALUES(1798);
INSERT INTO "exchange_nopoint_unit_m" VALUES(1799);
INSERT INTO "exchange_nopoint_unit_m" VALUES(1800);
INSERT INTO "exchange_nopoint_unit_m" VALUES(1801);
INSERT INTO "exchange_nopoint_unit_m" VALUES(1802);
INSERT INTO "exchange_nopoint_unit_m" VALUES(1803);
INSERT INTO "exchange_nopoint_unit_m" VALUES(1804);
INSERT INTO "exchange_nopoint_unit_m" VALUES(1805);
INSERT INTO "exchange_nopoint_unit_m" VALUES(1806);
INSERT INTO "exchange_nopoint_unit_m" VALUES(1816);
INSERT INTO "exchange_nopoint_unit_m" VALUES(1817);
INSERT INTO "exchange_nopoint_unit_m" VALUES(1818);
INSERT INTO "exchange_nopoint_unit_m" VALUES(1819);
INSERT INTO "exchange_nopoint_unit_m" VALUES(1820);
INSERT INTO "exchange_nopoint_unit_m" VALUES(1821);
INSERT INTO "exchange_nopoint_unit_m" VALUES(1822);
INSERT INTO "exchange_nopoint_unit_m" VALUES(1823);
INSERT INTO "exchange_nopoint_unit_m" VALUES(1824);
INSERT INTO "exchange_nopoint_unit_m" VALUES(1825);
INSERT INTO "exchange_nopoint_unit_m" VALUES(1826);
INSERT INTO "exchange_nopoint_unit_m" VALUES(1839);
INSERT INTO "exchange_nopoint_unit_m" VALUES(1840);
INSERT INTO "exchange_nopoint_unit_m" VALUES(1851);
INSERT INTO "exchange_nopoint_unit_m" VALUES(1852);
INSERT INTO "exchange_nopoint_unit_m" VALUES(1853);
INSERT INTO "exchange_nopoint_unit_m" VALUES(1854);
INSERT INTO "exchange_nopoint_unit_m" VALUES(1855);
INSERT INTO "exchange_nopoint_unit_m" VALUES(1856);
INSERT INTO "exchange_nopoint_unit_m" VALUES(1857);
INSERT INTO "exchange_nopoint_unit_m" VALUES(1858);
INSERT INTO "exchange_nopoint_unit_m" VALUES(1859);
INSERT INTO "exchange_nopoint_unit_m" VALUES(1860);
INSERT INTO "exchange_nopoint_unit_m" VALUES(1863);
INSERT INTO "exchange_nopoint_unit_m" VALUES(1864);
INSERT INTO "exchange_nopoint_unit_m" VALUES(1868);
INSERT INTO "exchange_nopoint_unit_m" VALUES(1869);
INSERT INTO "exchange_nopoint_unit_m" VALUES(1870);
INSERT INTO "exchange_nopoint_unit_m" VALUES(1871);
INSERT INTO "exchange_nopoint_unit_m" VALUES(1872);
INSERT INTO "exchange_nopoint_unit_m" VALUES(1873);
INSERT INTO "exchange_nopoint_unit_m" VALUES(1874);
INSERT INTO "exchange_nopoint_unit_m" VALUES(1875);
INSERT INTO "exchange_nopoint_unit_m" VALUES(1876);
INSERT INTO "exchange_nopoint_unit_m" VALUES(1884);
INSERT INTO "exchange_nopoint_unit_m" VALUES(1887);
INSERT INTO "exchange_nopoint_unit_m" VALUES(1888);
INSERT INTO "exchange_nopoint_unit_m" VALUES(1889);
INSERT INTO "exchange_nopoint_unit_m" VALUES(1890);
INSERT INTO "exchange_nopoint_unit_m" VALUES(1891);
INSERT INTO "exchange_nopoint_unit_m" VALUES(1892);
INSERT INTO "exchange_nopoint_unit_m" VALUES(1893);
INSERT INTO "exchange_nopoint_unit_m" VALUES(1894);
INSERT INTO "exchange_nopoint_unit_m" VALUES(1895);
INSERT INTO "exchange_nopoint_unit_m" VALUES(1896);
INSERT INTO "exchange_nopoint_unit_m" VALUES(1897);
INSERT INTO "exchange_nopoint_unit_m" VALUES(1907);
INSERT INTO "exchange_nopoint_unit_m" VALUES(1908);
INSERT INTO "exchange_nopoint_unit_m" VALUES(1909);
INSERT INTO "exchange_nopoint_unit_m" VALUES(1917);
INSERT INTO "exchange_nopoint_unit_m" VALUES(1918);
INSERT INTO "exchange_nopoint_unit_m" VALUES(1919);
INSERT INTO "exchange_nopoint_unit_m" VALUES(1920);
INSERT INTO "exchange_nopoint_unit_m" VALUES(1921);
INSERT INTO "exchange_nopoint_unit_m" VALUES(1922);
INSERT INTO "exchange_nopoint_unit_m" VALUES(1923);
INSERT INTO "exchange_nopoint_unit_m" VALUES(1924);
INSERT INTO "exchange_nopoint_unit_m" VALUES(1925);
INSERT INTO "exchange_nopoint_unit_m" VALUES(1928);
INSERT INTO "exchange_nopoint_unit_m" VALUES(1929);
INSERT INTO "exchange_nopoint_unit_m" VALUES(1937);
INSERT INTO "exchange_nopoint_unit_m" VALUES(1940);
INSERT INTO "exchange_nopoint_unit_m" VALUES(1941);
INSERT INTO "exchange_nopoint_unit_m" VALUES(1945);
INSERT INTO "exchange_nopoint_unit_m" VALUES(1950);
INSERT INTO "exchange_nopoint_unit_m" VALUES(1951);
INSERT INTO "exchange_nopoint_unit_m" VALUES(1954);
INSERT INTO "exchange_nopoint_unit_m" VALUES(1955);
INSERT INTO "exchange_nopoint_unit_m" VALUES(1959);
INSERT INTO "exchange_nopoint_unit_m" VALUES(1967);
INSERT INTO "exchange_nopoint_unit_m" VALUES(1968);
INSERT INTO "exchange_nopoint_unit_m" VALUES(1969);
INSERT INTO "exchange_nopoint_unit_m" VALUES(1970);
INSERT INTO "exchange_nopoint_unit_m" VALUES(1971);
INSERT INTO "exchange_nopoint_unit_m" VALUES(1972);
INSERT INTO "exchange_nopoint_unit_m" VALUES(1973);
INSERT INTO "exchange_nopoint_unit_m" VALUES(1974);
INSERT INTO "exchange_nopoint_unit_m" VALUES(1975);
INSERT INTO "exchange_nopoint_unit_m" VALUES(1976);
INSERT INTO "exchange_nopoint_unit_m" VALUES(1977);
INSERT INTO "exchange_nopoint_unit_m" VALUES(1978);
INSERT INTO "exchange_nopoint_unit_m" VALUES(1979);
INSERT INTO "exchange_nopoint_unit_m" VALUES(1980);
INSERT INTO "exchange_nopoint_unit_m" VALUES(1981);
INSERT INTO "exchange_nopoint_unit_m" VALUES(1982);
INSERT INTO "exchange_nopoint_unit_m" VALUES(1983);
INSERT INTO "exchange_nopoint_unit_m" VALUES(1984);
INSERT INTO "exchange_nopoint_unit_m" VALUES(1985);
INSERT INTO "exchange_nopoint_unit_m" VALUES(1986);
INSERT INTO "exchange_nopoint_unit_m" VALUES(1987);
INSERT INTO "exchange_nopoint_unit_m" VALUES(1990);
INSERT INTO "exchange_nopoint_unit_m" VALUES(1991);
INSERT INTO "exchange_nopoint_unit_m" VALUES(2003);
INSERT INTO "exchange_nopoint_unit_m" VALUES(2005);
INSERT INTO "exchange_nopoint_unit_m" VALUES(2008);
INSERT INTO "exchange_nopoint_unit_m" VALUES(2009);
INSERT INTO "exchange_nopoint_unit_m" VALUES(2015);
INSERT INTO "exchange_nopoint_unit_m" VALUES(2016);
INSERT INTO "exchange_nopoint_unit_m" VALUES(2024);
INSERT INTO "exchange_nopoint_unit_m" VALUES(2025);
INSERT INTO "exchange_nopoint_unit_m" VALUES(2037);
INSERT INTO "exchange_nopoint_unit_m" VALUES(2038);
INSERT INTO "exchange_nopoint_unit_m" VALUES(2042);
INSERT INTO "exchange_nopoint_unit_m" VALUES(2043);
INSERT INTO "exchange_nopoint_unit_m" VALUES(2044);
INSERT INTO "exchange_nopoint_unit_m" VALUES(2054);
INSERT INTO "exchange_nopoint_unit_m" VALUES(2055);
INSERT INTO "exchange_nopoint_unit_m" VALUES(2060);
INSERT INTO "exchange_nopoint_unit_m" VALUES(2065);
INSERT INTO "exchange_nopoint_unit_m" VALUES(2072);
INSERT INTO "exchange_nopoint_unit_m" VALUES(2073);
INSERT INTO "exchange_nopoint_unit_m" VALUES(2087);
INSERT INTO "exchange_nopoint_unit_m" VALUES(2096);
INSERT INTO "exchange_nopoint_unit_m" VALUES(2097);
INSERT INTO "exchange_nopoint_unit_m" VALUES(2098);
INSERT INTO "exchange_nopoint_unit_m" VALUES(2099);
INSERT INTO "exchange_nopoint_unit_m" VALUES(2100);
INSERT INTO "exchange_nopoint_unit_m" VALUES(2101);
INSERT INTO "exchange_nopoint_unit_m" VALUES(2102);
INSERT INTO "exchange_nopoint_unit_m" VALUES(2103);
INSERT INTO "exchange_nopoint_unit_m" VALUES(2104);
INSERT INTO "exchange_nopoint_unit_m" VALUES(2106);
INSERT INTO "exchange_nopoint_unit_m" VALUES(2172);
INSERT INTO "exchange_nopoint_unit_m" VALUES(2173);
INSERT INTO "exchange_nopoint_unit_m" VALUES(2174);
INSERT INTO "exchange_nopoint_unit_m" VALUES(2175);
INSERT INTO "exchange_nopoint_unit_m" VALUES(2176);
INSERT INTO "exchange_nopoint_unit_m" VALUES(2177);
INSERT INTO "exchange_nopoint_unit_m" VALUES(2178);
INSERT INTO "exchange_nopoint_unit_m" VALUES(2179);
INSERT INTO "exchange_nopoint_unit_m" VALUES(2180);
INSERT INTO "exchange_nopoint_unit_m" VALUES(2181);
INSERT INTO "exchange_nopoint_unit_m" VALUES(2227);
INSERT INTO "exchange_nopoint_unit_m" VALUES(2228);
INSERT INTO "exchange_nopoint_unit_m" VALUES(2275);
INSERT INTO "exchange_nopoint_unit_m" VALUES(2318);
CREATE TABLE `exchange_point_m` (
    `exchange_point_id` INTEGER NOT NULL,
    `name` TEXT NOT NULL,
    `small_asset` TEXT NOT NULL,
    `icon_asset` TEXT NOT NULL,
    `middle_asset` TEXT,
    `r_rank_up_point` INTEGER,
    `sr_rank_up_point` INTEGER,
    `ssr_rank_up_point` INTEGER,
    `ur_rank_up_point` INTEGER,
    `sort` INTEGER NOT NULL,
    `release_tag` TEXT, `_encryption_release_id` INTEGER NULL,
    PRIMARY KEY (`exchange_point_id`)
);
INSERT INTO "exchange_point_m" VALUES(2,'シール','assets/image/exchange_point/exchange_point_2_s.png','assets/image/exchange_point/exchange_point_2_x.png','assets/image/exchange_point/exchange_point_2_m.png',1,20,100,500,4,NULL,NULL);
INSERT INTO "exchange_point_m" VALUES(3,'Sシール','assets/image/exchange_point/exchange_point_3_s.png','assets/image/exchange_point/exchange_point_3_x.png','assets/image/exchange_point/exchange_point_3_m.png',NULL,1,5,25,3,NULL,NULL);
INSERT INTO "exchange_point_m" VALUES(4,'Uシール','assets/image/exchange_point/exchange_point_4_s.png','assets/image/exchange_point/exchange_point_4_x.png','assets/image/exchange_point/exchange_point_4_m.png',NULL,NULL,NULL,1,1,NULL,NULL);
INSERT INTO "exchange_point_m" VALUES(5,'SSシール','assets/image/exchange_point/exchange_point_5_s.png','assets/image/exchange_point/exchange_point_5_x.png','assets/image/exchange_point/exchange_point_5_m.png',NULL,NULL,1,5,2,NULL,NULL);
INSERT INTO "exchange_point_m" VALUES(10000,'ポイント','assets/image/exchange_point/exchange_point_10000_s.png','assets/image/exchange_point/exchange_point_10000_x.png','assets/image/exchange_point/exchange_point_10000_m.png',0,0,0,0,10000,NULL,NULL);
CREATE TABLE `exchange_ticket_m` (
    `exchange_ticket_id` INTEGER NOT NULL,
    `name` TEXT NOT NULL,
    `small_asset` TEXT,
    `middle_asset` TEXT,
    `large_asset` TEXT,
    `number_suffix` TEXT,
    `release_tag` TEXT, `_encryption_release_id` INTEGER NULL,
    PRIMARY KEY (`exchange_ticket_id`)
);
INSERT INTO "exchange_ticket_m" VALUES(1,'みとしーコラボ部員交換チケット','assets/image/exchange_ticket/ticket_01_s.png','assets/image/exchange_ticket/ticket_01_m.png',NULL,'枚',NULL,NULL);
INSERT INTO "exchange_ticket_m" VALUES(2,'スクフェスAC1周年称号交換チケット','assets/image/exchange_ticket/ticket_02_s.png','assets/image/exchange_ticket/ticket_02_m.png',NULL,'枚',NULL,NULL);
INSERT INTO "exchange_ticket_m" VALUES(3,'リアル脱出ゲームコラボ部員交換チケット','assets/image/exchange_ticket/ticket_03_s.png','assets/image/exchange_ticket/ticket_03_m.png',NULL,'枚',NULL,NULL);
INSERT INTO "exchange_ticket_m" VALUES(4,'Aqours 3rd LIVE開催記念部員交換チケット','assets/image/exchange_ticket/ticket_04_s.png','assets/image/exchange_ticket/ticket_04_m.png',NULL,'枚',NULL,NULL);
INSERT INTO "exchange_ticket_m" VALUES(5,'富士急コラボ部員交換チケット','assets/image/exchange_ticket/ticket_05_s.png','assets/image/exchange_ticket/ticket_05_m.png',NULL,'枚',NULL,NULL);
INSERT INTO "exchange_ticket_m" VALUES(6,'セガコラボ部員交換チケット','assets/image/exchange_ticket/ticket_06_s.png','assets/image/exchange_ticket/ticket_06_m.png',NULL,'枚',NULL,NULL);
INSERT INTO "exchange_ticket_m" VALUES(7,'μ''s巫女服部員交換チケット','assets/image/exchange_ticket/ticket_07_s.png','assets/image/exchange_ticket/ticket_07_m.png',NULL,'枚',NULL,NULL);
INSERT INTO "exchange_ticket_m" VALUES(8,'ぷちぐるコラボ称号交換チケット','assets/image/exchange_ticket/ticket_08_s.png','assets/image/exchange_ticket/ticket_08_m.png',NULL,'枚',NULL,NULL);
INSERT INTO "exchange_ticket_m" VALUES(9,'WORLDイメージガール交換チケット','assets/image/exchange_ticket/ticket_09_s.png','assets/image/exchange_ticket/ticket_09_m.png',NULL,'枚',NULL,NULL);
INSERT INTO "exchange_ticket_m" VALUES(10,'スクフェスAC Next Stage 部員交換チケット','assets/image/exchange_ticket/ticket_10_s.png','assets/image/exchange_ticket/ticket_10_m.png',NULL,'枚',NULL,NULL);
INSERT INTO "exchange_ticket_m" VALUES(11,'ACサポーター称号交換チケット（μ''s）','assets/image/exchange_ticket/ticket_11_s.png','assets/image/exchange_ticket/ticket_11_m.png',NULL,'枚',NULL,NULL);
INSERT INTO "exchange_ticket_m" VALUES(12,'ACサポーター称号交換チケット（Aqours）','assets/image/exchange_ticket/ticket_12_s.png','assets/image/exchange_ticket/ticket_12_m.png',NULL,'枚',NULL,NULL);
INSERT INTO "exchange_ticket_m" VALUES(13,'JOYSOUNDコラボ部員交換チケット','assets/image/exchange_ticket/ticket_13_s.png','assets/image/exchange_ticket/ticket_13_m.png',NULL,'枚',NULL,NULL);
INSERT INTO "exchange_ticket_m" VALUES(14,'Aqours劇場版公開記念部員交換チケット','assets/image/exchange_ticket/ticket_14_s.png','assets/image/exchange_ticket/ticket_14_m.png',NULL,'枚',NULL,NULL);
INSERT INTO "exchange_ticket_m" VALUES(15,'Saint Snow SSR部員交換チケット','assets/image/exchange_ticket/ticket_15_s.png','assets/image/exchange_ticket/ticket_15_m.png',NULL,'枚',NULL,NULL);
INSERT INTO "exchange_ticket_m" VALUES(16,'母の日記念交換チケット（μ''s）','assets/image/exchange_ticket/ticket_16_s.png','assets/image/exchange_ticket/ticket_16_m.png',NULL,'枚',NULL,NULL);
INSERT INTO "exchange_ticket_m" VALUES(17,'母の日記念交換チケット（Aqours）','assets/image/exchange_ticket/ticket_17_s.png','assets/image/exchange_ticket/ticket_17_m.png',NULL,'枚',NULL,NULL);
INSERT INTO "exchange_ticket_m" VALUES(18,'リアル脱出ゲームコラボ部員交換チケット[第2弾]','assets/image/exchange_ticket/ticket_18_s.png','assets/image/exchange_ticket/ticket_18_m.png',NULL,'枚',NULL,NULL);
INSERT INTO "exchange_ticket_m" VALUES(19,'スクスタ60日ログイン部員交換チケット','assets/image/exchange_ticket/ticket_19_s.png','assets/image/exchange_ticket/ticket_19_m.png',NULL,'枚',NULL,NULL);
CREATE TABLE `exchange_ticket_reward_m` (
    `exchange_ticket_reward_id` INTEGER NOT NULL,
    `exchange_ticket_id` INTEGER NOT NULL,
    `group_id` INTEGER NOT NULL,
    `add_type` INTEGER NOT NULL,
    `item_id` INTEGER NOT NULL,
    `item_category_id` INTEGER,
    `amount` INTEGER NOT NULL,
    `item_option` TEXT,
    `comment` TEXT,
    `release_tag` TEXT, `_encryption_release_id` INTEGER NULL,
    PRIMARY KEY (`exchange_ticket_reward_id`)
);
INSERT INTO "exchange_ticket_reward_m" VALUES(1,1,0,1001,1400,0,1,NULL,NULL,NULL,NULL);
INSERT INTO "exchange_ticket_reward_m" VALUES(2,1,0,1001,1401,0,1,NULL,NULL,NULL,NULL);
INSERT INTO "exchange_ticket_reward_m" VALUES(3,1,0,1001,1402,0,1,NULL,NULL,NULL,NULL);
INSERT INTO "exchange_ticket_reward_m" VALUES(4,1,0,1001,1403,0,1,NULL,NULL,NULL,NULL);
INSERT INTO "exchange_ticket_reward_m" VALUES(5,1,0,1001,1404,0,1,NULL,NULL,NULL,NULL);
INSERT INTO "exchange_ticket_reward_m" VALUES(6,1,0,1001,1405,0,1,NULL,NULL,NULL,NULL);
INSERT INTO "exchange_ticket_reward_m" VALUES(7,1,0,1001,1406,0,1,NULL,NULL,NULL,NULL);
INSERT INTO "exchange_ticket_reward_m" VALUES(8,1,0,1001,1407,0,1,NULL,NULL,NULL,NULL);
INSERT INTO "exchange_ticket_reward_m" VALUES(9,1,0,1001,1408,0,1,NULL,NULL,NULL,NULL);
INSERT INTO "exchange_ticket_reward_m" VALUES(10,2,0,5100,68,0,1,NULL,NULL,NULL,NULL);
INSERT INTO "exchange_ticket_reward_m" VALUES(11,2,0,5100,69,0,1,NULL,NULL,NULL,NULL);
INSERT INTO "exchange_ticket_reward_m" VALUES(12,2,0,5100,70,0,1,NULL,NULL,NULL,NULL);
INSERT INTO "exchange_ticket_reward_m" VALUES(13,2,0,5100,71,0,1,NULL,NULL,NULL,NULL);
INSERT INTO "exchange_ticket_reward_m" VALUES(14,2,0,5100,72,0,1,NULL,NULL,NULL,NULL);
INSERT INTO "exchange_ticket_reward_m" VALUES(15,2,0,5100,73,0,1,NULL,NULL,NULL,NULL);
INSERT INTO "exchange_ticket_reward_m" VALUES(16,2,0,5100,74,0,1,NULL,NULL,NULL,NULL);
INSERT INTO "exchange_ticket_reward_m" VALUES(17,2,0,5100,75,0,1,NULL,NULL,NULL,NULL);
INSERT INTO "exchange_ticket_reward_m" VALUES(18,2,0,5100,76,0,1,NULL,NULL,NULL,NULL);
INSERT INTO "exchange_ticket_reward_m" VALUES(19,3,0,1001,1504,0,1,'{"rank":2}',NULL,NULL,NULL);
INSERT INTO "exchange_ticket_reward_m" VALUES(20,3,0,1001,1505,0,1,'{"rank":2}',NULL,NULL,NULL);
INSERT INTO "exchange_ticket_reward_m" VALUES(21,3,0,1001,1506,0,1,'{"rank":2}',NULL,NULL,NULL);
INSERT INTO "exchange_ticket_reward_m" VALUES(22,3,0,1001,1507,0,1,'{"rank":2}',NULL,NULL,NULL);
INSERT INTO "exchange_ticket_reward_m" VALUES(23,3,0,1001,1508,0,1,'{"rank":2}',NULL,NULL,NULL);
INSERT INTO "exchange_ticket_reward_m" VALUES(24,3,0,1001,1509,0,1,'{"rank":2}',NULL,NULL,NULL);
INSERT INTO "exchange_ticket_reward_m" VALUES(25,3,0,1001,1510,0,1,'{"rank":2}',NULL,NULL,NULL);
INSERT INTO "exchange_ticket_reward_m" VALUES(26,3,0,1001,1511,0,1,'{"rank":2}',NULL,NULL,NULL);
INSERT INTO "exchange_ticket_reward_m" VALUES(27,3,0,1001,1512,0,1,'{"rank":2}',NULL,NULL,NULL);
INSERT INTO "exchange_ticket_reward_m" VALUES(28,4,0,1001,1634,0,1,'{"rank":2}',NULL,NULL,NULL);
INSERT INTO "exchange_ticket_reward_m" VALUES(29,4,0,1001,1635,0,1,'{"rank":2}',NULL,NULL,NULL);
INSERT INTO "exchange_ticket_reward_m" VALUES(30,4,0,1001,1636,0,1,'{"rank":2}',NULL,NULL,NULL);
INSERT INTO "exchange_ticket_reward_m" VALUES(31,4,0,1001,1637,0,1,'{"rank":2}',NULL,NULL,NULL);
INSERT INTO "exchange_ticket_reward_m" VALUES(32,4,0,1001,1638,0,1,'{"rank":2}',NULL,NULL,NULL);
INSERT INTO "exchange_ticket_reward_m" VALUES(33,4,0,1001,1639,0,1,'{"rank":2}',NULL,NULL,NULL);
INSERT INTO "exchange_ticket_reward_m" VALUES(34,4,0,1001,1640,0,1,'{"rank":2}',NULL,NULL,NULL);
INSERT INTO "exchange_ticket_reward_m" VALUES(35,4,0,1001,1641,0,1,'{"rank":2}',NULL,NULL,NULL);
INSERT INTO "exchange_ticket_reward_m" VALUES(36,4,0,1001,1642,0,1,'{"rank":2}',NULL,NULL,NULL);
INSERT INTO "exchange_ticket_reward_m" VALUES(37,5,0,1001,1680,0,1,'{"rank":2}',NULL,NULL,NULL);
INSERT INTO "exchange_ticket_reward_m" VALUES(38,5,0,1001,1681,0,1,'{"rank":2}',NULL,NULL,NULL);
INSERT INTO "exchange_ticket_reward_m" VALUES(39,5,0,1001,1682,0,1,'{"rank":2}',NULL,NULL,NULL);
INSERT INTO "exchange_ticket_reward_m" VALUES(40,5,0,1001,1683,0,1,'{"rank":2}',NULL,NULL,NULL);
INSERT INTO "exchange_ticket_reward_m" VALUES(41,5,0,1001,1684,0,1,'{"rank":2}',NULL,NULL,NULL);
INSERT INTO "exchange_ticket_reward_m" VALUES(42,5,0,1001,1685,0,1,'{"rank":2}',NULL,NULL,NULL);
INSERT INTO "exchange_ticket_reward_m" VALUES(43,5,0,1001,1686,0,1,'{"rank":2}',NULL,NULL,NULL);
INSERT INTO "exchange_ticket_reward_m" VALUES(44,5,0,1001,1687,0,1,'{"rank":2}',NULL,NULL,NULL);
INSERT INTO "exchange_ticket_reward_m" VALUES(45,5,0,1001,1688,0,1,'{"rank":2}',NULL,NULL,NULL);
INSERT INTO "exchange_ticket_reward_m" VALUES(46,6,0,1001,1708,0,1,'{"rank":2}',NULL,NULL,NULL);
INSERT INTO "exchange_ticket_reward_m" VALUES(47,6,0,1001,1709,0,1,'{"rank":2}',NULL,NULL,NULL);
INSERT INTO "exchange_ticket_reward_m" VALUES(48,6,0,1001,1710,0,1,'{"rank":2}',NULL,NULL,NULL);
INSERT INTO "exchange_ticket_reward_m" VALUES(49,6,0,1001,1711,0,1,'{"rank":2}',NULL,NULL,NULL);
INSERT INTO "exchange_ticket_reward_m" VALUES(50,6,0,1001,1712,0,1,'{"rank":2}',NULL,NULL,NULL);
INSERT INTO "exchange_ticket_reward_m" VALUES(51,6,0,1001,1713,0,1,'{"rank":2}',NULL,NULL,NULL);
INSERT INTO "exchange_ticket_reward_m" VALUES(52,6,0,1001,1714,0,1,'{"rank":2}',NULL,NULL,NULL);
INSERT INTO "exchange_ticket_reward_m" VALUES(53,6,0,1001,1715,0,1,'{"rank":2}',NULL,NULL,NULL);
INSERT INTO "exchange_ticket_reward_m" VALUES(54,6,0,1001,1716,0,1,'{"rank":2}',NULL,NULL,NULL);
INSERT INTO "exchange_ticket_reward_m" VALUES(55,7,0,1001,1749,0,1,'{"rank":2}',NULL,NULL,NULL);
INSERT INTO "exchange_ticket_reward_m" VALUES(56,7,0,1001,1750,0,1,'{"rank":2}',NULL,NULL,NULL);
INSERT INTO "exchange_ticket_reward_m" VALUES(57,7,0,1001,1751,0,1,'{"rank":2}',NULL,NULL,NULL);
INSERT INTO "exchange_ticket_reward_m" VALUES(58,7,0,1001,1752,0,1,'{"rank":2}',NULL,NULL,NULL);
INSERT INTO "exchange_ticket_reward_m" VALUES(59,7,0,1001,1753,0,1,'{"rank":2}',NULL,NULL,NULL);
INSERT INTO "exchange_ticket_reward_m" VALUES(60,7,0,1001,1754,0,1,'{"rank":2}',NULL,NULL,NULL);
INSERT INTO "exchange_ticket_reward_m" VALUES(61,7,0,1001,1755,0,1,'{"rank":2}',NULL,NULL,NULL);
INSERT INTO "exchange_ticket_reward_m" VALUES(62,7,0,1001,1756,0,1,'{"rank":2}',NULL,NULL,NULL);
INSERT INTO "exchange_ticket_reward_m" VALUES(63,7,0,1001,1757,0,1,'{"rank":2}',NULL,NULL,NULL);
INSERT INTO "exchange_ticket_reward_m" VALUES(64,8,0,5100,189,0,1,NULL,NULL,NULL,NULL);
INSERT INTO "exchange_ticket_reward_m" VALUES(65,8,0,5100,190,0,1,NULL,NULL,NULL,NULL);
INSERT INTO "exchange_ticket_reward_m" VALUES(66,8,0,5100,191,0,1,NULL,NULL,NULL,NULL);
INSERT INTO "exchange_ticket_reward_m" VALUES(67,8,0,5100,192,0,1,NULL,NULL,NULL,NULL);
INSERT INTO "exchange_ticket_reward_m" VALUES(68,8,0,5100,193,0,1,NULL,NULL,NULL,NULL);
INSERT INTO "exchange_ticket_reward_m" VALUES(69,8,0,5100,194,0,1,NULL,NULL,NULL,NULL);
INSERT INTO "exchange_ticket_reward_m" VALUES(70,8,0,5100,195,0,1,NULL,NULL,NULL,NULL);
INSERT INTO "exchange_ticket_reward_m" VALUES(71,8,0,5100,196,0,1,NULL,NULL,NULL,NULL);
INSERT INTO "exchange_ticket_reward_m" VALUES(72,8,0,5100,197,0,1,NULL,NULL,NULL,NULL);
INSERT INTO "exchange_ticket_reward_m" VALUES(73,8,0,5100,198,0,1,NULL,NULL,NULL,NULL);
INSERT INTO "exchange_ticket_reward_m" VALUES(74,8,0,5100,199,0,1,NULL,NULL,NULL,NULL);
INSERT INTO "exchange_ticket_reward_m" VALUES(75,8,0,5100,200,0,1,NULL,NULL,NULL,NULL);
INSERT INTO "exchange_ticket_reward_m" VALUES(76,8,0,5100,201,0,1,NULL,NULL,NULL,NULL);
INSERT INTO "exchange_ticket_reward_m" VALUES(77,8,0,5100,202,0,1,NULL,NULL,NULL,NULL);
INSERT INTO "exchange_ticket_reward_m" VALUES(78,8,0,5100,203,0,1,NULL,NULL,NULL,NULL);
INSERT INTO "exchange_ticket_reward_m" VALUES(79,8,0,5100,204,0,1,NULL,NULL,NULL,NULL);
INSERT INTO "exchange_ticket_reward_m" VALUES(80,8,0,5100,205,0,1,NULL,NULL,NULL,NULL);
INSERT INTO "exchange_ticket_reward_m" VALUES(81,8,0,5100,206,0,1,NULL,NULL,NULL,NULL);
INSERT INTO "exchange_ticket_reward_m" VALUES(82,9,0,1001,1243,0,1,'{"rank":2}',NULL,NULL,NULL);
INSERT INTO "exchange_ticket_reward_m" VALUES(83,9,0,1001,1244,0,1,'{"rank":2}',NULL,NULL,NULL);
INSERT INTO "exchange_ticket_reward_m" VALUES(84,9,0,1001,1245,0,1,'{"rank":2}',NULL,NULL,NULL);
INSERT INTO "exchange_ticket_reward_m" VALUES(85,9,0,1001,1246,0,1,'{"rank":2}',NULL,NULL,NULL);
INSERT INTO "exchange_ticket_reward_m" VALUES(86,9,0,1001,1247,0,1,'{"rank":2}',NULL,NULL,NULL);
INSERT INTO "exchange_ticket_reward_m" VALUES(87,9,0,1001,1248,0,1,'{"rank":2}',NULL,NULL,NULL);
INSERT INTO "exchange_ticket_reward_m" VALUES(88,9,0,1001,1249,0,1,'{"rank":2}',NULL,NULL,NULL);
INSERT INTO "exchange_ticket_reward_m" VALUES(89,9,0,1001,1250,0,1,'{"rank":2}',NULL,NULL,NULL);
INSERT INTO "exchange_ticket_reward_m" VALUES(90,9,0,1001,1251,0,1,'{"rank":2}',NULL,NULL,NULL);
INSERT INTO "exchange_ticket_reward_m" VALUES(91,10,0,1001,1818,0,1,'{"rank":2}',NULL,NULL,NULL);
INSERT INTO "exchange_ticket_reward_m" VALUES(92,10,0,1001,1819,0,1,'{"rank":2}',NULL,NULL,NULL);
INSERT INTO "exchange_ticket_reward_m" VALUES(93,10,0,1001,1820,0,1,'{"rank":2}',NULL,NULL,NULL);
INSERT INTO "exchange_ticket_reward_m" VALUES(94,10,0,1001,1821,0,1,'{"rank":2}',NULL,NULL,NULL);
INSERT INTO "exchange_ticket_reward_m" VALUES(95,10,0,1001,1822,0,1,'{"rank":2}',NULL,NULL,NULL);
INSERT INTO "exchange_ticket_reward_m" VALUES(96,10,0,1001,1823,0,1,'{"rank":2}',NULL,NULL,NULL);
INSERT INTO "exchange_ticket_reward_m" VALUES(97,10,0,1001,1824,0,1,'{"rank":2}',NULL,NULL,NULL);
INSERT INTO "exchange_ticket_reward_m" VALUES(98,10,0,1001,1825,0,1,'{"rank":2}',NULL,NULL,NULL);
INSERT INTO "exchange_ticket_reward_m" VALUES(99,10,0,1001,1826,0,1,'{"rank":2}',NULL,NULL,NULL);
INSERT INTO "exchange_ticket_reward_m" VALUES(100,11,0,5100,212,0,1,NULL,NULL,NULL,NULL);
INSERT INTO "exchange_ticket_reward_m" VALUES(101,11,0,5100,213,0,1,NULL,NULL,NULL,NULL);
INSERT INTO "exchange_ticket_reward_m" VALUES(102,11,0,5100,214,0,1,NULL,NULL,NULL,NULL);
INSERT INTO "exchange_ticket_reward_m" VALUES(103,11,0,5100,215,0,1,NULL,NULL,NULL,NULL);
INSERT INTO "exchange_ticket_reward_m" VALUES(104,11,0,5100,216,0,1,NULL,NULL,NULL,NULL);
INSERT INTO "exchange_ticket_reward_m" VALUES(105,11,0,5100,217,0,1,NULL,NULL,NULL,NULL);
INSERT INTO "exchange_ticket_reward_m" VALUES(106,11,0,5100,218,0,1,NULL,NULL,NULL,NULL);
INSERT INTO "exchange_ticket_reward_m" VALUES(107,11,0,5100,219,0,1,NULL,NULL,NULL,NULL);
INSERT INTO "exchange_ticket_reward_m" VALUES(108,11,0,5100,220,0,1,NULL,NULL,NULL,NULL);
INSERT INTO "exchange_ticket_reward_m" VALUES(109,12,0,5100,221,0,1,NULL,NULL,NULL,NULL);
INSERT INTO "exchange_ticket_reward_m" VALUES(110,12,0,5100,222,0,1,NULL,NULL,NULL,NULL);
INSERT INTO "exchange_ticket_reward_m" VALUES(111,12,0,5100,223,0,1,NULL,NULL,NULL,NULL);
INSERT INTO "exchange_ticket_reward_m" VALUES(112,12,0,5100,224,0,1,NULL,NULL,NULL,NULL);
INSERT INTO "exchange_ticket_reward_m" VALUES(113,12,0,5100,225,0,1,NULL,NULL,NULL,NULL);
INSERT INTO "exchange_ticket_reward_m" VALUES(114,12,0,5100,226,0,1,NULL,NULL,NULL,NULL);
INSERT INTO "exchange_ticket_reward_m" VALUES(115,12,0,5100,227,0,1,NULL,NULL,NULL,NULL);
INSERT INTO "exchange_ticket_reward_m" VALUES(116,12,0,5100,228,0,1,NULL,NULL,NULL,NULL);
INSERT INTO "exchange_ticket_reward_m" VALUES(117,12,0,5100,229,0,1,NULL,NULL,NULL,NULL);
INSERT INTO "exchange_ticket_reward_m" VALUES(118,13,0,1001,1868,0,1,NULL,NULL,NULL,NULL);
INSERT INTO "exchange_ticket_reward_m" VALUES(119,13,0,1001,1869,0,1,NULL,NULL,NULL,NULL);
INSERT INTO "exchange_ticket_reward_m" VALUES(120,13,0,1001,1870,0,1,NULL,NULL,NULL,NULL);
INSERT INTO "exchange_ticket_reward_m" VALUES(121,13,0,1001,1871,0,1,NULL,NULL,NULL,NULL);
INSERT INTO "exchange_ticket_reward_m" VALUES(122,13,0,1001,1872,0,1,NULL,NULL,NULL,NULL);
INSERT INTO "exchange_ticket_reward_m" VALUES(123,13,0,1001,1873,0,1,NULL,NULL,NULL,NULL);
INSERT INTO "exchange_ticket_reward_m" VALUES(124,13,0,1001,1874,0,1,NULL,NULL,NULL,NULL);
INSERT INTO "exchange_ticket_reward_m" VALUES(125,13,0,1001,1875,0,1,NULL,NULL,NULL,NULL);
INSERT INTO "exchange_ticket_reward_m" VALUES(126,13,0,1001,1876,0,1,NULL,NULL,NULL,NULL);
INSERT INTO "exchange_ticket_reward_m" VALUES(127,14,0,1001,1889,0,1,'{"rank":2}',NULL,NULL,NULL);
INSERT INTO "exchange_ticket_reward_m" VALUES(128,14,0,1001,1890,0,1,'{"rank":2}',NULL,NULL,NULL);
INSERT INTO "exchange_ticket_reward_m" VALUES(129,14,0,1001,1891,0,1,'{"rank":2}',NULL,NULL,NULL);
INSERT INTO "exchange_ticket_reward_m" VALUES(130,14,0,1001,1892,0,1,'{"rank":2}',NULL,NULL,NULL);
INSERT INTO "exchange_ticket_reward_m" VALUES(131,14,0,1001,1893,0,1,'{"rank":2}',NULL,NULL,NULL);
INSERT INTO "exchange_ticket_reward_m" VALUES(132,14,0,1001,1894,0,1,'{"rank":2}',NULL,NULL,NULL);
INSERT INTO "exchange_ticket_reward_m" VALUES(133,14,0,1001,1895,0,1,'{"rank":2}',NULL,NULL,NULL);
INSERT INTO "exchange_ticket_reward_m" VALUES(134,14,0,1001,1896,0,1,'{"rank":2}',NULL,NULL,NULL);
INSERT INTO "exchange_ticket_reward_m" VALUES(135,14,0,1001,1897,0,1,'{"rank":2}',NULL,NULL,NULL);
INSERT INTO "exchange_ticket_reward_m" VALUES(136,15,0,1001,1950,0,1,NULL,NULL,NULL,NULL);
INSERT INTO "exchange_ticket_reward_m" VALUES(137,15,0,1001,1951,0,1,NULL,NULL,NULL,NULL);
INSERT INTO "exchange_ticket_reward_m" VALUES(138,16,0,1001,390,0,1,NULL,NULL,NULL,NULL);
INSERT INTO "exchange_ticket_reward_m" VALUES(139,16,0,1001,388,0,1,NULL,NULL,NULL,NULL);
INSERT INTO "exchange_ticket_reward_m" VALUES(140,16,0,1001,389,0,1,NULL,NULL,NULL,NULL);
INSERT INTO "exchange_ticket_reward_m" VALUES(141,16,0,1001,387,0,1,NULL,NULL,NULL,NULL);
INSERT INTO "exchange_ticket_reward_m" VALUES(142,17,0,1001,1085,0,1,NULL,NULL,NULL,NULL);
INSERT INTO "exchange_ticket_reward_m" VALUES(143,17,0,1001,1359,0,1,NULL,NULL,NULL,NULL);
INSERT INTO "exchange_ticket_reward_m" VALUES(144,18,0,1001,2096,NULL,1,'{"rank":2}',NULL,NULL,NULL);
INSERT INTO "exchange_ticket_reward_m" VALUES(145,18,0,1001,2097,NULL,1,'{"rank":2}',NULL,NULL,NULL);
INSERT INTO "exchange_ticket_reward_m" VALUES(146,18,0,1001,2098,NULL,1,'{"rank":2}',NULL,NULL,NULL);
INSERT INTO "exchange_ticket_reward_m" VALUES(147,18,0,1001,2099,NULL,1,'{"rank":2}',NULL,NULL,NULL);
INSERT INTO "exchange_ticket_reward_m" VALUES(148,18,0,1001,2100,NULL,1,'{"rank":2}',NULL,NULL,NULL);
INSERT INTO "exchange_ticket_reward_m" VALUES(149,18,0,1001,2101,NULL,1,'{"rank":2}',NULL,NULL,NULL);
INSERT INTO "exchange_ticket_reward_m" VALUES(150,18,0,1001,2102,NULL,1,'{"rank":2}',NULL,NULL,NULL);
INSERT INTO "exchange_ticket_reward_m" VALUES(151,18,0,1001,2103,NULL,1,'{"rank":2}',NULL,NULL,NULL);
INSERT INTO "exchange_ticket_reward_m" VALUES(152,18,0,1001,2104,NULL,1,'{"rank":2}',NULL,NULL,NULL);
INSERT INTO "exchange_ticket_reward_m" VALUES(153,19,1,1001,2227,NULL,1,'{"rank":2}',NULL,NULL,NULL);
INSERT INTO "exchange_ticket_reward_m" VALUES(154,19,2,1001,2228,NULL,1,'{"rank":2}',NULL,NULL,NULL);
COMMIT;
