BEGIN TRANSACTION;
CREATE TABLE `exchange_nopoint_unit_m` (
    `unit_id` INTEGER NOT NULL,
    PRIMARY KEY (`unit_id`)
);
INSERT INTO "exchange_nopoint_unit_m" VALUES(28);
INSERT INTO "exchange_nopoint_unit_m" VALUES(29);
INSERT INTO "exchange_nopoint_unit_m" VALUES(30);
INSERT INTO "exchange_nopoint_unit_m" VALUES(70);
INSERT INTO "exchange_nopoint_unit_m" VALUES(73);
INSERT INTO "exchange_nopoint_unit_m" VALUES(86);
INSERT INTO "exchange_nopoint_unit_m" VALUES(87);
INSERT INTO "exchange_nopoint_unit_m" VALUES(89);
INSERT INTO "exchange_nopoint_unit_m" VALUES(97);
INSERT INTO "exchange_nopoint_unit_m" VALUES(98);
INSERT INTO "exchange_nopoint_unit_m" VALUES(114);
INSERT INTO "exchange_nopoint_unit_m" VALUES(115);
INSERT INTO "exchange_nopoint_unit_m" VALUES(116);
INSERT INTO "exchange_nopoint_unit_m" VALUES(117);
INSERT INTO "exchange_nopoint_unit_m" VALUES(118);
INSERT INTO "exchange_nopoint_unit_m" VALUES(119);
INSERT INTO "exchange_nopoint_unit_m" VALUES(120);
INSERT INTO "exchange_nopoint_unit_m" VALUES(121);
INSERT INTO "exchange_nopoint_unit_m" VALUES(122);
INSERT INTO "exchange_nopoint_unit_m" VALUES(123);
INSERT INTO "exchange_nopoint_unit_m" VALUES(124);
INSERT INTO "exchange_nopoint_unit_m" VALUES(125);
INSERT INTO "exchange_nopoint_unit_m" VALUES(140);
INSERT INTO "exchange_nopoint_unit_m" VALUES(141);
INSERT INTO "exchange_nopoint_unit_m" VALUES(142);
INSERT INTO "exchange_nopoint_unit_m" VALUES(159);
INSERT INTO "exchange_nopoint_unit_m" VALUES(160);
INSERT INTO "exchange_nopoint_unit_m" VALUES(181);
INSERT INTO "exchange_nopoint_unit_m" VALUES(204);
INSERT INTO "exchange_nopoint_unit_m" VALUES(217);
INSERT INTO "exchange_nopoint_unit_m" VALUES(225);
INSERT INTO "exchange_nopoint_unit_m" VALUES(226);
INSERT INTO "exchange_nopoint_unit_m" VALUES(227);
INSERT INTO "exchange_nopoint_unit_m" VALUES(228);
INSERT INTO "exchange_nopoint_unit_m" VALUES(229);
INSERT INTO "exchange_nopoint_unit_m" VALUES(230);
INSERT INTO "exchange_nopoint_unit_m" VALUES(231);
INSERT INTO "exchange_nopoint_unit_m" VALUES(232);
INSERT INTO "exchange_nopoint_unit_m" VALUES(233);
INSERT INTO "exchange_nopoint_unit_m" VALUES(234);
INSERT INTO "exchange_nopoint_unit_m" VALUES(235);
INSERT INTO "exchange_nopoint_unit_m" VALUES(236);
INSERT INTO "exchange_nopoint_unit_m" VALUES(237);
INSERT INTO "exchange_nopoint_unit_m" VALUES(238);
INSERT INTO "exchange_nopoint_unit_m" VALUES(239);
INSERT INTO "exchange_nopoint_unit_m" VALUES(240);
INSERT INTO "exchange_nopoint_unit_m" VALUES(241);
INSERT INTO "exchange_nopoint_unit_m" VALUES(242);
INSERT INTO "exchange_nopoint_unit_m" VALUES(243);
INSERT INTO "exchange_nopoint_unit_m" VALUES(250);
INSERT INTO "exchange_nopoint_unit_m" VALUES(275);
INSERT INTO "exchange_nopoint_unit_m" VALUES(276);
INSERT INTO "exchange_nopoint_unit_m" VALUES(299);
INSERT INTO "exchange_nopoint_unit_m" VALUES(300);
INSERT INTO "exchange_nopoint_unit_m" VALUES(301);
INSERT INTO "exchange_nopoint_unit_m" VALUES(302);
INSERT INTO "exchange_nopoint_unit_m" VALUES(303);
INSERT INTO "exchange_nopoint_unit_m" VALUES(304);
INSERT INTO "exchange_nopoint_unit_m" VALUES(305);
INSERT INTO "exchange_nopoint_unit_m" VALUES(306);
INSERT INTO "exchange_nopoint_unit_m" VALUES(307);
INSERT INTO "exchange_nopoint_unit_m" VALUES(333);
INSERT INTO "exchange_nopoint_unit_m" VALUES(350);
INSERT INTO "exchange_nopoint_unit_m" VALUES(351);
INSERT INTO "exchange_nopoint_unit_m" VALUES(352);
INSERT INTO "exchange_nopoint_unit_m" VALUES(361);
INSERT INTO "exchange_nopoint_unit_m" VALUES(362);
INSERT INTO "exchange_nopoint_unit_m" VALUES(368);
INSERT INTO "exchange_nopoint_unit_m" VALUES(369);
INSERT INTO "exchange_nopoint_unit_m" VALUES(372);
INSERT INTO "exchange_nopoint_unit_m" VALUES(379);
INSERT INTO "exchange_nopoint_unit_m" VALUES(380);
INSERT INTO "exchange_nopoint_unit_m" VALUES(381);
INSERT INTO "exchange_nopoint_unit_m" VALUES(382);
INSERT INTO "exchange_nopoint_unit_m" VALUES(383);
INSERT INTO "exchange_nopoint_unit_m" VALUES(384);
INSERT INTO "exchange_nopoint_unit_m" VALUES(385);
INSERT INTO "exchange_nopoint_unit_m" VALUES(386);
INSERT INTO "exchange_nopoint_unit_m" VALUES(387);
INSERT INTO "exchange_nopoint_unit_m" VALUES(388);
INSERT INTO "exchange_nopoint_unit_m" VALUES(389);
INSERT INTO "exchange_nopoint_unit_m" VALUES(390);
INSERT INTO "exchange_nopoint_unit_m" VALUES(400);
INSERT INTO "exchange_nopoint_unit_m" VALUES(401);
INSERT INTO "exchange_nopoint_unit_m" VALUES(402);
INSERT INTO "exchange_nopoint_unit_m" VALUES(418);
INSERT INTO "exchange_nopoint_unit_m" VALUES(419);
INSERT INTO "exchange_nopoint_unit_m" VALUES(426);
INSERT INTO "exchange_nopoint_unit_m" VALUES(445);
INSERT INTO "exchange_nopoint_unit_m" VALUES(446);
INSERT INTO "exchange_nopoint_unit_m" VALUES(447);
INSERT INTO "exchange_nopoint_unit_m" VALUES(448);
INSERT INTO "exchange_nopoint_unit_m" VALUES(449);
INSERT INTO "exchange_nopoint_unit_m" VALUES(450);
INSERT INTO "exchange_nopoint_unit_m" VALUES(464);
INSERT INTO "exchange_nopoint_unit_m" VALUES(465);
INSERT INTO "exchange_nopoint_unit_m" VALUES(468);
INSERT INTO "exchange_nopoint_unit_m" VALUES(469);
INSERT INTO "exchange_nopoint_unit_m" VALUES(470);
INSERT INTO "exchange_nopoint_unit_m" VALUES(484);
INSERT INTO "exchange_nopoint_unit_m" VALUES(487);
INSERT INTO "exchange_nopoint_unit_m" VALUES(488);
INSERT INTO "exchange_nopoint_unit_m" VALUES(489);
INSERT INTO "exchange_nopoint_unit_m" VALUES(490);
INSERT INTO "exchange_nopoint_unit_m" VALUES(491);
INSERT INTO "exchange_nopoint_unit_m" VALUES(492);
INSERT INTO "exchange_nopoint_unit_m" VALUES(515);
INSERT INTO "exchange_nopoint_unit_m" VALUES(516);
INSERT INTO "exchange_nopoint_unit_m" VALUES(517);
INSERT INTO "exchange_nopoint_unit_m" VALUES(518);
INSERT INTO "exchange_nopoint_unit_m" VALUES(519);
INSERT INTO "exchange_nopoint_unit_m" VALUES(520);
INSERT INTO "exchange_nopoint_unit_m" VALUES(521);
INSERT INTO "exchange_nopoint_unit_m" VALUES(522);
INSERT INTO "exchange_nopoint_unit_m" VALUES(523);
INSERT INTO "exchange_nopoint_unit_m" VALUES(541);
INSERT INTO "exchange_nopoint_unit_m" VALUES(542);
INSERT INTO "exchange_nopoint_unit_m" VALUES(543);
INSERT INTO "exchange_nopoint_unit_m" VALUES(557);
INSERT INTO "exchange_nopoint_unit_m" VALUES(586);
INSERT INTO "exchange_nopoint_unit_m" VALUES(595);
INSERT INTO "exchange_nopoint_unit_m" VALUES(596);
INSERT INTO "exchange_nopoint_unit_m" VALUES(597);
INSERT INTO "exchange_nopoint_unit_m" VALUES(605);
INSERT INTO "exchange_nopoint_unit_m" VALUES(613);
INSERT INTO "exchange_nopoint_unit_m" VALUES(614);
INSERT INTO "exchange_nopoint_unit_m" VALUES(615);
INSERT INTO "exchange_nopoint_unit_m" VALUES(616);
INSERT INTO "exchange_nopoint_unit_m" VALUES(617);
INSERT INTO "exchange_nopoint_unit_m" VALUES(618);
INSERT INTO "exchange_nopoint_unit_m" VALUES(619);
INSERT INTO "exchange_nopoint_unit_m" VALUES(620);
INSERT INTO "exchange_nopoint_unit_m" VALUES(621);
INSERT INTO "exchange_nopoint_unit_m" VALUES(623);
INSERT INTO "exchange_nopoint_unit_m" VALUES(624);
INSERT INTO "exchange_nopoint_unit_m" VALUES(625);
INSERT INTO "exchange_nopoint_unit_m" VALUES(626);
INSERT INTO "exchange_nopoint_unit_m" VALUES(627);
INSERT INTO "exchange_nopoint_unit_m" VALUES(628);
INSERT INTO "exchange_nopoint_unit_m" VALUES(629);
INSERT INTO "exchange_nopoint_unit_m" VALUES(630);
INSERT INTO "exchange_nopoint_unit_m" VALUES(631);
INSERT INTO "exchange_nopoint_unit_m" VALUES(632);
INSERT INTO "exchange_nopoint_unit_m" VALUES(655);
INSERT INTO "exchange_nopoint_unit_m" VALUES(671);
INSERT INTO "exchange_nopoint_unit_m" VALUES(694);
INSERT INTO "exchange_nopoint_unit_m" VALUES(697);
INSERT INTO "exchange_nopoint_unit_m" VALUES(713);
INSERT INTO "exchange_nopoint_unit_m" VALUES(714);
INSERT INTO "exchange_nopoint_unit_m" VALUES(715);
INSERT INTO "exchange_nopoint_unit_m" VALUES(716);
INSERT INTO "exchange_nopoint_unit_m" VALUES(717);
INSERT INTO "exchange_nopoint_unit_m" VALUES(718);
INSERT INTO "exchange_nopoint_unit_m" VALUES(719);
INSERT INTO "exchange_nopoint_unit_m" VALUES(720);
INSERT INTO "exchange_nopoint_unit_m" VALUES(721);
INSERT INTO "exchange_nopoint_unit_m" VALUES(722);
INSERT INTO "exchange_nopoint_unit_m" VALUES(738);
INSERT INTO "exchange_nopoint_unit_m" VALUES(739);
INSERT INTO "exchange_nopoint_unit_m" VALUES(740);
INSERT INTO "exchange_nopoint_unit_m" VALUES(749);
INSERT INTO "exchange_nopoint_unit_m" VALUES(766);
INSERT INTO "exchange_nopoint_unit_m" VALUES(767);
INSERT INTO "exchange_nopoint_unit_m" VALUES(768);
INSERT INTO "exchange_nopoint_unit_m" VALUES(784);
INSERT INTO "exchange_nopoint_unit_m" VALUES(785);
INSERT INTO "exchange_nopoint_unit_m" VALUES(786);
INSERT INTO "exchange_nopoint_unit_m" VALUES(804);
INSERT INTO "exchange_nopoint_unit_m" VALUES(805);
INSERT INTO "exchange_nopoint_unit_m" VALUES(806);
INSERT INTO "exchange_nopoint_unit_m" VALUES(807);
INSERT INTO "exchange_nopoint_unit_m" VALUES(808);
INSERT INTO "exchange_nopoint_unit_m" VALUES(809);
INSERT INTO "exchange_nopoint_unit_m" VALUES(810);
INSERT INTO "exchange_nopoint_unit_m" VALUES(811);
INSERT INTO "exchange_nopoint_unit_m" VALUES(812);
INSERT INTO "exchange_nopoint_unit_m" VALUES(820);
INSERT INTO "exchange_nopoint_unit_m" VALUES(827);
INSERT INTO "exchange_nopoint_unit_m" VALUES(828);
INSERT INTO "exchange_nopoint_unit_m" VALUES(829);
INSERT INTO "exchange_nopoint_unit_m" VALUES(830);
INSERT INTO "exchange_nopoint_unit_m" VALUES(831);
INSERT INTO "exchange_nopoint_unit_m" VALUES(832);
INSERT INTO "exchange_nopoint_unit_m" VALUES(833);
INSERT INTO "exchange_nopoint_unit_m" VALUES(834);
INSERT INTO "exchange_nopoint_unit_m" VALUES(835);
INSERT INTO "exchange_nopoint_unit_m" VALUES(843);
INSERT INTO "exchange_nopoint_unit_m" VALUES(844);
INSERT INTO "exchange_nopoint_unit_m" VALUES(845);
INSERT INTO "exchange_nopoint_unit_m" VALUES(848);
INSERT INTO "exchange_nopoint_unit_m" VALUES(855);
INSERT INTO "exchange_nopoint_unit_m" VALUES(856);
INSERT INTO "exchange_nopoint_unit_m" VALUES(857);
INSERT INTO "exchange_nopoint_unit_m" VALUES(867);
INSERT INTO "exchange_nopoint_unit_m" VALUES(874);
INSERT INTO "exchange_nopoint_unit_m" VALUES(875);
INSERT INTO "exchange_nopoint_unit_m" VALUES(876);
INSERT INTO "exchange_nopoint_unit_m" VALUES(892);
INSERT INTO "exchange_nopoint_unit_m" VALUES(893);
INSERT INTO "exchange_nopoint_unit_m" VALUES(894);
INSERT INTO "exchange_nopoint_unit_m" VALUES(993);
INSERT INTO "exchange_nopoint_unit_m" VALUES(1024);
INSERT INTO "exchange_nopoint_unit_m" VALUES(1049);
INSERT INTO "exchange_nopoint_unit_m" VALUES(1050);
INSERT INTO "exchange_nopoint_unit_m" VALUES(1056);
INSERT INTO "exchange_nopoint_unit_m" VALUES(1057);
INSERT INTO "exchange_nopoint_unit_m" VALUES(1072);
INSERT INTO "exchange_nopoint_unit_m" VALUES(1084);
INSERT INTO "exchange_nopoint_unit_m" VALUES(1085);
INSERT INTO "exchange_nopoint_unit_m" VALUES(1142);
INSERT INTO "exchange_nopoint_unit_m" VALUES(1170);
INSERT INTO "exchange_nopoint_unit_m" VALUES(1231);
INSERT INTO "exchange_nopoint_unit_m" VALUES(1243);
INSERT INTO "exchange_nopoint_unit_m" VALUES(1244);
INSERT INTO "exchange_nopoint_unit_m" VALUES(1245);
INSERT INTO "exchange_nopoint_unit_m" VALUES(1246);
INSERT INTO "exchange_nopoint_unit_m" VALUES(1247);
INSERT INTO "exchange_nopoint_unit_m" VALUES(1248);
INSERT INTO "exchange_nopoint_unit_m" VALUES(1249);
INSERT INTO "exchange_nopoint_unit_m" VALUES(1250);
INSERT INTO "exchange_nopoint_unit_m" VALUES(1251);
INSERT INTO "exchange_nopoint_unit_m" VALUES(1354);
INSERT INTO "exchange_nopoint_unit_m" VALUES(1355);
INSERT INTO "exchange_nopoint_unit_m" VALUES(1356);
INSERT INTO "exchange_nopoint_unit_m" VALUES(1357);
INSERT INTO "exchange_nopoint_unit_m" VALUES(1358);
INSERT INTO "exchange_nopoint_unit_m" VALUES(1359);
INSERT INTO "exchange_nopoint_unit_m" VALUES(1390);
INSERT INTO "exchange_nopoint_unit_m" VALUES(1391);
INSERT INTO "exchange_nopoint_unit_m" VALUES(1400);
INSERT INTO "exchange_nopoint_unit_m" VALUES(1401);
INSERT INTO "exchange_nopoint_unit_m" VALUES(1402);
INSERT INTO "exchange_nopoint_unit_m" VALUES(1403);
INSERT INTO "exchange_nopoint_unit_m" VALUES(1404);
INSERT INTO "exchange_nopoint_unit_m" VALUES(1405);
INSERT INTO "exchange_nopoint_unit_m" VALUES(1406);
INSERT INTO "exchange_nopoint_unit_m" VALUES(1407);
INSERT INTO "exchange_nopoint_unit_m" VALUES(1408);
INSERT INTO "exchange_nopoint_unit_m" VALUES(1409);
INSERT INTO "exchange_nopoint_unit_m" VALUES(1410);
INSERT INTO "exchange_nopoint_unit_m" VALUES(1411);
INSERT INTO "exchange_nopoint_unit_m" VALUES(1479);
INSERT INTO "exchange_nopoint_unit_m" VALUES(1486);
INSERT INTO "exchange_nopoint_unit_m" VALUES(1487);
INSERT INTO "exchange_nopoint_unit_m" VALUES(1488);
INSERT INTO "exchange_nopoint_unit_m" VALUES(1498);
INSERT INTO "exchange_nopoint_unit_m" VALUES(1504);
INSERT INTO "exchange_nopoint_unit_m" VALUES(1505);
INSERT INTO "exchange_nopoint_unit_m" VALUES(1506);
INSERT INTO "exchange_nopoint_unit_m" VALUES(1507);
INSERT INTO "exchange_nopoint_unit_m" VALUES(1508);
INSERT INTO "exchange_nopoint_unit_m" VALUES(1509);
INSERT INTO "exchange_nopoint_unit_m" VALUES(1510);
INSERT INTO "exchange_nopoint_unit_m" VALUES(1511);
INSERT INTO "exchange_nopoint_unit_m" VALUES(1512);
INSERT INTO "exchange_nopoint_unit_m" VALUES(1527);
INSERT INTO "exchange_nopoint_unit_m" VALUES(1528);
INSERT INTO "exchange_nopoint_unit_m" VALUES(1529);
INSERT INTO "exchange_nopoint_unit_m" VALUES(1530);
INSERT INTO "exchange_nopoint_unit_m" VALUES(1531);
INSERT INTO "exchange_nopoint_unit_m" VALUES(1532);
INSERT INTO "exchange_nopoint_unit_m" VALUES(1533);
INSERT INTO "exchange_nopoint_unit_m" VALUES(1534);
INSERT INTO "exchange_nopoint_unit_m" VALUES(1535);
INSERT INTO "exchange_nopoint_unit_m" VALUES(1536);
INSERT INTO "exchange_nopoint_unit_m" VALUES(1537);
INSERT INTO "exchange_nopoint_unit_m" VALUES(1538);
INSERT INTO "exchange_nopoint_unit_m" VALUES(1539);
INSERT INTO "exchange_nopoint_unit_m" VALUES(1540);
INSERT INTO "exchange_nopoint_unit_m" VALUES(1541);
INSERT INTO "exchange_nopoint_unit_m" VALUES(1542);
INSERT INTO "exchange_nopoint_unit_m" VALUES(1543);
INSERT INTO "exchange_nopoint_unit_m" VALUES(1544);
INSERT INTO "exchange_nopoint_unit_m" VALUES(1545);
INSERT INTO "exchange_nopoint_unit_m" VALUES(1546);
INSERT INTO "exchange_nopoint_unit_m" VALUES(1547);
INSERT INTO "exchange_nopoint_unit_m" VALUES(1571);
INSERT INTO "exchange_nopoint_unit_m" VALUES(1572);
INSERT INTO "exchange_nopoint_unit_m" VALUES(1579);
INSERT INTO "exchange_nopoint_unit_m" VALUES(1580);
INSERT INTO "exchange_nopoint_unit_m" VALUES(1581);
INSERT INTO "exchange_nopoint_unit_m" VALUES(1582);
INSERT INTO "exchange_nopoint_unit_m" VALUES(1583);
INSERT INTO "exchange_nopoint_unit_m" VALUES(1584);
INSERT INTO "exchange_nopoint_unit_m" VALUES(1585);
INSERT INTO "exchange_nopoint_unit_m" VALUES(1597);
INSERT INTO "exchange_nopoint_unit_m" VALUES(1598);
INSERT INTO "exchange_nopoint_unit_m" VALUES(1599);
INSERT INTO "exchange_nopoint_unit_m" VALUES(1600);
INSERT INTO "exchange_nopoint_unit_m" VALUES(1601);
INSERT INTO "exchange_nopoint_unit_m" VALUES(1614);
INSERT INTO "exchange_nopoint_unit_m" VALUES(1615);
INSERT INTO "exchange_nopoint_unit_m" VALUES(1616);
INSERT INTO "exchange_nopoint_unit_m" VALUES(1617);
INSERT INTO "exchange_nopoint_unit_m" VALUES(1620);
INSERT INTO "exchange_nopoint_unit_m" VALUES(1621);
INSERT INTO "exchange_nopoint_unit_m" VALUES(1632);
INSERT INTO "exchange_nopoint_unit_m" VALUES(1633);
INSERT INTO "exchange_nopoint_unit_m" VALUES(1634);
INSERT INTO "exchange_nopoint_unit_m" VALUES(1635);
INSERT INTO "exchange_nopoint_unit_m" VALUES(1636);
INSERT INTO "exchange_nopoint_unit_m" VALUES(1637);
INSERT INTO "exchange_nopoint_unit_m" VALUES(1638);
INSERT INTO "exchange_nopoint_unit_m" VALUES(1639);
INSERT INTO "exchange_nopoint_unit_m" VALUES(1640);
INSERT INTO "exchange_nopoint_unit_m" VALUES(1641);
INSERT INTO "exchange_nopoint_unit_m" VALUES(1642);
INSERT INTO "exchange_nopoint_unit_m" VALUES(1650);
INSERT INTO "exchange_nopoint_unit_m" VALUES(1653);
INSERT INTO "exchange_nopoint_unit_m" VALUES(1654);
INSERT INTO "exchange_nopoint_unit_m" VALUES(1661);
INSERT INTO "exchange_nopoint_unit_m" VALUES(1664);
INSERT INTO "exchange_nopoint_unit_m" VALUES(1665);
INSERT INTO "exchange_nopoint_unit_m" VALUES(1673);
INSERT INTO "exchange_nopoint_unit_m" VALUES(1675);
INSERT INTO "exchange_nopoint_unit_m" VALUES(1678);
INSERT INTO "exchange_nopoint_unit_m" VALUES(1679);
INSERT INTO "exchange_nopoint_unit_m" VALUES(1680);
INSERT INTO "exchange_nopoint_unit_m" VALUES(1681);
INSERT INTO "exchange_nopoint_unit_m" VALUES(1682);
INSERT INTO "exchange_nopoint_unit_m" VALUES(1683);
INSERT INTO "exchange_nopoint_unit_m" VALUES(1684);
INSERT INTO "exchange_nopoint_unit_m" VALUES(1685);
INSERT INTO "exchange_nopoint_unit_m" VALUES(1686);
INSERT INTO "exchange_nopoint_unit_m" VALUES(1687);
INSERT INTO "exchange_nopoint_unit_m" VALUES(1688);
INSERT INTO "exchange_nopoint_unit_m" VALUES(1699);
INSERT INTO "exchange_nopoint_unit_m" VALUES(1700);
INSERT INTO "exchange_nopoint_unit_m" VALUES(1708);
INSERT INTO "exchange_nopoint_unit_m" VALUES(1709);
INSERT INTO "exchange_nopoint_unit_m" VALUES(1710);
INSERT INTO "exchange_nopoint_unit_m" VALUES(1711);
INSERT INTO "exchange_nopoint_unit_m" VALUES(1712);
INSERT INTO "exchange_nopoint_unit_m" VALUES(1713);
INSERT INTO "exchange_nopoint_unit_m" VALUES(1714);
INSERT INTO "exchange_nopoint_unit_m" VALUES(1715);
INSERT INTO "exchange_nopoint_unit_m" VALUES(1716);
INSERT INTO "exchange_nopoint_unit_m" VALUES(1717);
INSERT INTO "exchange_nopoint_unit_m" VALUES(1720);
INSERT INTO "exchange_nopoint_unit_m" VALUES(1721);
INSERT INTO "exchange_nopoint_unit_m" VALUES(1722);
INSERT INTO "exchange_nopoint_unit_m" VALUES(1726);
INSERT INTO "exchange_nopoint_unit_m" VALUES(1731);
INSERT INTO "exchange_nopoint_unit_m" VALUES(1734);
INSERT INTO "exchange_nopoint_unit_m" VALUES(1735);
INSERT INTO "exchange_nopoint_unit_m" VALUES(1736);
INSERT INTO "exchange_nopoint_unit_m" VALUES(1744);
INSERT INTO "exchange_nopoint_unit_m" VALUES(1747);
INSERT INTO "exchange_nopoint_unit_m" VALUES(1748);
INSERT INTO "exchange_nopoint_unit_m" VALUES(1749);
INSERT INTO "exchange_nopoint_unit_m" VALUES(1750);
INSERT INTO "exchange_nopoint_unit_m" VALUES(1751);
INSERT INTO "exchange_nopoint_unit_m" VALUES(1752);
INSERT INTO "exchange_nopoint_unit_m" VALUES(1753);
INSERT INTO "exchange_nopoint_unit_m" VALUES(1754);
INSERT INTO "exchange_nopoint_unit_m" VALUES(1755);
INSERT INTO "exchange_nopoint_unit_m" VALUES(1756);
INSERT INTO "exchange_nopoint_unit_m" VALUES(1757);
INSERT INTO "exchange_nopoint_unit_m" VALUES(1758);
INSERT INTO "exchange_nopoint_unit_m" VALUES(1762);
INSERT INTO "exchange_nopoint_unit_m" VALUES(1767);
INSERT INTO "exchange_nopoint_unit_m" VALUES(1768);
INSERT INTO "exchange_nopoint_unit_m" VALUES(1772);
INSERT INTO "exchange_nopoint_unit_m" VALUES(1773);
INSERT INTO "exchange_nopoint_unit_m" VALUES(1774);
INSERT INTO "exchange_nopoint_unit_m" VALUES(1783);
INSERT INTO "exchange_nopoint_unit_m" VALUES(1786);
INSERT INTO "exchange_nopoint_unit_m" VALUES(1787);
INSERT INTO "exchange_nopoint_unit_m" VALUES(1796);
INSERT INTO "exchange_nopoint_unit_m" VALUES(1797);
INSERT INTO "exchange_nopoint_unit_m" VALUES(1798);
INSERT INTO "exchange_nopoint_unit_m" VALUES(1799);
INSERT INTO "exchange_nopoint_unit_m" VALUES(1800);
INSERT INTO "exchange_nopoint_unit_m" VALUES(1801);
INSERT INTO "exchange_nopoint_unit_m" VALUES(1802);
INSERT INTO "exchange_nopoint_unit_m" VALUES(1803);
INSERT INTO "exchange_nopoint_unit_m" VALUES(1804);
INSERT INTO "exchange_nopoint_unit_m" VALUES(1805);
INSERT INTO "exchange_nopoint_unit_m" VALUES(1806);
INSERT INTO "exchange_nopoint_unit_m" VALUES(1816);
INSERT INTO "exchange_nopoint_unit_m" VALUES(1817);
INSERT INTO "exchange_nopoint_unit_m" VALUES(1818);
INSERT INTO "exchange_nopoint_unit_m" VALUES(1819);
INSERT INTO "exchange_nopoint_unit_m" VALUES(1820);
INSERT INTO "exchange_nopoint_unit_m" VALUES(1821);
INSERT INTO "exchange_nopoint_unit_m" VALUES(1822);
INSERT INTO "exchange_nopoint_unit_m" VALUES(1823);
INSERT INTO "exchange_nopoint_unit_m" VALUES(1824);
INSERT INTO "exchange_nopoint_unit_m" VALUES(1825);
INSERT INTO "exchange_nopoint_unit_m" VALUES(1826);
INSERT INTO "exchange_nopoint_unit_m" VALUES(1839);
INSERT INTO "exchange_nopoint_unit_m" VALUES(1840);
INSERT INTO "exchange_nopoint_unit_m" VALUES(1851);
INSERT INTO "exchange_nopoint_unit_m" VALUES(1852);
INSERT INTO "exchange_nopoint_unit_m" VALUES(1853);
INSERT INTO "exchange_nopoint_unit_m" VALUES(1854);
INSERT INTO "exchange_nopoint_unit_m" VALUES(1855);
INSERT INTO "exchange_nopoint_unit_m" VALUES(1856);
INSERT INTO "exchange_nopoint_unit_m" VALUES(1857);
INSERT INTO "exchange_nopoint_unit_m" VALUES(1858);
INSERT INTO "exchange_nopoint_unit_m" VALUES(1859);
INSERT INTO "exchange_nopoint_unit_m" VALUES(1860);
INSERT INTO "exchange_nopoint_unit_m" VALUES(1863);
INSERT INTO "exchange_nopoint_unit_m" VALUES(1864);
INSERT INTO "exchange_nopoint_unit_m" VALUES(1868);
INSERT INTO "exchange_nopoint_unit_m" VALUES(1869);
INSERT INTO "exchange_nopoint_unit_m" VALUES(1870);
INSERT INTO "exchange_nopoint_unit_m" VALUES(1871);
INSERT INTO "exchange_nopoint_unit_m" VALUES(1872);
INSERT INTO "exchange_nopoint_unit_m" VALUES(1873);
INSERT INTO "exchange_nopoint_unit_m" VALUES(1874);
INSERT INTO "exchange_nopoint_unit_m" VALUES(1875);
INSERT INTO "exchange_nopoint_unit_m" VALUES(1876);
INSERT INTO "exchange_nopoint_unit_m" VALUES(1884);
INSERT INTO "exchange_nopoint_unit_m" VALUES(1887);
INSERT INTO "exchange_nopoint_unit_m" VALUES(1888);
INSERT INTO "exchange_nopoint_unit_m" VALUES(1889);
INSERT INTO "exchange_nopoint_unit_m" VALUES(1890);
INSERT INTO "exchange_nopoint_unit_m" VALUES(1891);
INSERT INTO "exchange_nopoint_unit_m" VALUES(1892);
INSERT INTO "exchange_nopoint_unit_m" VALUES(1893);
INSERT INTO "exchange_nopoint_unit_m" VALUES(1894);
INSERT INTO "exchange_nopoint_unit_m" VALUES(1895);
INSERT INTO "exchange_nopoint_unit_m" VALUES(1896);
INSERT INTO "exchange_nopoint_unit_m" VALUES(1897);
INSERT INTO "exchange_nopoint_unit_m" VALUES(1907);
INSERT INTO "exchange_nopoint_unit_m" VALUES(1908);
INSERT INTO "exchange_nopoint_unit_m" VALUES(1909);
INSERT INTO "exchange_nopoint_unit_m" VALUES(1917);
INSERT INTO "exchange_nopoint_unit_m" VALUES(1918);
INSERT INTO "exchange_nopoint_unit_m" VALUES(1919);
INSERT INTO "exchange_nopoint_unit_m" VALUES(1920);
INSERT INTO "exchange_nopoint_unit_m" VALUES(1921);
INSERT INTO "exchange_nopoint_unit_m" VALUES(1922);
INSERT INTO "exchange_nopoint_unit_m" VALUES(1923);
INSERT INTO "exchange_nopoint_unit_m" VALUES(1924);
INSERT INTO "exchange_nopoint_unit_m" VALUES(1925);
INSERT INTO "exchange_nopoint_unit_m" VALUES(1928);
INSERT INTO "exchange_nopoint_unit_m" VALUES(1929);
INSERT INTO "exchange_nopoint_unit_m" VALUES(1937);
INSERT INTO "exchange_nopoint_unit_m" VALUES(1940);
INSERT INTO "exchange_nopoint_unit_m" VALUES(1941);
INSERT INTO "exchange_nopoint_unit_m" VALUES(1945);
INSERT INTO "exchange_nopoint_unit_m" VALUES(1950);
INSERT INTO "exchange_nopoint_unit_m" VALUES(1951);
INSERT INTO "exchange_nopoint_unit_m" VALUES(1954);
INSERT INTO "exchange_nopoint_unit_m" VALUES(1955);
INSERT INTO "exchange_nopoint_unit_m" VALUES(1959);
INSERT INTO "exchange_nopoint_unit_m" VALUES(1967);
INSERT INTO "exchange_nopoint_unit_m" VALUES(1968);
INSERT INTO "exchange_nopoint_unit_m" VALUES(1969);
INSERT INTO "exchange_nopoint_unit_m" VALUES(1970);
INSERT INTO "exchange_nopoint_unit_m" VALUES(1971);
INSERT INTO "exchange_nopoint_unit_m" VALUES(1972);
INSERT INTO "exchange_nopoint_unit_m" VALUES(1973);
INSERT INTO "exchange_nopoint_unit_m" VALUES(1974);
INSERT INTO "exchange_nopoint_unit_m" VALUES(1975);
INSERT INTO "exchange_nopoint_unit_m" VALUES(1976);
INSERT INTO "exchange_nopoint_unit_m" VALUES(1977);
INSERT INTO "exchange_nopoint_unit_m" VALUES(1978);
INSERT INTO "exchange_nopoint_unit_m" VALUES(1979);
INSERT INTO "exchange_nopoint_unit_m" VALUES(1980);
INSERT INTO "exchange_nopoint_unit_m" VALUES(1981);
INSERT INTO "exchange_nopoint_unit_m" VALUES(1982);
INSERT INTO "exchange_nopoint_unit_m" VALUES(1983);
INSERT INTO "exchange_nopoint_unit_m" VALUES(1984);
INSERT INTO "exchange_nopoint_unit_m" VALUES(1985);
INSERT INTO "exchange_nopoint_unit_m" VALUES(1986);
INSERT INTO "exchange_nopoint_unit_m" VALUES(1987);
INSERT INTO "exchange_nopoint_unit_m" VALUES(1990);
INSERT INTO "exchange_nopoint_unit_m" VALUES(1991);
INSERT INTO "exchange_nopoint_unit_m" VALUES(2003);
INSERT INTO "exchange_nopoint_unit_m" VALUES(2005);
INSERT INTO "exchange_nopoint_unit_m" VALUES(2008);
INSERT INTO "exchange_nopoint_unit_m" VALUES(2009);
INSERT INTO "exchange_nopoint_unit_m" VALUES(2015);
INSERT INTO "exchange_nopoint_unit_m" VALUES(2016);
INSERT INTO "exchange_nopoint_unit_m" VALUES(2024);
INSERT INTO "exchange_nopoint_unit_m" VALUES(2025);
INSERT INTO "exchange_nopoint_unit_m" VALUES(2037);
INSERT INTO "exchange_nopoint_unit_m" VALUES(2038);
INSERT INTO "exchange_nopoint_unit_m" VALUES(2042);
INSERT INTO "exchange_nopoint_unit_m" VALUES(2043);
INSERT INTO "exchange_nopoint_unit_m" VALUES(2044);
INSERT INTO "exchange_nopoint_unit_m" VALUES(2054);
INSERT INTO "exchange_nopoint_unit_m" VALUES(2055);
INSERT INTO "exchange_nopoint_unit_m" VALUES(2060);
INSERT INTO "exchange_nopoint_unit_m" VALUES(2065);
INSERT INTO "exchange_nopoint_unit_m" VALUES(2072);
INSERT INTO "exchange_nopoint_unit_m" VALUES(2073);
INSERT INTO "exchange_nopoint_unit_m" VALUES(2087);
INSERT INTO "exchange_nopoint_unit_m" VALUES(2096);
INSERT INTO "exchange_nopoint_unit_m" VALUES(2097);
INSERT INTO "exchange_nopoint_unit_m" VALUES(2098);
INSERT INTO "exchange_nopoint_unit_m" VALUES(2099);
INSERT INTO "exchange_nopoint_unit_m" VALUES(2100);
INSERT INTO "exchange_nopoint_unit_m" VALUES(2101);
INSERT INTO "exchange_nopoint_unit_m" VALUES(2102);
INSERT INTO "exchange_nopoint_unit_m" VALUES(2103);
INSERT INTO "exchange_nopoint_unit_m" VALUES(2104);
INSERT INTO "exchange_nopoint_unit_m" VALUES(2106);
INSERT INTO "exchange_nopoint_unit_m" VALUES(2172);
INSERT INTO "exchange_nopoint_unit_m" VALUES(2173);
INSERT INTO "exchange_nopoint_unit_m" VALUES(2174);
INSERT INTO "exchange_nopoint_unit_m" VALUES(2175);
INSERT INTO "exchange_nopoint_unit_m" VALUES(2176);
INSERT INTO "exchange_nopoint_unit_m" VALUES(2177);
INSERT INTO "exchange_nopoint_unit_m" VALUES(2178);
INSERT INTO "exchange_nopoint_unit_m" VALUES(2179);
INSERT INTO "exchange_nopoint_unit_m" VALUES(2180);
INSERT INTO "exchange_nopoint_unit_m" VALUES(2181);
INSERT INTO "exchange_nopoint_unit_m" VALUES(2227);
INSERT INTO "exchange_nopoint_unit_m" VALUES(2228);
INSERT INTO "exchange_nopoint_unit_m" VALUES(2275);
INSERT INTO "exchange_nopoint_unit_m" VALUES(2318);
INSERT INTO "exchange_nopoint_unit_m" VALUES(2332);
INSERT INTO "exchange_nopoint_unit_m" VALUES(2336);
INSERT INTO "exchange_nopoint_unit_m" VALUES(2337);
INSERT INTO "exchange_nopoint_unit_m" VALUES(2338);
INSERT INTO "exchange_nopoint_unit_m" VALUES(2339);
INSERT INTO "exchange_nopoint_unit_m" VALUES(2340);
INSERT INTO "exchange_nopoint_unit_m" VALUES(2341);
INSERT INTO "exchange_nopoint_unit_m" VALUES(2342);
INSERT INTO "exchange_nopoint_unit_m" VALUES(2343);
INSERT INTO "exchange_nopoint_unit_m" VALUES(2344);
INSERT INTO "exchange_nopoint_unit_m" VALUES(2345);
INSERT INTO "exchange_nopoint_unit_m" VALUES(2346);
INSERT INTO "exchange_nopoint_unit_m" VALUES(2347);
INSERT INTO "exchange_nopoint_unit_m" VALUES(2348);
INSERT INTO "exchange_nopoint_unit_m" VALUES(2349);
INSERT INTO "exchange_nopoint_unit_m" VALUES(2350);
INSERT INTO "exchange_nopoint_unit_m" VALUES(2351);
INSERT INTO "exchange_nopoint_unit_m" VALUES(2352);
INSERT INTO "exchange_nopoint_unit_m" VALUES(2353);
INSERT INTO "exchange_nopoint_unit_m" VALUES(2354);
INSERT INTO "exchange_nopoint_unit_m" VALUES(2355);
INSERT INTO "exchange_nopoint_unit_m" VALUES(2356);
INSERT INTO "exchange_nopoint_unit_m" VALUES(2371);
INSERT INTO "exchange_nopoint_unit_m" VALUES(2372);
INSERT INTO "exchange_nopoint_unit_m" VALUES(2373);
INSERT INTO "exchange_nopoint_unit_m" VALUES(2374);
INSERT INTO "exchange_nopoint_unit_m" VALUES(2430);
INSERT INTO "exchange_nopoint_unit_m" VALUES(2431);
INSERT INTO "exchange_nopoint_unit_m" VALUES(2456);
INSERT INTO "exchange_nopoint_unit_m" VALUES(2461);
INSERT INTO "exchange_nopoint_unit_m" VALUES(2470);
INSERT INTO "exchange_nopoint_unit_m" VALUES(2471);
INSERT INTO "exchange_nopoint_unit_m" VALUES(2479);
INSERT INTO "exchange_nopoint_unit_m" VALUES(2480);
INSERT INTO "exchange_nopoint_unit_m" VALUES(2484);
INSERT INTO "exchange_nopoint_unit_m" VALUES(2499);
INSERT INTO "exchange_nopoint_unit_m" VALUES(2505);
INSERT INTO "exchange_nopoint_unit_m" VALUES(2507);
INSERT INTO "exchange_nopoint_unit_m" VALUES(2512);
INSERT INTO "exchange_nopoint_unit_m" VALUES(2516);
INSERT INTO "exchange_nopoint_unit_m" VALUES(2517);
INSERT INTO "exchange_nopoint_unit_m" VALUES(2520);
INSERT INTO "exchange_nopoint_unit_m" VALUES(2521);
INSERT INTO "exchange_nopoint_unit_m" VALUES(2522);
INSERT INTO "exchange_nopoint_unit_m" VALUES(2523);
INSERT INTO "exchange_nopoint_unit_m" VALUES(2524);
INSERT INTO "exchange_nopoint_unit_m" VALUES(2525);
INSERT INTO "exchange_nopoint_unit_m" VALUES(2526);
INSERT INTO "exchange_nopoint_unit_m" VALUES(2527);
INSERT INTO "exchange_nopoint_unit_m" VALUES(2528);
INSERT INTO "exchange_nopoint_unit_m" VALUES(2530);
INSERT INTO "exchange_nopoint_unit_m" VALUES(2537);
INSERT INTO "exchange_nopoint_unit_m" VALUES(2540);
INSERT INTO "exchange_nopoint_unit_m" VALUES(2545);
INSERT INTO "exchange_nopoint_unit_m" VALUES(2546);
INSERT INTO "exchange_nopoint_unit_m" VALUES(2547);
INSERT INTO "exchange_nopoint_unit_m" VALUES(2548);
INSERT INTO "exchange_nopoint_unit_m" VALUES(2549);
INSERT INTO "exchange_nopoint_unit_m" VALUES(2552);
INSERT INTO "exchange_nopoint_unit_m" VALUES(2555);
INSERT INTO "exchange_nopoint_unit_m" VALUES(2561);
INSERT INTO "exchange_nopoint_unit_m" VALUES(2569);
INSERT INTO "exchange_nopoint_unit_m" VALUES(2572);
INSERT INTO "exchange_nopoint_unit_m" VALUES(2581);
INSERT INTO "exchange_nopoint_unit_m" VALUES(2601);
INSERT INTO "exchange_nopoint_unit_m" VALUES(2608);
CREATE TABLE `exchange_point_m` (
    `exchange_point_id` INTEGER NOT NULL,
    `name` TEXT NOT NULL,
    `small_asset` TEXT NOT NULL,
    `icon_asset` TEXT NOT NULL,
    `middle_asset` TEXT,
    `r_rank_up_point` INTEGER,
    `sr_rank_up_point` INTEGER,
    `ssr_rank_up_point` INTEGER,
    `ur_rank_up_point` INTEGER,
    `sort` INTEGER NOT NULL,
    `start_date` TEXT,
    `end_date` TEXT,
    `release_tag` TEXT, `_encryption_release_id` INTEGER NULL,
    PRIMARY KEY (`exchange_point_id`)
);
INSERT INTO "exchange_point_m" VALUES(2,'シール','assets/image/exchange_point/exchange_point_2_s.png','assets/image/exchange_point/exchange_point_2_x.png','assets/image/exchange_point/exchange_point_2_m.png',1,20,100,500,4,NULL,NULL,NULL,NULL);
INSERT INTO "exchange_point_m" VALUES(3,'Sシール','assets/image/exchange_point/exchange_point_3_s.png','assets/image/exchange_point/exchange_point_3_x.png','assets/image/exchange_point/exchange_point_3_m.png',NULL,1,5,25,3,NULL,NULL,NULL,NULL);
INSERT INTO "exchange_point_m" VALUES(4,'Uシール','assets/image/exchange_point/exchange_point_4_s.png','assets/image/exchange_point/exchange_point_4_x.png','assets/image/exchange_point/exchange_point_4_m.png',NULL,NULL,NULL,1,1,NULL,NULL,NULL,NULL);
INSERT INTO "exchange_point_m" VALUES(5,'SSシール','assets/image/exchange_point/exchange_point_5_s.png','assets/image/exchange_point/exchange_point_5_x.png','assets/image/exchange_point/exchange_point_5_m.png',NULL,NULL,1,5,2,NULL,NULL,NULL,NULL);
INSERT INTO "exchange_point_m" VALUES(10000,'ポイント','assets/image/exchange_point/exchange_point_10000_s.png','assets/image/exchange_point/exchange_point_10000_x.png','assets/image/exchange_point/exchange_point_10000_m.png',0,0,0,0,10000,NULL,NULL,NULL,NULL);
INSERT INTO "exchange_point_m" VALUES(20001,'デザイン切手[マカロン]','assets/image/exchange_point/exchange_point_20001_s.png','assets/image/exchange_point/exchange_point_20001_x.png','assets/image/exchange_point/exchange_point_20001_m.png',0,0,0,0,10001,'2020/10/31 16:00:00','2020/11/30 15:59:59',NULL,NULL);
INSERT INTO "exchange_point_m" VALUES(20002,'デザイン切手[手帳]','assets/image/exchange_point/exchange_point_10002_s.png','assets/image/exchange_point/exchange_point_10002_x.png','assets/image/exchange_point/exchange_point_10002_m.png',0,0,0,0,10002,'2020/11/30 16:00:00','2020/12/31 15:59:59',NULL,NULL);
INSERT INTO "exchange_point_m" VALUES(20003,'デザイン切手[お守り]','assets/image/exchange_point/exchange_point_10003_s.png','assets/image/exchange_point/exchange_point_10003_x.png','assets/image/exchange_point/exchange_point_10003_m.png',0,0,0,0,10003,'2020/12/31 16:00:00','2021/01/31 15:59:59',NULL,NULL);
CREATE TABLE `exchange_ticket_m` (
    `exchange_ticket_id` INTEGER NOT NULL,
    `name` TEXT NOT NULL,
    `small_asset` TEXT,
    `middle_asset` TEXT,
    `large_asset` TEXT,
    `number_suffix` TEXT,
    `release_tag` TEXT, `_encryption_release_id` INTEGER NULL,
    PRIMARY KEY (`exchange_ticket_id`)
);
INSERT INTO "exchange_ticket_m" VALUES(1,'みとしーコラボ部員交換チケット','assets/image/exchange_ticket/ticket_01_s.png','assets/image/exchange_ticket/ticket_01_m.png',NULL,'枚',NULL,NULL);
INSERT INTO "exchange_ticket_m" VALUES(2,'スクフェスAC1周年称号交換チケット','assets/image/exchange_ticket/ticket_02_s.png','assets/image/exchange_ticket/ticket_02_m.png',NULL,'枚',NULL,NULL);
INSERT INTO "exchange_ticket_m" VALUES(3,'リアル脱出ゲームコラボ部員交換チケット','assets/image/exchange_ticket/ticket_03_s.png','assets/image/exchange_ticket/ticket_03_m.png',NULL,'枚',NULL,NULL);
INSERT INTO "exchange_ticket_m" VALUES(4,'Aqours 3rd LIVE開催記念部員交換チケット','assets/image/exchange_ticket/ticket_04_s.png','assets/image/exchange_ticket/ticket_04_m.png',NULL,'枚',NULL,NULL);
INSERT INTO "exchange_ticket_m" VALUES(5,'富士急コラボ部員交換チケット','assets/image/exchange_ticket/ticket_05_s.png','assets/image/exchange_ticket/ticket_05_m.png',NULL,'枚',NULL,NULL);
INSERT INTO "exchange_ticket_m" VALUES(6,'セガコラボ部員交換チケット','assets/image/exchange_ticket/ticket_06_s.png','assets/image/exchange_ticket/ticket_06_m.png',NULL,'枚',NULL,NULL);
INSERT INTO "exchange_ticket_m" VALUES(7,'μ''s巫女服部員交換チケット','assets/image/exchange_ticket/ticket_07_s.png','assets/image/exchange_ticket/ticket_07_m.png',NULL,'枚',NULL,NULL);
INSERT INTO "exchange_ticket_m" VALUES(8,'ぷちぐるコラボ称号交換チケット','assets/image/exchange_ticket/ticket_08_s.png','assets/image/exchange_ticket/ticket_08_m.png',NULL,'枚',NULL,NULL);
INSERT INTO "exchange_ticket_m" VALUES(9,'WORLDイメージガール交換チケット','assets/image/exchange_ticket/ticket_09_s.png','assets/image/exchange_ticket/ticket_09_m.png',NULL,'枚',NULL,NULL);
INSERT INTO "exchange_ticket_m" VALUES(10,'スクフェスAC Next Stage 部員交換チケット','assets/image/exchange_ticket/ticket_10_s.png','assets/image/exchange_ticket/ticket_10_m.png',NULL,'枚',NULL,NULL);
INSERT INTO "exchange_ticket_m" VALUES(11,'ACサポーター称号交換チケット（μ''s）','assets/image/exchange_ticket/ticket_11_s.png','assets/image/exchange_ticket/ticket_11_m.png',NULL,'枚',NULL,NULL);
INSERT INTO "exchange_ticket_m" VALUES(12,'ACサポーター称号交換チケット（Aqours）','assets/image/exchange_ticket/ticket_12_s.png','assets/image/exchange_ticket/ticket_12_m.png',NULL,'枚',NULL,NULL);
INSERT INTO "exchange_ticket_m" VALUES(13,'JOYSOUNDコラボ部員交換チケット','assets/image/exchange_ticket/ticket_13_s.png','assets/image/exchange_ticket/ticket_13_m.png',NULL,'枚',NULL,NULL);
INSERT INTO "exchange_ticket_m" VALUES(14,'Aqours劇場版公開記念部員交換チケット','assets/image/exchange_ticket/ticket_14_s.png','assets/image/exchange_ticket/ticket_14_m.png',NULL,'枚',NULL,NULL);
INSERT INTO "exchange_ticket_m" VALUES(15,'Saint Snow SSR部員交換チケット','assets/image/exchange_ticket/ticket_15_s.png','assets/image/exchange_ticket/ticket_15_m.png',NULL,'枚',NULL,NULL);
INSERT INTO "exchange_ticket_m" VALUES(16,'母の日記念交換チケット（μ''s）','assets/image/exchange_ticket/ticket_16_s.png','assets/image/exchange_ticket/ticket_16_m.png',NULL,'枚',NULL,NULL);
INSERT INTO "exchange_ticket_m" VALUES(17,'母の日記念交換チケット（Aqours）','assets/image/exchange_ticket/ticket_17_s.png','assets/image/exchange_ticket/ticket_17_m.png',NULL,'枚',NULL,NULL);
INSERT INTO "exchange_ticket_m" VALUES(18,'リアル脱出ゲームコラボ部員交換チケット[第2弾]','assets/image/exchange_ticket/ticket_18_s.png','assets/image/exchange_ticket/ticket_18_m.png',NULL,'枚',NULL,NULL);
INSERT INTO "exchange_ticket_m" VALUES(19,'スクスタ60日ログイン部員交換チケット','assets/image/exchange_ticket/ticket_19_s.png','assets/image/exchange_ticket/ticket_19_m.png',NULL,'枚',NULL,NULL);
INSERT INTO "exchange_ticket_m" VALUES(20,'7周年スタートダッシュ！UR交換チケット','assets/image/exchange_ticket/ticket_20_s.png','assets/image/exchange_ticket/ticket_20_m.png',NULL,'枚',NULL,NULL);
INSERT INTO "exchange_ticket_m" VALUES(21,'イベントSR交換チケット その1','assets/image/exchange_ticket/ticket_21_s.png','assets/image/exchange_ticket/ticket_21_m.png',NULL,'枚',NULL,NULL);
INSERT INTO "exchange_ticket_m" VALUES(22,'わくわく2020！選べるSSR部員チケット〜μ''s〜','assets/image/exchange_ticket/ticket_22_s.png','assets/image/exchange_ticket/ticket_22_m.png',NULL,'枚',NULL,NULL);
INSERT INTO "exchange_ticket_m" VALUES(23,'わくわく2020！選べるUR部員チケット〜μ''s〜','assets/image/exchange_ticket/ticket_23_s.png','assets/image/exchange_ticket/ticket_23_m.png',NULL,'枚',NULL,NULL);
INSERT INTO "exchange_ticket_m" VALUES(24,'わくわく2020！選べるSSR部員チケット〜Aqours〜','assets/image/exchange_ticket/ticket_24_s.png','assets/image/exchange_ticket/ticket_24_m.png',NULL,'枚',NULL,NULL);
INSERT INTO "exchange_ticket_m" VALUES(25,'わくわく2020！選べるUR部員チケット〜Aqours〜','assets/image/exchange_ticket/ticket_25_s.png','assets/image/exchange_ticket/ticket_25_m.png',NULL,'枚',NULL,NULL);
INSERT INTO "exchange_ticket_m" VALUES(26,'イベントSR交換チケット その2','assets/image/exchange_ticket/ticket_26_s.png','assets/image/exchange_ticket/ticket_26_m.png',NULL,'枚',NULL,NULL);
INSERT INTO "exchange_ticket_m" VALUES(27,'イベントSR交換チケット その3','assets/image/exchange_ticket/ticket_27_s.png','assets/image/exchange_ticket/ticket_27_m.png',NULL,'枚',NULL,NULL);
INSERT INTO "exchange_ticket_m" VALUES(28,'イベントSR交換チケット その4','assets/image/exchange_ticket/ticket_28_s.png','assets/image/exchange_ticket/ticket_28_m.png',NULL,'枚',NULL,NULL);
INSERT INTO "exchange_ticket_m" VALUES(29,'イベントSR交換チケット その5','assets/image/exchange_ticket/ticket_29_s.png','assets/image/exchange_ticket/ticket_29_m.png',NULL,'枚',NULL,NULL);
INSERT INTO "exchange_ticket_m" VALUES(30,'イベントSR交換チケット その6','assets/image/exchange_ticket/ticket_30_s.png','assets/image/exchange_ticket/ticket_30_m.png',NULL,'枚',NULL,NULL);
INSERT INTO "exchange_ticket_m" VALUES(31,'選べるSR部員チケット〜Aqours〜','assets/image/exchange_ticket/ticket_31_s.png','assets/image/exchange_ticket/ticket_31_m.png',NULL,'枚',NULL,NULL);
INSERT INTO "exchange_ticket_m" VALUES(32,'スタートダッシュ！UR交換チケット','assets/image/exchange_ticket/ticket_32_s.png','assets/image/exchange_ticket/ticket_32_m.png',NULL,'枚',NULL,NULL);
INSERT INTO "exchange_ticket_m" VALUES(33,'納涼！選べるUR部員チケット〜μ''s〜','assets/image/exchange_ticket/ticket_33_s.png','assets/image/exchange_ticket/ticket_33_m.png',NULL,'枚',NULL,NULL);
INSERT INTO "exchange_ticket_m" VALUES(34,'納涼！選べるUR部員チケット〜Aqours〜','assets/image/exchange_ticket/ticket_34_s.png','assets/image/exchange_ticket/ticket_34_m.png',NULL,'枚',NULL,NULL);
INSERT INTO "exchange_ticket_m" VALUES(35,'わくわく！選べるメンバーサイン入りUR部員交換チケット','assets/image/exchange_ticket/ticket_35_s.png','assets/image/exchange_ticket/ticket_35_m.png',NULL,'枚',NULL,NULL);
INSERT INTO "exchange_ticket_m" VALUES(36,'選べるSR部員チケット〜μ''s〜','assets/image/exchange_ticket/ticket_36_s.png','assets/image/exchange_ticket/ticket_36_m.png',NULL,'枚',NULL,NULL);
INSERT INTO "exchange_ticket_m" VALUES(37,'ニジガクSSR部員交換チケット','assets/image/exchange_ticket/ticket_37_s.png','assets/image/exchange_ticket/ticket_37_m.png',NULL,'枚',NULL,NULL);
INSERT INTO "exchange_ticket_m" VALUES(38,'全世界5000万人突破記念！UR交換チケット','assets/image/exchange_ticket/ticket_38_s.png','assets/image/exchange_ticket/ticket_38_m.png',NULL,'枚',NULL,NULL);
INSERT INTO "exchange_ticket_m" VALUES(39,'新春初夢！選べるSSR部員チケット〜μ''s〜','assets/image/exchange_ticket/ticket_39_s.png','assets/image/exchange_ticket/ticket_39_m.png',NULL,'枚',NULL,1455);
INSERT INTO "exchange_ticket_m" VALUES(40,'新春初夢！選べるUR部員チケット〜μ''s〜','assets/image/exchange_ticket/ticket_40_s.png','assets/image/exchange_ticket/ticket_40_m.png',NULL,'枚',NULL,1455);
INSERT INTO "exchange_ticket_m" VALUES(41,'新春初夢！選べるSSR部員チケット〜Aqours〜','assets/image/exchange_ticket/ticket_41_s.png','assets/image/exchange_ticket/ticket_41_m.png',NULL,'枚',NULL,1455);
INSERT INTO "exchange_ticket_m" VALUES(42,'新春初夢！選べるUR部員チケット〜Aqours〜','assets/image/exchange_ticket/ticket_42_s.png','assets/image/exchange_ticket/ticket_42_m.png',NULL,'枚',NULL,1455);
CREATE TABLE `exchange_ticket_reward_m` (
    `exchange_ticket_reward_id` INTEGER NOT NULL,
    `exchange_ticket_id` INTEGER NOT NULL,
    `group_id` INTEGER NOT NULL,
    `add_type` INTEGER NOT NULL,
    `item_id` INTEGER NOT NULL,
    `item_category_id` INTEGER,
    `amount` INTEGER NOT NULL,
    `item_option` TEXT,
    `comment` TEXT,
    `release_tag` TEXT, `_encryption_release_id` INTEGER NULL,
    PRIMARY KEY (`exchange_ticket_reward_id`)
);
INSERT INTO "exchange_ticket_reward_m" VALUES(1,1,0,1001,1400,0,1,NULL,NULL,NULL,NULL);
INSERT INTO "exchange_ticket_reward_m" VALUES(2,1,0,1001,1401,0,1,NULL,NULL,NULL,NULL);
INSERT INTO "exchange_ticket_reward_m" VALUES(3,1,0,1001,1402,0,1,NULL,NULL,NULL,NULL);
INSERT INTO "exchange_ticket_reward_m" VALUES(4,1,0,1001,1403,0,1,NULL,NULL,NULL,NULL);
INSERT INTO "exchange_ticket_reward_m" VALUES(5,1,0,1001,1404,0,1,NULL,NULL,NULL,NULL);
INSERT INTO "exchange_ticket_reward_m" VALUES(6,1,0,1001,1405,0,1,NULL,NULL,NULL,NULL);
INSERT INTO "exchange_ticket_reward_m" VALUES(7,1,0,1001,1406,0,1,NULL,NULL,NULL,NULL);
INSERT INTO "exchange_ticket_reward_m" VALUES(8,1,0,1001,1407,0,1,NULL,NULL,NULL,NULL);
INSERT INTO "exchange_ticket_reward_m" VALUES(9,1,0,1001,1408,0,1,NULL,NULL,NULL,NULL);
INSERT INTO "exchange_ticket_reward_m" VALUES(10,2,0,5100,68,0,1,NULL,NULL,NULL,NULL);
INSERT INTO "exchange_ticket_reward_m" VALUES(11,2,0,5100,69,0,1,NULL,NULL,NULL,NULL);
INSERT INTO "exchange_ticket_reward_m" VALUES(12,2,0,5100,70,0,1,NULL,NULL,NULL,NULL);
INSERT INTO "exchange_ticket_reward_m" VALUES(13,2,0,5100,71,0,1,NULL,NULL,NULL,NULL);
INSERT INTO "exchange_ticket_reward_m" VALUES(14,2,0,5100,72,0,1,NULL,NULL,NULL,NULL);
INSERT INTO "exchange_ticket_reward_m" VALUES(15,2,0,5100,73,0,1,NULL,NULL,NULL,NULL);
INSERT INTO "exchange_ticket_reward_m" VALUES(16,2,0,5100,74,0,1,NULL,NULL,NULL,NULL);
INSERT INTO "exchange_ticket_reward_m" VALUES(17,2,0,5100,75,0,1,NULL,NULL,NULL,NULL);
INSERT INTO "exchange_ticket_reward_m" VALUES(18,2,0,5100,76,0,1,NULL,NULL,NULL,NULL);
INSERT INTO "exchange_ticket_reward_m" VALUES(19,3,0,1001,1504,0,1,'{"rank":2}',NULL,NULL,NULL);
INSERT INTO "exchange_ticket_reward_m" VALUES(20,3,0,1001,1505,0,1,'{"rank":2}',NULL,NULL,NULL);
INSERT INTO "exchange_ticket_reward_m" VALUES(21,3,0,1001,1506,0,1,'{"rank":2}',NULL,NULL,NULL);
INSERT INTO "exchange_ticket_reward_m" VALUES(22,3,0,1001,1507,0,1,'{"rank":2}',NULL,NULL,NULL);
INSERT INTO "exchange_ticket_reward_m" VALUES(23,3,0,1001,1508,0,1,'{"rank":2}',NULL,NULL,NULL);
INSERT INTO "exchange_ticket_reward_m" VALUES(24,3,0,1001,1509,0,1,'{"rank":2}',NULL,NULL,NULL);
INSERT INTO "exchange_ticket_reward_m" VALUES(25,3,0,1001,1510,0,1,'{"rank":2}',NULL,NULL,NULL);
INSERT INTO "exchange_ticket_reward_m" VALUES(26,3,0,1001,1511,0,1,'{"rank":2}',NULL,NULL,NULL);
INSERT INTO "exchange_ticket_reward_m" VALUES(27,3,0,1001,1512,0,1,'{"rank":2}',NULL,NULL,NULL);
INSERT INTO "exchange_ticket_reward_m" VALUES(28,4,0,1001,1634,0,1,'{"rank":2}',NULL,NULL,NULL);
INSERT INTO "exchange_ticket_reward_m" VALUES(29,4,0,1001,1635,0,1,'{"rank":2}',NULL,NULL,NULL);
INSERT INTO "exchange_ticket_reward_m" VALUES(30,4,0,1001,1636,0,1,'{"rank":2}',NULL,NULL,NULL);
INSERT INTO "exchange_ticket_reward_m" VALUES(31,4,0,1001,1637,0,1,'{"rank":2}',NULL,NULL,NULL);
INSERT INTO "exchange_ticket_reward_m" VALUES(32,4,0,1001,1638,0,1,'{"rank":2}',NULL,NULL,NULL);
INSERT INTO "exchange_ticket_reward_m" VALUES(33,4,0,1001,1639,0,1,'{"rank":2}',NULL,NULL,NULL);
INSERT INTO "exchange_ticket_reward_m" VALUES(34,4,0,1001,1640,0,1,'{"rank":2}',NULL,NULL,NULL);
INSERT INTO "exchange_ticket_reward_m" VALUES(35,4,0,1001,1641,0,1,'{"rank":2}',NULL,NULL,NULL);
INSERT INTO "exchange_ticket_reward_m" VALUES(36,4,0,1001,1642,0,1,'{"rank":2}',NULL,NULL,NULL);
INSERT INTO "exchange_ticket_reward_m" VALUES(37,5,0,1001,1680,0,1,'{"rank":2}',NULL,NULL,NULL);
INSERT INTO "exchange_ticket_reward_m" VALUES(38,5,0,1001,1681,0,1,'{"rank":2}',NULL,NULL,NULL);
INSERT INTO "exchange_ticket_reward_m" VALUES(39,5,0,1001,1682,0,1,'{"rank":2}',NULL,NULL,NULL);
INSERT INTO "exchange_ticket_reward_m" VALUES(40,5,0,1001,1683,0,1,'{"rank":2}',NULL,NULL,NULL);
INSERT INTO "exchange_ticket_reward_m" VALUES(41,5,0,1001,1684,0,1,'{"rank":2}',NULL,NULL,NULL);
INSERT INTO "exchange_ticket_reward_m" VALUES(42,5,0,1001,1685,0,1,'{"rank":2}',NULL,NULL,NULL);
INSERT INTO "exchange_ticket_reward_m" VALUES(43,5,0,1001,1686,0,1,'{"rank":2}',NULL,NULL,NULL);
INSERT INTO "exchange_ticket_reward_m" VALUES(44,5,0,1001,1687,0,1,'{"rank":2}',NULL,NULL,NULL);
INSERT INTO "exchange_ticket_reward_m" VALUES(45,5,0,1001,1688,0,1,'{"rank":2}',NULL,NULL,NULL);
INSERT INTO "exchange_ticket_reward_m" VALUES(46,6,0,1001,1708,0,1,'{"rank":2}',NULL,NULL,NULL);
INSERT INTO "exchange_ticket_reward_m" VALUES(47,6,0,1001,1709,0,1,'{"rank":2}',NULL,NULL,NULL);
INSERT INTO "exchange_ticket_reward_m" VALUES(48,6,0,1001,1710,0,1,'{"rank":2}',NULL,NULL,NULL);
INSERT INTO "exchange_ticket_reward_m" VALUES(49,6,0,1001,1711,0,1,'{"rank":2}',NULL,NULL,NULL);
INSERT INTO "exchange_ticket_reward_m" VALUES(50,6,0,1001,1712,0,1,'{"rank":2}',NULL,NULL,NULL);
INSERT INTO "exchange_ticket_reward_m" VALUES(51,6,0,1001,1713,0,1,'{"rank":2}',NULL,NULL,NULL);
INSERT INTO "exchange_ticket_reward_m" VALUES(52,6,0,1001,1714,0,1,'{"rank":2}',NULL,NULL,NULL);
INSERT INTO "exchange_ticket_reward_m" VALUES(53,6,0,1001,1715,0,1,'{"rank":2}',NULL,NULL,NULL);
INSERT INTO "exchange_ticket_reward_m" VALUES(54,6,0,1001,1716,0,1,'{"rank":2}',NULL,NULL,NULL);
INSERT INTO "exchange_ticket_reward_m" VALUES(55,7,0,1001,1749,0,1,'{"rank":2}',NULL,NULL,NULL);
INSERT INTO "exchange_ticket_reward_m" VALUES(56,7,0,1001,1750,0,1,'{"rank":2}',NULL,NULL,NULL);
INSERT INTO "exchange_ticket_reward_m" VALUES(57,7,0,1001,1751,0,1,'{"rank":2}',NULL,NULL,NULL);
INSERT INTO "exchange_ticket_reward_m" VALUES(58,7,0,1001,1752,0,1,'{"rank":2}',NULL,NULL,NULL);
INSERT INTO "exchange_ticket_reward_m" VALUES(59,7,0,1001,1753,0,1,'{"rank":2}',NULL,NULL,NULL);
INSERT INTO "exchange_ticket_reward_m" VALUES(60,7,0,1001,1754,0,1,'{"rank":2}',NULL,NULL,NULL);
INSERT INTO "exchange_ticket_reward_m" VALUES(61,7,0,1001,1755,0,1,'{"rank":2}',NULL,NULL,NULL);
INSERT INTO "exchange_ticket_reward_m" VALUES(62,7,0,1001,1756,0,1,'{"rank":2}',NULL,NULL,NULL);
INSERT INTO "exchange_ticket_reward_m" VALUES(63,7,0,1001,1757,0,1,'{"rank":2}',NULL,NULL,NULL);
INSERT INTO "exchange_ticket_reward_m" VALUES(64,8,0,5100,189,0,1,NULL,NULL,NULL,NULL);
INSERT INTO "exchange_ticket_reward_m" VALUES(65,8,0,5100,190,0,1,NULL,NULL,NULL,NULL);
INSERT INTO "exchange_ticket_reward_m" VALUES(66,8,0,5100,191,0,1,NULL,NULL,NULL,NULL);
INSERT INTO "exchange_ticket_reward_m" VALUES(67,8,0,5100,192,0,1,NULL,NULL,NULL,NULL);
INSERT INTO "exchange_ticket_reward_m" VALUES(68,8,0,5100,193,0,1,NULL,NULL,NULL,NULL);
INSERT INTO "exchange_ticket_reward_m" VALUES(69,8,0,5100,194,0,1,NULL,NULL,NULL,NULL);
INSERT INTO "exchange_ticket_reward_m" VALUES(70,8,0,5100,195,0,1,NULL,NULL,NULL,NULL);
INSERT INTO "exchange_ticket_reward_m" VALUES(71,8,0,5100,196,0,1,NULL,NULL,NULL,NULL);
INSERT INTO "exchange_ticket_reward_m" VALUES(72,8,0,5100,197,0,1,NULL,NULL,NULL,NULL);
INSERT INTO "exchange_ticket_reward_m" VALUES(73,8,0,5100,198,0,1,NULL,NULL,NULL,NULL);
INSERT INTO "exchange_ticket_reward_m" VALUES(74,8,0,5100,199,0,1,NULL,NULL,NULL,NULL);
INSERT INTO "exchange_ticket_reward_m" VALUES(75,8,0,5100,200,0,1,NULL,NULL,NULL,NULL);
INSERT INTO "exchange_ticket_reward_m" VALUES(76,8,0,5100,201,0,1,NULL,NULL,NULL,NULL);
INSERT INTO "exchange_ticket_reward_m" VALUES(77,8,0,5100,202,0,1,NULL,NULL,NULL,NULL);
INSERT INTO "exchange_ticket_reward_m" VALUES(78,8,0,5100,203,0,1,NULL,NULL,NULL,NULL);
INSERT INTO "exchange_ticket_reward_m" VALUES(79,8,0,5100,204,0,1,NULL,NULL,NULL,NULL);
INSERT INTO "exchange_ticket_reward_m" VALUES(80,8,0,5100,205,0,1,NULL,NULL,NULL,NULL);
INSERT INTO "exchange_ticket_reward_m" VALUES(81,8,0,5100,206,0,1,NULL,NULL,NULL,NULL);
INSERT INTO "exchange_ticket_reward_m" VALUES(82,9,0,1001,1243,0,1,'{"rank":2}',NULL,NULL,NULL);
INSERT INTO "exchange_ticket_reward_m" VALUES(83,9,0,1001,1244,0,1,'{"rank":2}',NULL,NULL,NULL);
INSERT INTO "exchange_ticket_reward_m" VALUES(84,9,0,1001,1245,0,1,'{"rank":2}',NULL,NULL,NULL);
INSERT INTO "exchange_ticket_reward_m" VALUES(85,9,0,1001,1246,0,1,'{"rank":2}',NULL,NULL,NULL);
INSERT INTO "exchange_ticket_reward_m" VALUES(86,9,0,1001,1247,0,1,'{"rank":2}',NULL,NULL,NULL);
INSERT INTO "exchange_ticket_reward_m" VALUES(87,9,0,1001,1248,0,1,'{"rank":2}',NULL,NULL,NULL);
INSERT INTO "exchange_ticket_reward_m" VALUES(88,9,0,1001,1249,0,1,'{"rank":2}',NULL,NULL,NULL);
INSERT INTO "exchange_ticket_reward_m" VALUES(89,9,0,1001,1250,0,1,'{"rank":2}',NULL,NULL,NULL);
INSERT INTO "exchange_ticket_reward_m" VALUES(90,9,0,1001,1251,0,1,'{"rank":2}',NULL,NULL,NULL);
INSERT INTO "exchange_ticket_reward_m" VALUES(91,10,0,1001,1818,0,1,'{"rank":2}',NULL,NULL,NULL);
INSERT INTO "exchange_ticket_reward_m" VALUES(92,10,0,1001,1819,0,1,'{"rank":2}',NULL,NULL,NULL);
INSERT INTO "exchange_ticket_reward_m" VALUES(93,10,0,1001,1820,0,1,'{"rank":2}',NULL,NULL,NULL);
INSERT INTO "exchange_ticket_reward_m" VALUES(94,10,0,1001,1821,0,1,'{"rank":2}',NULL,NULL,NULL);
INSERT INTO "exchange_ticket_reward_m" VALUES(95,10,0,1001,1822,0,1,'{"rank":2}',NULL,NULL,NULL);
INSERT INTO "exchange_ticket_reward_m" VALUES(96,10,0,1001,1823,0,1,'{"rank":2}',NULL,NULL,NULL);
INSERT INTO "exchange_ticket_reward_m" VALUES(97,10,0,1001,1824,0,1,'{"rank":2}',NULL,NULL,NULL);
INSERT INTO "exchange_ticket_reward_m" VALUES(98,10,0,1001,1825,0,1,'{"rank":2}',NULL,NULL,NULL);
INSERT INTO "exchange_ticket_reward_m" VALUES(99,10,0,1001,1826,0,1,'{"rank":2}',NULL,NULL,NULL);
INSERT INTO "exchange_ticket_reward_m" VALUES(100,11,0,5100,212,0,1,NULL,NULL,NULL,NULL);
INSERT INTO "exchange_ticket_reward_m" VALUES(101,11,0,5100,213,0,1,NULL,NULL,NULL,NULL);
INSERT INTO "exchange_ticket_reward_m" VALUES(102,11,0,5100,214,0,1,NULL,NULL,NULL,NULL);
INSERT INTO "exchange_ticket_reward_m" VALUES(103,11,0,5100,215,0,1,NULL,NULL,NULL,NULL);
INSERT INTO "exchange_ticket_reward_m" VALUES(104,11,0,5100,216,0,1,NULL,NULL,NULL,NULL);
INSERT INTO "exchange_ticket_reward_m" VALUES(105,11,0,5100,217,0,1,NULL,NULL,NULL,NULL);
INSERT INTO "exchange_ticket_reward_m" VALUES(106,11,0,5100,218,0,1,NULL,NULL,NULL,NULL);
INSERT INTO "exchange_ticket_reward_m" VALUES(107,11,0,5100,219,0,1,NULL,NULL,NULL,NULL);
INSERT INTO "exchange_ticket_reward_m" VALUES(108,11,0,5100,220,0,1,NULL,NULL,NULL,NULL);
INSERT INTO "exchange_ticket_reward_m" VALUES(109,12,0,5100,221,0,1,NULL,NULL,NULL,NULL);
INSERT INTO "exchange_ticket_reward_m" VALUES(110,12,0,5100,222,0,1,NULL,NULL,NULL,NULL);
INSERT INTO "exchange_ticket_reward_m" VALUES(111,12,0,5100,223,0,1,NULL,NULL,NULL,NULL);
INSERT INTO "exchange_ticket_reward_m" VALUES(112,12,0,5100,224,0,1,NULL,NULL,NULL,NULL);
INSERT INTO "exchange_ticket_reward_m" VALUES(113,12,0,5100,225,0,1,NULL,NULL,NULL,NULL);
INSERT INTO "exchange_ticket_reward_m" VALUES(114,12,0,5100,226,0,1,NULL,NULL,NULL,NULL);
INSERT INTO "exchange_ticket_reward_m" VALUES(115,12,0,5100,227,0,1,NULL,NULL,NULL,NULL);
INSERT INTO "exchange_ticket_reward_m" VALUES(116,12,0,5100,228,0,1,NULL,NULL,NULL,NULL);
INSERT INTO "exchange_ticket_reward_m" VALUES(117,12,0,5100,229,0,1,NULL,NULL,NULL,NULL);
INSERT INTO "exchange_ticket_reward_m" VALUES(118,13,0,1001,1868,0,1,NULL,NULL,NULL,NULL);
INSERT INTO "exchange_ticket_reward_m" VALUES(119,13,0,1001,1869,0,1,NULL,NULL,NULL,NULL);
INSERT INTO "exchange_ticket_reward_m" VALUES(120,13,0,1001,1870,0,1,NULL,NULL,NULL,NULL);
INSERT INTO "exchange_ticket_reward_m" VALUES(121,13,0,1001,1871,0,1,NULL,NULL,NULL,NULL);
INSERT INTO "exchange_ticket_reward_m" VALUES(122,13,0,1001,1872,0,1,NULL,NULL,NULL,NULL);
INSERT INTO "exchange_ticket_reward_m" VALUES(123,13,0,1001,1873,0,1,NULL,NULL,NULL,NULL);
INSERT INTO "exchange_ticket_reward_m" VALUES(124,13,0,1001,1874,0,1,NULL,NULL,NULL,NULL);
INSERT INTO "exchange_ticket_reward_m" VALUES(125,13,0,1001,1875,0,1,NULL,NULL,NULL,NULL);
INSERT INTO "exchange_ticket_reward_m" VALUES(126,13,0,1001,1876,0,1,NULL,NULL,NULL,NULL);
INSERT INTO "exchange_ticket_reward_m" VALUES(127,14,0,1001,1889,0,1,'{"rank":2}',NULL,NULL,NULL);
INSERT INTO "exchange_ticket_reward_m" VALUES(128,14,0,1001,1890,0,1,'{"rank":2}',NULL,NULL,NULL);
INSERT INTO "exchange_ticket_reward_m" VALUES(129,14,0,1001,1891,0,1,'{"rank":2}',NULL,NULL,NULL);
INSERT INTO "exchange_ticket_reward_m" VALUES(130,14,0,1001,1892,0,1,'{"rank":2}',NULL,NULL,NULL);
INSERT INTO "exchange_ticket_reward_m" VALUES(131,14,0,1001,1893,0,1,'{"rank":2}',NULL,NULL,NULL);
INSERT INTO "exchange_ticket_reward_m" VALUES(132,14,0,1001,1894,0,1,'{"rank":2}',NULL,NULL,NULL);
INSERT INTO "exchange_ticket_reward_m" VALUES(133,14,0,1001,1895,0,1,'{"rank":2}',NULL,NULL,NULL);
INSERT INTO "exchange_ticket_reward_m" VALUES(134,14,0,1001,1896,0,1,'{"rank":2}',NULL,NULL,NULL);
INSERT INTO "exchange_ticket_reward_m" VALUES(135,14,0,1001,1897,0,1,'{"rank":2}',NULL,NULL,NULL);
INSERT INTO "exchange_ticket_reward_m" VALUES(136,15,0,1001,1950,0,1,NULL,NULL,NULL,NULL);
INSERT INTO "exchange_ticket_reward_m" VALUES(137,15,0,1001,1951,0,1,NULL,NULL,NULL,NULL);
INSERT INTO "exchange_ticket_reward_m" VALUES(138,16,0,1001,390,0,1,NULL,NULL,NULL,NULL);
INSERT INTO "exchange_ticket_reward_m" VALUES(139,16,0,1001,388,0,1,NULL,NULL,NULL,NULL);
INSERT INTO "exchange_ticket_reward_m" VALUES(140,16,0,1001,389,0,1,NULL,NULL,NULL,NULL);
INSERT INTO "exchange_ticket_reward_m" VALUES(141,16,0,1001,387,0,1,NULL,NULL,NULL,NULL);
INSERT INTO "exchange_ticket_reward_m" VALUES(142,17,0,1001,1085,0,1,NULL,NULL,NULL,NULL);
INSERT INTO "exchange_ticket_reward_m" VALUES(143,17,0,1001,1359,0,1,NULL,NULL,NULL,NULL);
INSERT INTO "exchange_ticket_reward_m" VALUES(144,18,0,1001,2096,NULL,1,'{"rank":2}',NULL,NULL,NULL);
INSERT INTO "exchange_ticket_reward_m" VALUES(145,18,0,1001,2097,NULL,1,'{"rank":2}',NULL,NULL,NULL);
INSERT INTO "exchange_ticket_reward_m" VALUES(146,18,0,1001,2098,NULL,1,'{"rank":2}',NULL,NULL,NULL);
INSERT INTO "exchange_ticket_reward_m" VALUES(147,18,0,1001,2099,NULL,1,'{"rank":2}',NULL,NULL,NULL);
INSERT INTO "exchange_ticket_reward_m" VALUES(148,18,0,1001,2100,NULL,1,'{"rank":2}',NULL,NULL,NULL);
INSERT INTO "exchange_ticket_reward_m" VALUES(149,18,0,1001,2101,NULL,1,'{"rank":2}',NULL,NULL,NULL);
INSERT INTO "exchange_ticket_reward_m" VALUES(150,18,0,1001,2102,NULL,1,'{"rank":2}',NULL,NULL,NULL);
INSERT INTO "exchange_ticket_reward_m" VALUES(151,18,0,1001,2103,NULL,1,'{"rank":2}',NULL,NULL,NULL);
INSERT INTO "exchange_ticket_reward_m" VALUES(152,18,0,1001,2104,NULL,1,'{"rank":2}',NULL,NULL,NULL);
INSERT INTO "exchange_ticket_reward_m" VALUES(153,19,1,1001,2227,NULL,1,'{"rank":2}',NULL,NULL,NULL);
INSERT INTO "exchange_ticket_reward_m" VALUES(154,19,2,1001,2228,NULL,1,'{"rank":2}',NULL,NULL,NULL);
INSERT INTO "exchange_ticket_reward_m" VALUES(155,21,0,1001,2358,NULL,1,'{"rank":2}',NULL,NULL,NULL);
INSERT INTO "exchange_ticket_reward_m" VALUES(156,21,0,1001,2359,NULL,1,'{"rank":2}',NULL,NULL,NULL);
INSERT INTO "exchange_ticket_reward_m" VALUES(157,21,0,1001,2360,NULL,1,'{"rank":2}',NULL,NULL,NULL);
INSERT INTO "exchange_ticket_reward_m" VALUES(158,21,0,1001,2361,NULL,1,'{"rank":2}',NULL,NULL,NULL);
INSERT INTO "exchange_ticket_reward_m" VALUES(159,21,0,1001,2363,NULL,1,'{"rank":2}',NULL,NULL,NULL);
INSERT INTO "exchange_ticket_reward_m" VALUES(160,20,1,1001,902,NULL,1,NULL,NULL,NULL,NULL);
INSERT INTO "exchange_ticket_reward_m" VALUES(161,20,1,1001,1220,NULL,1,NULL,NULL,NULL,NULL);
INSERT INTO "exchange_ticket_reward_m" VALUES(162,20,1,1001,826,NULL,1,NULL,NULL,NULL,NULL);
INSERT INTO "exchange_ticket_reward_m" VALUES(163,20,1,1001,282,NULL,1,NULL,NULL,NULL,NULL);
INSERT INTO "exchange_ticket_reward_m" VALUES(164,20,1,1001,1625,NULL,1,NULL,NULL,NULL,NULL);
INSERT INTO "exchange_ticket_reward_m" VALUES(165,20,1,1001,330,NULL,1,NULL,NULL,NULL,NULL);
INSERT INTO "exchange_ticket_reward_m" VALUES(166,20,1,1001,728,NULL,1,NULL,NULL,NULL,NULL);
INSERT INTO "exchange_ticket_reward_m" VALUES(167,20,1,1001,1198,NULL,1,NULL,NULL,NULL,NULL);
INSERT INTO "exchange_ticket_reward_m" VALUES(168,20,1,1001,574,NULL,1,NULL,NULL,NULL,NULL);
INSERT INTO "exchange_ticket_reward_m" VALUES(169,20,1,1001,781,NULL,1,NULL,NULL,NULL,NULL);
INSERT INTO "exchange_ticket_reward_m" VALUES(170,20,1,1001,1334,NULL,1,NULL,NULL,NULL,NULL);
INSERT INTO "exchange_ticket_reward_m" VALUES(171,20,1,1001,149,NULL,1,NULL,NULL,NULL,NULL);
INSERT INTO "exchange_ticket_reward_m" VALUES(172,20,1,1001,463,NULL,1,NULL,NULL,NULL,NULL);
INSERT INTO "exchange_ticket_reward_m" VALUES(173,20,1,1001,1303,NULL,1,NULL,NULL,NULL,NULL);
INSERT INTO "exchange_ticket_reward_m" VALUES(174,20,1,1001,883,NULL,1,NULL,NULL,NULL,NULL);
INSERT INTO "exchange_ticket_reward_m" VALUES(175,20,1,1001,1075,NULL,1,NULL,NULL,NULL,NULL);
INSERT INTO "exchange_ticket_reward_m" VALUES(176,20,1,1001,1691,NULL,1,NULL,NULL,NULL,NULL);
INSERT INTO "exchange_ticket_reward_m" VALUES(177,20,1,1001,611,NULL,1,NULL,NULL,NULL,NULL);
INSERT INTO "exchange_ticket_reward_m" VALUES(178,20,1,1001,367,NULL,1,NULL,NULL,NULL,NULL);
INSERT INTO "exchange_ticket_reward_m" VALUES(179,20,1,1001,1496,NULL,1,NULL,NULL,NULL,NULL);
INSERT INTO "exchange_ticket_reward_m" VALUES(180,20,1,1001,442,NULL,1,NULL,NULL,NULL,NULL);
INSERT INTO "exchange_ticket_reward_m" VALUES(181,20,1,1001,677,NULL,1,NULL,NULL,NULL,NULL);
INSERT INTO "exchange_ticket_reward_m" VALUES(182,20,1,1001,1394,NULL,1,NULL,NULL,NULL,NULL);
INSERT INTO "exchange_ticket_reward_m" VALUES(183,20,1,1001,265,NULL,1,NULL,NULL,NULL,NULL);
INSERT INTO "exchange_ticket_reward_m" VALUES(184,20,1,1001,801,NULL,1,NULL,NULL,NULL,NULL);
INSERT INTO "exchange_ticket_reward_m" VALUES(185,20,1,1001,1153,NULL,1,NULL,NULL,NULL,NULL);
INSERT INTO "exchange_ticket_reward_m" VALUES(186,20,1,1001,911,NULL,1,NULL,NULL,NULL,NULL);
INSERT INTO "exchange_ticket_reward_m" VALUES(187,20,2,1001,1055,NULL,1,NULL,NULL,NULL,NULL);
INSERT INTO "exchange_ticket_reward_m" VALUES(188,20,2,1001,1813,NULL,1,NULL,NULL,NULL,NULL);
INSERT INTO "exchange_ticket_reward_m" VALUES(189,20,2,1001,1287,NULL,1,NULL,NULL,NULL,NULL);
INSERT INTO "exchange_ticket_reward_m" VALUES(190,20,2,1001,1308,NULL,1,NULL,NULL,NULL,NULL);
INSERT INTO "exchange_ticket_reward_m" VALUES(191,20,2,1001,1578,NULL,1,NULL,NULL,NULL,NULL);
INSERT INTO "exchange_ticket_reward_m" VALUES(192,20,2,1001,1193,NULL,1,NULL,NULL,NULL,NULL);
INSERT INTO "exchange_ticket_reward_m" VALUES(193,20,2,1001,1148,NULL,1,NULL,NULL,NULL,NULL);
INSERT INTO "exchange_ticket_reward_m" VALUES(194,20,2,1001,1629,NULL,1,NULL,NULL,NULL,NULL);
INSERT INTO "exchange_ticket_reward_m" VALUES(195,20,2,1001,1009,NULL,1,NULL,NULL,NULL,NULL);
INSERT INTO "exchange_ticket_reward_m" VALUES(196,20,2,1001,1353,NULL,1,NULL,NULL,NULL,NULL);
INSERT INTO "exchange_ticket_reward_m" VALUES(197,20,2,1001,1766,NULL,1,NULL,NULL,NULL,NULL);
INSERT INTO "exchange_ticket_reward_m" VALUES(198,20,2,1001,1158,NULL,1,NULL,NULL,NULL,NULL);
INSERT INTO "exchange_ticket_reward_m" VALUES(199,20,2,1001,1225,NULL,1,NULL,NULL,NULL,NULL);
INSERT INTO "exchange_ticket_reward_m" VALUES(200,20,2,1001,1782,NULL,1,NULL,NULL,NULL,NULL);
INSERT INTO "exchange_ticket_reward_m" VALUES(201,20,2,1001,1298,NULL,1,NULL,NULL,NULL,NULL);
INSERT INTO "exchange_ticket_reward_m" VALUES(202,20,2,1001,1169,NULL,1,NULL,NULL,NULL,NULL);
INSERT INTO "exchange_ticket_reward_m" VALUES(203,20,2,1001,1707,NULL,1,NULL,NULL,NULL,NULL);
INSERT INTO "exchange_ticket_reward_m" VALUES(204,20,2,1001,1020,NULL,1,NULL,NULL,NULL,NULL);
INSERT INTO "exchange_ticket_reward_m" VALUES(205,20,2,1001,976,NULL,1,NULL,NULL,NULL,NULL);
INSERT INTO "exchange_ticket_reward_m" VALUES(206,20,2,1001,1649,NULL,1,NULL,NULL,NULL,NULL);
INSERT INTO "exchange_ticket_reward_m" VALUES(207,20,2,1001,1182,NULL,1,NULL,NULL,NULL,NULL);
INSERT INTO "exchange_ticket_reward_m" VALUES(208,20,2,1001,1203,NULL,1,NULL,NULL,NULL,NULL);
INSERT INTO "exchange_ticket_reward_m" VALUES(209,20,2,1001,1561,NULL,1,NULL,NULL,NULL,NULL);
INSERT INTO "exchange_ticket_reward_m" VALUES(210,20,2,1001,1136,NULL,1,NULL,NULL,NULL,NULL);
INSERT INTO "exchange_ticket_reward_m" VALUES(211,20,2,1001,987,NULL,1,NULL,NULL,NULL,NULL);
INSERT INTO "exchange_ticket_reward_m" VALUES(212,20,2,1001,1672,NULL,1,NULL,NULL,NULL,NULL);
INSERT INTO "exchange_ticket_reward_m" VALUES(213,20,2,1001,1265,NULL,1,NULL,NULL,NULL,NULL);
INSERT INTO "exchange_ticket_reward_m" VALUES(214,22,0,1001,939,NULL,1,NULL,NULL,NULL,NULL);
INSERT INTO "exchange_ticket_reward_m" VALUES(215,22,0,1001,943,NULL,1,NULL,NULL,NULL,NULL);
INSERT INTO "exchange_ticket_reward_m" VALUES(216,22,0,1001,947,NULL,1,NULL,NULL,NULL,NULL);
INSERT INTO "exchange_ticket_reward_m" VALUES(217,22,0,1001,941,NULL,1,NULL,NULL,NULL,NULL);
INSERT INTO "exchange_ticket_reward_m" VALUES(218,22,0,1001,945,NULL,1,NULL,NULL,NULL,NULL);
INSERT INTO "exchange_ticket_reward_m" VALUES(219,22,0,1001,946,NULL,1,NULL,NULL,NULL,NULL);
INSERT INTO "exchange_ticket_reward_m" VALUES(220,22,0,1001,940,NULL,1,NULL,NULL,NULL,NULL);
INSERT INTO "exchange_ticket_reward_m" VALUES(221,22,0,1001,942,NULL,1,NULL,NULL,NULL,NULL);
INSERT INTO "exchange_ticket_reward_m" VALUES(222,22,0,1001,944,NULL,1,NULL,NULL,NULL,NULL);
INSERT INTO "exchange_ticket_reward_m" VALUES(223,22,0,1001,992,NULL,1,NULL,NULL,NULL,NULL);
INSERT INTO "exchange_ticket_reward_m" VALUES(224,22,0,1001,1014,NULL,1,NULL,NULL,NULL,NULL);
INSERT INTO "exchange_ticket_reward_m" VALUES(225,22,0,1001,1037,NULL,1,NULL,NULL,NULL,NULL);
INSERT INTO "exchange_ticket_reward_m" VALUES(226,22,0,1001,1062,NULL,1,NULL,NULL,NULL,NULL);
INSERT INTO "exchange_ticket_reward_m" VALUES(227,22,0,1001,1089,NULL,1,NULL,NULL,NULL,NULL);
INSERT INTO "exchange_ticket_reward_m" VALUES(228,22,0,1001,1119,NULL,1,NULL,NULL,NULL,NULL);
INSERT INTO "exchange_ticket_reward_m" VALUES(229,22,0,1001,1141,NULL,1,NULL,NULL,NULL,NULL);
INSERT INTO "exchange_ticket_reward_m" VALUES(230,22,0,1001,1163,NULL,1,NULL,NULL,NULL,NULL);
INSERT INTO "exchange_ticket_reward_m" VALUES(231,22,0,1001,1187,NULL,1,NULL,NULL,NULL,NULL);
INSERT INTO "exchange_ticket_reward_m" VALUES(232,22,0,1001,1208,NULL,1,NULL,NULL,NULL,NULL);
INSERT INTO "exchange_ticket_reward_m" VALUES(233,22,0,1001,1230,NULL,1,NULL,NULL,NULL,NULL);
INSERT INTO "exchange_ticket_reward_m" VALUES(234,22,0,1001,1270,NULL,1,NULL,NULL,NULL,NULL);
INSERT INTO "exchange_ticket_reward_m" VALUES(235,22,0,1001,1292,NULL,1,NULL,NULL,NULL,NULL);
INSERT INTO "exchange_ticket_reward_m" VALUES(236,22,0,1001,1313,NULL,1,NULL,NULL,NULL,NULL);
INSERT INTO "exchange_ticket_reward_m" VALUES(237,22,0,1001,1347,NULL,1,NULL,NULL,NULL,NULL);
INSERT INTO "exchange_ticket_reward_m" VALUES(238,22,0,1001,1377,NULL,1,NULL,NULL,NULL,NULL);
INSERT INTO "exchange_ticket_reward_m" VALUES(239,22,0,1001,1419,NULL,1,NULL,NULL,NULL,NULL);
INSERT INTO "exchange_ticket_reward_m" VALUES(240,22,0,1001,1444,NULL,1,NULL,NULL,NULL,NULL);
INSERT INTO "exchange_ticket_reward_m" VALUES(241,22,0,1001,1478,NULL,1,NULL,NULL,NULL,NULL);
INSERT INTO "exchange_ticket_reward_m" VALUES(242,22,0,1001,1520,NULL,1,NULL,NULL,NULL,NULL);
INSERT INTO "exchange_ticket_reward_m" VALUES(243,22,0,1001,1570,NULL,1,NULL,NULL,NULL,NULL);
INSERT INTO "exchange_ticket_reward_m" VALUES(244,22,0,1001,1608,NULL,1,NULL,NULL,NULL,NULL);
INSERT INTO "exchange_ticket_reward_m" VALUES(245,23,0,1001,67,NULL,1,NULL,NULL,NULL,NULL);
INSERT INTO "exchange_ticket_reward_m" VALUES(246,23,0,1001,68,NULL,1,NULL,NULL,NULL,NULL);
INSERT INTO "exchange_ticket_reward_m" VALUES(247,23,0,1001,71,NULL,1,NULL,NULL,NULL,NULL);
INSERT INTO "exchange_ticket_reward_m" VALUES(248,23,0,1001,81,NULL,1,NULL,NULL,NULL,NULL);
INSERT INTO "exchange_ticket_reward_m" VALUES(249,23,0,1001,96,NULL,1,NULL,NULL,NULL,NULL);
INSERT INTO "exchange_ticket_reward_m" VALUES(250,23,0,1001,108,NULL,1,NULL,NULL,NULL,NULL);
INSERT INTO "exchange_ticket_reward_m" VALUES(251,23,0,1001,113,NULL,1,NULL,NULL,NULL,NULL);
INSERT INTO "exchange_ticket_reward_m" VALUES(252,23,0,1001,132,NULL,1,NULL,NULL,NULL,NULL);
INSERT INTO "exchange_ticket_reward_m" VALUES(253,23,0,1001,138,NULL,1,NULL,NULL,NULL,NULL);
INSERT INTO "exchange_ticket_reward_m" VALUES(254,23,0,1001,149,NULL,1,NULL,NULL,NULL,NULL);
INSERT INTO "exchange_ticket_reward_m" VALUES(255,23,0,1001,156,NULL,1,NULL,NULL,NULL,NULL);
INSERT INTO "exchange_ticket_reward_m" VALUES(256,23,0,1001,165,NULL,1,NULL,NULL,NULL,NULL);
INSERT INTO "exchange_ticket_reward_m" VALUES(257,23,0,1001,172,NULL,1,NULL,NULL,NULL,NULL);
INSERT INTO "exchange_ticket_reward_m" VALUES(258,23,0,1001,180,NULL,1,NULL,NULL,NULL,NULL);
INSERT INTO "exchange_ticket_reward_m" VALUES(259,23,0,1001,188,NULL,1,NULL,NULL,NULL,NULL);
INSERT INTO "exchange_ticket_reward_m" VALUES(260,23,0,1001,196,NULL,1,NULL,NULL,NULL,NULL);
INSERT INTO "exchange_ticket_reward_m" VALUES(261,23,0,1001,203,NULL,1,NULL,NULL,NULL,NULL);
INSERT INTO "exchange_ticket_reward_m" VALUES(262,23,0,1001,213,NULL,1,NULL,NULL,NULL,NULL);
INSERT INTO "exchange_ticket_reward_m" VALUES(263,23,0,1001,222,NULL,1,NULL,NULL,NULL,NULL);
INSERT INTO "exchange_ticket_reward_m" VALUES(264,23,0,1001,249,NULL,1,NULL,NULL,NULL,NULL);
INSERT INTO "exchange_ticket_reward_m" VALUES(265,23,0,1001,257,NULL,1,NULL,NULL,NULL,NULL);
INSERT INTO "exchange_ticket_reward_m" VALUES(266,23,0,1001,265,NULL,1,NULL,NULL,NULL,NULL);
INSERT INTO "exchange_ticket_reward_m" VALUES(267,23,0,1001,272,NULL,1,NULL,NULL,NULL,NULL);
INSERT INTO "exchange_ticket_reward_m" VALUES(268,23,0,1001,282,NULL,1,NULL,NULL,NULL,NULL);
INSERT INTO "exchange_ticket_reward_m" VALUES(269,23,0,1001,298,NULL,1,NULL,NULL,NULL,NULL);
INSERT INTO "exchange_ticket_reward_m" VALUES(270,23,0,1001,315,NULL,1,NULL,NULL,NULL,NULL);
INSERT INTO "exchange_ticket_reward_m" VALUES(271,23,0,1001,322,NULL,1,NULL,NULL,NULL,NULL);
INSERT INTO "exchange_ticket_reward_m" VALUES(272,23,0,1001,330,NULL,1,NULL,NULL,NULL,NULL);
INSERT INTO "exchange_ticket_reward_m" VALUES(273,23,0,1001,338,NULL,1,NULL,NULL,NULL,NULL);
INSERT INTO "exchange_ticket_reward_m" VALUES(274,23,0,1001,358,NULL,1,NULL,NULL,NULL,NULL);
INSERT INTO "exchange_ticket_reward_m" VALUES(275,23,0,1001,367,NULL,1,NULL,NULL,NULL,NULL);
INSERT INTO "exchange_ticket_reward_m" VALUES(276,23,0,1001,378,NULL,1,NULL,NULL,NULL,NULL);
INSERT INTO "exchange_ticket_reward_m" VALUES(277,23,0,1001,397,NULL,1,NULL,NULL,NULL,NULL);
INSERT INTO "exchange_ticket_reward_m" VALUES(278,23,0,1001,408,NULL,1,NULL,NULL,NULL,NULL);
INSERT INTO "exchange_ticket_reward_m" VALUES(279,23,0,1001,415,NULL,1,NULL,NULL,NULL,NULL);
INSERT INTO "exchange_ticket_reward_m" VALUES(280,23,0,1001,425,NULL,1,NULL,NULL,NULL,NULL);
INSERT INTO "exchange_ticket_reward_m" VALUES(281,23,0,1001,442,NULL,1,NULL,NULL,NULL,NULL);
INSERT INTO "exchange_ticket_reward_m" VALUES(282,23,0,1001,456,NULL,1,NULL,NULL,NULL,NULL);
INSERT INTO "exchange_ticket_reward_m" VALUES(283,23,0,1001,463,NULL,1,NULL,NULL,NULL,NULL);
INSERT INTO "exchange_ticket_reward_m" VALUES(284,23,0,1001,476,NULL,1,NULL,NULL,NULL,NULL);
INSERT INTO "exchange_ticket_reward_m" VALUES(285,23,0,1001,483,NULL,1,NULL,NULL,NULL,NULL);
INSERT INTO "exchange_ticket_reward_m" VALUES(286,23,0,1001,507,NULL,1,NULL,NULL,NULL,NULL);
INSERT INTO "exchange_ticket_reward_m" VALUES(287,23,0,1001,514,NULL,1,NULL,NULL,NULL,NULL);
INSERT INTO "exchange_ticket_reward_m" VALUES(288,23,0,1001,531,NULL,1,NULL,NULL,NULL,NULL);
INSERT INTO "exchange_ticket_reward_m" VALUES(289,23,0,1001,538,NULL,1,NULL,NULL,NULL,NULL);
INSERT INTO "exchange_ticket_reward_m" VALUES(290,23,0,1001,549,NULL,1,NULL,NULL,NULL,NULL);
INSERT INTO "exchange_ticket_reward_m" VALUES(291,23,0,1001,556,NULL,1,NULL,NULL,NULL,NULL);
INSERT INTO "exchange_ticket_reward_m" VALUES(292,23,0,1001,574,NULL,1,NULL,NULL,NULL,NULL);
INSERT INTO "exchange_ticket_reward_m" VALUES(293,23,0,1001,581,NULL,1,NULL,NULL,NULL,NULL);
INSERT INTO "exchange_ticket_reward_m" VALUES(294,23,0,1001,592,NULL,1,NULL,NULL,NULL,NULL);
INSERT INTO "exchange_ticket_reward_m" VALUES(295,23,0,1001,602,NULL,1,NULL,NULL,NULL,NULL);
INSERT INTO "exchange_ticket_reward_m" VALUES(296,23,0,1001,611,NULL,1,NULL,NULL,NULL,NULL);
INSERT INTO "exchange_ticket_reward_m" VALUES(297,23,0,1001,637,NULL,1,NULL,NULL,NULL,NULL);
INSERT INTO "exchange_ticket_reward_m" VALUES(298,23,0,1001,645,NULL,1,NULL,NULL,NULL,NULL);
INSERT INTO "exchange_ticket_reward_m" VALUES(299,23,0,1001,652,NULL,1,NULL,NULL,NULL,NULL);
INSERT INTO "exchange_ticket_reward_m" VALUES(300,23,0,1001,661,NULL,1,NULL,NULL,NULL,NULL);
INSERT INTO "exchange_ticket_reward_m" VALUES(301,23,0,1001,668,NULL,1,NULL,NULL,NULL,NULL);
INSERT INTO "exchange_ticket_reward_m" VALUES(302,23,0,1001,677,NULL,1,NULL,NULL,NULL,NULL);
INSERT INTO "exchange_ticket_reward_m" VALUES(303,23,0,1001,693,NULL,1,NULL,NULL,NULL,NULL);
INSERT INTO "exchange_ticket_reward_m" VALUES(304,23,0,1001,703,NULL,1,NULL,NULL,NULL,NULL);
INSERT INTO "exchange_ticket_reward_m" VALUES(305,23,0,1001,710,NULL,1,NULL,NULL,NULL,NULL);
INSERT INTO "exchange_ticket_reward_m" VALUES(306,23,0,1001,728,NULL,1,NULL,NULL,NULL,NULL);
INSERT INTO "exchange_ticket_reward_m" VALUES(307,23,0,1001,735,NULL,1,NULL,NULL,NULL,NULL);
INSERT INTO "exchange_ticket_reward_m" VALUES(308,23,0,1001,746,NULL,1,NULL,NULL,NULL,NULL);
INSERT INTO "exchange_ticket_reward_m" VALUES(309,23,0,1001,763,NULL,1,NULL,NULL,NULL,NULL);
INSERT INTO "exchange_ticket_reward_m" VALUES(310,23,0,1001,774,NULL,1,NULL,NULL,NULL,NULL);
INSERT INTO "exchange_ticket_reward_m" VALUES(311,23,0,1001,781,NULL,1,NULL,NULL,NULL,NULL);
INSERT INTO "exchange_ticket_reward_m" VALUES(312,23,0,1001,801,NULL,1,NULL,NULL,NULL,NULL);
INSERT INTO "exchange_ticket_reward_m" VALUES(313,23,0,1001,817,NULL,1,NULL,NULL,NULL,NULL);
INSERT INTO "exchange_ticket_reward_m" VALUES(314,23,0,1001,826,NULL,1,NULL,NULL,NULL,NULL);
INSERT INTO "exchange_ticket_reward_m" VALUES(315,23,0,1001,842,NULL,1,NULL,NULL,NULL,NULL);
INSERT INTO "exchange_ticket_reward_m" VALUES(316,23,0,1001,854,NULL,1,NULL,NULL,NULL,NULL);
INSERT INTO "exchange_ticket_reward_m" VALUES(317,23,0,1001,864,NULL,1,NULL,NULL,NULL,NULL);
INSERT INTO "exchange_ticket_reward_m" VALUES(318,23,0,1001,873,NULL,1,NULL,NULL,NULL,NULL);
INSERT INTO "exchange_ticket_reward_m" VALUES(319,23,0,1001,883,NULL,1,NULL,NULL,NULL,NULL);
INSERT INTO "exchange_ticket_reward_m" VALUES(320,23,0,1001,891,NULL,1,NULL,NULL,NULL,NULL);
INSERT INTO "exchange_ticket_reward_m" VALUES(321,23,0,1001,902,NULL,1,NULL,NULL,NULL,NULL);
INSERT INTO "exchange_ticket_reward_m" VALUES(322,23,0,1001,911,NULL,1,NULL,NULL,NULL,NULL);
INSERT INTO "exchange_ticket_reward_m" VALUES(323,23,0,1001,967,NULL,1,NULL,NULL,NULL,NULL);
INSERT INTO "exchange_ticket_reward_m" VALUES(324,23,0,1001,982,NULL,1,NULL,NULL,NULL,NULL);
INSERT INTO "exchange_ticket_reward_m" VALUES(325,23,0,1001,1004,NULL,1,NULL,NULL,NULL,NULL);
INSERT INTO "exchange_ticket_reward_m" VALUES(326,23,0,1001,1027,NULL,1,NULL,NULL,NULL,NULL);
INSERT INTO "exchange_ticket_reward_m" VALUES(327,23,0,1001,1048,NULL,1,NULL,NULL,NULL,NULL);
INSERT INTO "exchange_ticket_reward_m" VALUES(328,23,0,1001,1075,NULL,1,NULL,NULL,NULL,NULL);
INSERT INTO "exchange_ticket_reward_m" VALUES(329,23,0,1001,1109,NULL,1,NULL,NULL,NULL,NULL);
INSERT INTO "exchange_ticket_reward_m" VALUES(330,23,0,1001,1131,NULL,1,NULL,NULL,NULL,NULL);
INSERT INTO "exchange_ticket_reward_m" VALUES(331,23,0,1001,1153,NULL,1,NULL,NULL,NULL,NULL);
INSERT INTO "exchange_ticket_reward_m" VALUES(332,23,0,1001,1177,NULL,1,NULL,NULL,NULL,NULL);
INSERT INTO "exchange_ticket_reward_m" VALUES(333,23,0,1001,1198,NULL,1,NULL,NULL,NULL,NULL);
INSERT INTO "exchange_ticket_reward_m" VALUES(334,23,0,1001,1220,NULL,1,NULL,NULL,NULL,NULL);
INSERT INTO "exchange_ticket_reward_m" VALUES(335,23,0,1001,1242,NULL,1,NULL,NULL,NULL,NULL);
INSERT INTO "exchange_ticket_reward_m" VALUES(336,23,0,1001,1282,NULL,1,NULL,NULL,NULL,NULL);
INSERT INTO "exchange_ticket_reward_m" VALUES(337,23,0,1001,1303,NULL,1,NULL,NULL,NULL,NULL);
INSERT INTO "exchange_ticket_reward_m" VALUES(338,23,0,1001,1334,NULL,1,NULL,NULL,NULL,NULL);
INSERT INTO "exchange_ticket_reward_m" VALUES(339,23,0,1001,1367,NULL,1,NULL,NULL,NULL,NULL);
INSERT INTO "exchange_ticket_reward_m" VALUES(340,23,0,1001,1394,NULL,1,NULL,NULL,NULL,NULL);
INSERT INTO "exchange_ticket_reward_m" VALUES(341,23,0,1001,1433,NULL,1,NULL,NULL,NULL,NULL);
INSERT INTO "exchange_ticket_reward_m" VALUES(342,23,0,1001,1468,NULL,1,NULL,NULL,NULL,NULL);
INSERT INTO "exchange_ticket_reward_m" VALUES(343,23,0,1001,1496,NULL,1,NULL,NULL,NULL,NULL);
INSERT INTO "exchange_ticket_reward_m" VALUES(344,23,0,1001,1556,NULL,1,NULL,NULL,NULL,NULL);
INSERT INTO "exchange_ticket_reward_m" VALUES(345,23,0,1001,1592,NULL,1,NULL,NULL,NULL,NULL);
INSERT INTO "exchange_ticket_reward_m" VALUES(346,23,0,1001,1551,NULL,1,NULL,NULL,NULL,NULL);
INSERT INTO "exchange_ticket_reward_m" VALUES(347,23,0,1001,1588,NULL,1,NULL,NULL,NULL,NULL);
INSERT INTO "exchange_ticket_reward_m" VALUES(348,23,0,1001,1552,NULL,1,NULL,NULL,NULL,NULL);
INSERT INTO "exchange_ticket_reward_m" VALUES(349,23,0,1001,1553,NULL,1,NULL,NULL,NULL,NULL);
INSERT INTO "exchange_ticket_reward_m" VALUES(350,23,0,1001,1492,NULL,1,NULL,NULL,NULL,NULL);
INSERT INTO "exchange_ticket_reward_m" VALUES(351,23,0,1001,1493,NULL,1,NULL,NULL,NULL,NULL);
INSERT INTO "exchange_ticket_reward_m" VALUES(352,23,0,1001,1589,NULL,1,NULL,NULL,NULL,NULL);
INSERT INTO "exchange_ticket_reward_m" VALUES(353,23,0,1001,1494,NULL,1,NULL,NULL,NULL,NULL);
INSERT INTO "exchange_ticket_reward_m" VALUES(354,23,0,1001,1590,NULL,1,NULL,NULL,NULL,NULL);
INSERT INTO "exchange_ticket_reward_m" VALUES(355,24,0,1001,948,NULL,1,NULL,NULL,NULL,NULL);
INSERT INTO "exchange_ticket_reward_m" VALUES(356,24,0,1001,954,NULL,1,NULL,NULL,NULL,NULL);
INSERT INTO "exchange_ticket_reward_m" VALUES(357,24,0,1001,955,NULL,1,NULL,NULL,NULL,NULL);
INSERT INTO "exchange_ticket_reward_m" VALUES(358,24,0,1001,950,NULL,1,NULL,NULL,NULL,NULL);
INSERT INTO "exchange_ticket_reward_m" VALUES(359,24,0,1001,952,NULL,1,NULL,NULL,NULL,NULL);
INSERT INTO "exchange_ticket_reward_m" VALUES(360,24,0,1001,956,NULL,1,NULL,NULL,NULL,NULL);
INSERT INTO "exchange_ticket_reward_m" VALUES(361,24,0,1001,949,NULL,1,NULL,NULL,NULL,NULL);
INSERT INTO "exchange_ticket_reward_m" VALUES(362,24,0,1001,951,NULL,1,NULL,NULL,NULL,NULL);
INSERT INTO "exchange_ticket_reward_m" VALUES(363,24,0,1001,953,NULL,1,NULL,NULL,NULL,NULL);
INSERT INTO "exchange_ticket_reward_m" VALUES(364,24,0,1001,975,NULL,1,NULL,NULL,NULL,NULL);
INSERT INTO "exchange_ticket_reward_m" VALUES(365,24,0,1001,986,NULL,1,NULL,NULL,NULL,NULL);
INSERT INTO "exchange_ticket_reward_m" VALUES(366,24,0,1001,998,NULL,1,NULL,NULL,NULL,NULL);
INSERT INTO "exchange_ticket_reward_m" VALUES(367,24,0,1001,1008,NULL,1,NULL,NULL,NULL,NULL);
INSERT INTO "exchange_ticket_reward_m" VALUES(368,24,0,1001,1019,NULL,1,NULL,NULL,NULL,NULL);
INSERT INTO "exchange_ticket_reward_m" VALUES(369,24,0,1001,1031,NULL,1,NULL,NULL,NULL,NULL);
INSERT INTO "exchange_ticket_reward_m" VALUES(370,24,0,1001,1042,NULL,1,NULL,NULL,NULL,NULL);
INSERT INTO "exchange_ticket_reward_m" VALUES(371,24,0,1001,1054,NULL,1,NULL,NULL,NULL,NULL);
INSERT INTO "exchange_ticket_reward_m" VALUES(372,24,0,1001,1067,NULL,1,NULL,NULL,NULL,NULL);
INSERT INTO "exchange_ticket_reward_m" VALUES(373,24,0,1001,1079,NULL,1,NULL,NULL,NULL,NULL);
INSERT INTO "exchange_ticket_reward_m" VALUES(374,24,0,1001,1103,NULL,1,NULL,NULL,NULL,NULL);
INSERT INTO "exchange_ticket_reward_m" VALUES(375,24,0,1001,1113,NULL,1,NULL,NULL,NULL,NULL);
INSERT INTO "exchange_ticket_reward_m" VALUES(376,24,0,1001,1124,NULL,1,NULL,NULL,NULL,NULL);
INSERT INTO "exchange_ticket_reward_m" VALUES(377,24,0,1001,1135,NULL,1,NULL,NULL,NULL,NULL);
INSERT INTO "exchange_ticket_reward_m" VALUES(378,24,0,1001,1147,NULL,1,NULL,NULL,NULL,NULL);
INSERT INTO "exchange_ticket_reward_m" VALUES(379,24,0,1001,1157,NULL,1,NULL,NULL,NULL,NULL);
INSERT INTO "exchange_ticket_reward_m" VALUES(380,24,0,1001,1168,NULL,1,NULL,NULL,NULL,NULL);
INSERT INTO "exchange_ticket_reward_m" VALUES(381,24,0,1001,1181,NULL,1,NULL,NULL,NULL,NULL);
INSERT INTO "exchange_ticket_reward_m" VALUES(382,24,0,1001,1192,NULL,1,NULL,NULL,NULL,NULL);
INSERT INTO "exchange_ticket_reward_m" VALUES(383,24,0,1001,1202,NULL,1,NULL,NULL,NULL,NULL);
INSERT INTO "exchange_ticket_reward_m" VALUES(384,24,0,1001,1213,NULL,1,NULL,NULL,NULL,NULL);
INSERT INTO "exchange_ticket_reward_m" VALUES(385,24,0,1001,1224,NULL,1,NULL,NULL,NULL,NULL);
INSERT INTO "exchange_ticket_reward_m" VALUES(386,24,0,1001,1236,NULL,1,NULL,NULL,NULL,NULL);
INSERT INTO "exchange_ticket_reward_m" VALUES(387,24,0,1001,1264,NULL,1,NULL,NULL,NULL,NULL);
INSERT INTO "exchange_ticket_reward_m" VALUES(388,24,0,1001,1275,NULL,1,NULL,NULL,NULL,NULL);
INSERT INTO "exchange_ticket_reward_m" VALUES(389,24,0,1001,1286,NULL,1,NULL,NULL,NULL,NULL);
INSERT INTO "exchange_ticket_reward_m" VALUES(390,24,0,1001,1297,NULL,1,NULL,NULL,NULL,NULL);
INSERT INTO "exchange_ticket_reward_m" VALUES(391,24,0,1001,1307,NULL,1,NULL,NULL,NULL,NULL);
INSERT INTO "exchange_ticket_reward_m" VALUES(392,24,0,1001,1327,NULL,1,NULL,NULL,NULL,NULL);
INSERT INTO "exchange_ticket_reward_m" VALUES(393,24,0,1001,1341,NULL,1,NULL,NULL,NULL,NULL);
INSERT INTO "exchange_ticket_reward_m" VALUES(394,24,0,1001,1352,NULL,1,NULL,NULL,NULL,NULL);
INSERT INTO "exchange_ticket_reward_m" VALUES(395,24,0,1001,1371,NULL,1,NULL,NULL,NULL,NULL);
INSERT INTO "exchange_ticket_reward_m" VALUES(396,24,0,1001,1382,NULL,1,NULL,NULL,NULL,NULL);
INSERT INTO "exchange_ticket_reward_m" VALUES(397,24,0,1001,1398,NULL,1,NULL,NULL,NULL,NULL);
INSERT INTO "exchange_ticket_reward_m" VALUES(398,24,0,1001,1424,NULL,1,NULL,NULL,NULL,NULL);
INSERT INTO "exchange_ticket_reward_m" VALUES(399,24,0,1001,1437,NULL,1,NULL,NULL,NULL,NULL);
INSERT INTO "exchange_ticket_reward_m" VALUES(400,24,0,1001,1458,NULL,1,NULL,NULL,NULL,NULL);
INSERT INTO "exchange_ticket_reward_m" VALUES(401,24,0,1001,1472,NULL,1,NULL,NULL,NULL,NULL);
INSERT INTO "exchange_ticket_reward_m" VALUES(402,24,0,1001,1484,NULL,1,NULL,NULL,NULL,NULL);
INSERT INTO "exchange_ticket_reward_m" VALUES(403,24,0,1001,1502,NULL,1,NULL,NULL,NULL,NULL);
INSERT INTO "exchange_ticket_reward_m" VALUES(404,24,0,1001,1525,NULL,1,NULL,NULL,NULL,NULL);
INSERT INTO "exchange_ticket_reward_m" VALUES(405,24,0,1001,1560,NULL,1,NULL,NULL,NULL,NULL);
INSERT INTO "exchange_ticket_reward_m" VALUES(406,24,0,1001,1577,NULL,1,NULL,NULL,NULL,NULL);
INSERT INTO "exchange_ticket_reward_m" VALUES(407,24,0,1001,1595,NULL,1,NULL,NULL,NULL,NULL);
INSERT INTO "exchange_ticket_reward_m" VALUES(408,25,0,1001,957,NULL,1,NULL,NULL,NULL,NULL);
INSERT INTO "exchange_ticket_reward_m" VALUES(409,25,0,1001,959,NULL,1,NULL,NULL,NULL,NULL);
INSERT INTO "exchange_ticket_reward_m" VALUES(410,25,0,1001,958,NULL,1,NULL,NULL,NULL,NULL);
INSERT INTO "exchange_ticket_reward_m" VALUES(411,25,0,1001,976,NULL,1,NULL,NULL,NULL,NULL);
INSERT INTO "exchange_ticket_reward_m" VALUES(412,25,0,1001,987,NULL,1,NULL,NULL,NULL,NULL);
INSERT INTO "exchange_ticket_reward_m" VALUES(413,25,0,1001,999,NULL,1,NULL,NULL,NULL,NULL);
INSERT INTO "exchange_ticket_reward_m" VALUES(414,25,0,1001,1009,NULL,1,NULL,NULL,NULL,NULL);
INSERT INTO "exchange_ticket_reward_m" VALUES(415,25,0,1001,1020,NULL,1,NULL,NULL,NULL,NULL);
INSERT INTO "exchange_ticket_reward_m" VALUES(416,25,0,1001,1032,NULL,1,NULL,NULL,NULL,NULL);
INSERT INTO "exchange_ticket_reward_m" VALUES(417,25,0,1001,1043,NULL,1,NULL,NULL,NULL,NULL);
INSERT INTO "exchange_ticket_reward_m" VALUES(418,25,0,1001,1055,NULL,1,NULL,NULL,NULL,NULL);
INSERT INTO "exchange_ticket_reward_m" VALUES(419,25,0,1001,1068,NULL,1,NULL,NULL,NULL,NULL);
INSERT INTO "exchange_ticket_reward_m" VALUES(420,25,0,1001,1080,NULL,1,NULL,NULL,NULL,NULL);
INSERT INTO "exchange_ticket_reward_m" VALUES(421,25,0,1001,1104,NULL,1,NULL,NULL,NULL,NULL);
INSERT INTO "exchange_ticket_reward_m" VALUES(422,25,0,1001,1114,NULL,1,NULL,NULL,NULL,NULL);
INSERT INTO "exchange_ticket_reward_m" VALUES(423,25,0,1001,1125,NULL,1,NULL,NULL,NULL,NULL);
INSERT INTO "exchange_ticket_reward_m" VALUES(424,25,0,1001,1136,NULL,1,NULL,NULL,NULL,NULL);
INSERT INTO "exchange_ticket_reward_m" VALUES(425,25,0,1001,1148,NULL,1,NULL,NULL,NULL,NULL);
INSERT INTO "exchange_ticket_reward_m" VALUES(426,25,0,1001,1158,NULL,1,NULL,NULL,NULL,NULL);
INSERT INTO "exchange_ticket_reward_m" VALUES(427,25,0,1001,1169,NULL,1,NULL,NULL,NULL,NULL);
INSERT INTO "exchange_ticket_reward_m" VALUES(428,25,0,1001,1182,NULL,1,NULL,NULL,NULL,NULL);
INSERT INTO "exchange_ticket_reward_m" VALUES(429,25,0,1001,1193,NULL,1,NULL,NULL,NULL,NULL);
INSERT INTO "exchange_ticket_reward_m" VALUES(430,25,0,1001,1203,NULL,1,NULL,NULL,NULL,NULL);
INSERT INTO "exchange_ticket_reward_m" VALUES(431,25,0,1001,1214,NULL,1,NULL,NULL,NULL,NULL);
INSERT INTO "exchange_ticket_reward_m" VALUES(432,25,0,1001,1225,NULL,1,NULL,NULL,NULL,NULL);
INSERT INTO "exchange_ticket_reward_m" VALUES(433,25,0,1001,1237,NULL,1,NULL,NULL,NULL,NULL);
INSERT INTO "exchange_ticket_reward_m" VALUES(434,25,0,1001,1265,NULL,1,NULL,NULL,NULL,NULL);
INSERT INTO "exchange_ticket_reward_m" VALUES(435,25,0,1001,1276,NULL,1,NULL,NULL,NULL,NULL);
INSERT INTO "exchange_ticket_reward_m" VALUES(436,25,0,1001,1287,NULL,1,NULL,NULL,NULL,NULL);
INSERT INTO "exchange_ticket_reward_m" VALUES(437,25,0,1001,1298,NULL,1,NULL,NULL,NULL,NULL);
INSERT INTO "exchange_ticket_reward_m" VALUES(438,25,0,1001,1308,NULL,1,NULL,NULL,NULL,NULL);
INSERT INTO "exchange_ticket_reward_m" VALUES(439,25,0,1001,1328,NULL,1,NULL,NULL,NULL,NULL);
INSERT INTO "exchange_ticket_reward_m" VALUES(440,25,0,1001,1342,NULL,1,NULL,NULL,NULL,NULL);
INSERT INTO "exchange_ticket_reward_m" VALUES(441,25,0,1001,1353,NULL,1,NULL,NULL,NULL,NULL);
INSERT INTO "exchange_ticket_reward_m" VALUES(442,25,0,1001,1372,NULL,1,NULL,NULL,NULL,NULL);
INSERT INTO "exchange_ticket_reward_m" VALUES(443,25,0,1001,1383,NULL,1,NULL,NULL,NULL,NULL);
INSERT INTO "exchange_ticket_reward_m" VALUES(444,25,0,1001,1399,NULL,1,NULL,NULL,NULL,NULL);
INSERT INTO "exchange_ticket_reward_m" VALUES(445,25,0,1001,1425,NULL,1,NULL,NULL,NULL,NULL);
INSERT INTO "exchange_ticket_reward_m" VALUES(446,25,0,1001,1438,NULL,1,NULL,NULL,NULL,NULL);
INSERT INTO "exchange_ticket_reward_m" VALUES(447,25,0,1001,1459,NULL,1,NULL,NULL,NULL,NULL);
INSERT INTO "exchange_ticket_reward_m" VALUES(448,25,0,1001,1473,NULL,1,NULL,NULL,NULL,NULL);
INSERT INTO "exchange_ticket_reward_m" VALUES(449,25,0,1001,1485,NULL,1,NULL,NULL,NULL,NULL);
INSERT INTO "exchange_ticket_reward_m" VALUES(450,25,0,1001,1503,NULL,1,NULL,NULL,NULL,NULL);
INSERT INTO "exchange_ticket_reward_m" VALUES(451,25,0,1001,1526,NULL,1,NULL,NULL,NULL,NULL);
INSERT INTO "exchange_ticket_reward_m" VALUES(452,25,0,1001,1561,NULL,1,NULL,NULL,NULL,NULL);
INSERT INTO "exchange_ticket_reward_m" VALUES(453,25,0,1001,1578,NULL,1,NULL,NULL,NULL,NULL);
INSERT INTO "exchange_ticket_reward_m" VALUES(454,25,0,1001,1596,NULL,1,NULL,NULL,NULL,NULL);
INSERT INTO "exchange_ticket_reward_m" VALUES(455,25,0,1001,1604,NULL,1,NULL,NULL,NULL,NULL);
INSERT INTO "exchange_ticket_reward_m" VALUES(456,25,0,1001,1605,NULL,1,NULL,NULL,NULL,NULL);
INSERT INTO "exchange_ticket_reward_m" VALUES(457,25,0,1001,1516,NULL,1,NULL,NULL,NULL,NULL);
INSERT INTO "exchange_ticket_reward_m" VALUES(458,25,0,1001,1517,NULL,1,NULL,NULL,NULL,NULL);
INSERT INTO "exchange_ticket_reward_m" VALUES(459,25,0,1001,1606,NULL,1,NULL,NULL,NULL,NULL);
INSERT INTO "exchange_ticket_reward_m" VALUES(460,25,0,1001,1566,NULL,1,NULL,NULL,NULL,NULL);
INSERT INTO "exchange_ticket_reward_m" VALUES(461,25,0,1001,1567,NULL,1,NULL,NULL,NULL,NULL);
INSERT INTO "exchange_ticket_reward_m" VALUES(462,25,0,1001,1518,NULL,1,NULL,NULL,NULL,NULL);
INSERT INTO "exchange_ticket_reward_m" VALUES(463,25,0,1001,1568,NULL,1,NULL,NULL,NULL,NULL);
INSERT INTO "exchange_ticket_reward_m" VALUES(464,26,0,1001,2376,NULL,1,'{"rank":2}',NULL,NULL,NULL);
INSERT INTO "exchange_ticket_reward_m" VALUES(465,26,0,1001,2379,NULL,1,'{"rank":2}',NULL,NULL,NULL);
INSERT INTO "exchange_ticket_reward_m" VALUES(466,26,0,1001,2380,NULL,1,'{"rank":2}',NULL,NULL,NULL);
INSERT INTO "exchange_ticket_reward_m" VALUES(467,26,0,1001,2381,NULL,1,'{"rank":2}',NULL,NULL,NULL);
INSERT INTO "exchange_ticket_reward_m" VALUES(468,26,0,1001,2382,NULL,1,'{"rank":2}',NULL,NULL,NULL);
INSERT INTO "exchange_ticket_reward_m" VALUES(469,27,0,1001,2390,NULL,1,'{"rank":2}',NULL,NULL,NULL);
INSERT INTO "exchange_ticket_reward_m" VALUES(470,27,0,1001,2392,NULL,1,'{"rank":2}',NULL,NULL,NULL);
INSERT INTO "exchange_ticket_reward_m" VALUES(471,27,0,1001,2393,NULL,1,'{"rank":2}',NULL,NULL,NULL);
INSERT INTO "exchange_ticket_reward_m" VALUES(472,27,0,1001,2395,NULL,1,'{"rank":2}',NULL,NULL,NULL);
INSERT INTO "exchange_ticket_reward_m" VALUES(473,27,0,1001,2396,NULL,1,'{"rank":2}',NULL,NULL,NULL);
INSERT INTO "exchange_ticket_reward_m" VALUES(476,23,0,1001,69,NULL,1,NULL,NULL,NULL,NULL);
INSERT INTO "exchange_ticket_reward_m" VALUES(477,23,0,1001,72,NULL,1,NULL,NULL,NULL,NULL);
INSERT INTO "exchange_ticket_reward_m" VALUES(478,28,0,1001,2404,NULL,1,'{"rank":2}',NULL,NULL,NULL);
INSERT INTO "exchange_ticket_reward_m" VALUES(479,28,0,1001,2407,NULL,1,'{"rank":2}',NULL,NULL,NULL);
INSERT INTO "exchange_ticket_reward_m" VALUES(480,28,0,1001,2408,NULL,1,'{"rank":2}',NULL,NULL,NULL);
INSERT INTO "exchange_ticket_reward_m" VALUES(481,28,0,1001,2409,NULL,1,'{"rank":2}',NULL,NULL,NULL);
INSERT INTO "exchange_ticket_reward_m" VALUES(482,28,0,1001,2410,NULL,1,'{"rank":2}',NULL,NULL,NULL);
INSERT INTO "exchange_ticket_reward_m" VALUES(483,29,0,1001,2420,NULL,1,'{"rank":2}',NULL,NULL,NULL);
INSERT INTO "exchange_ticket_reward_m" VALUES(484,29,0,1001,2421,NULL,1,'{"rank":2}',NULL,NULL,NULL);
INSERT INTO "exchange_ticket_reward_m" VALUES(485,29,0,1001,2423,NULL,1,'{"rank":2}',NULL,NULL,NULL);
INSERT INTO "exchange_ticket_reward_m" VALUES(486,29,0,1001,2424,NULL,1,'{"rank":2}',NULL,NULL,NULL);
INSERT INTO "exchange_ticket_reward_m" VALUES(487,29,0,1001,2425,NULL,1,'{"rank":2}',NULL,NULL,NULL);
INSERT INTO "exchange_ticket_reward_m" VALUES(488,30,0,1001,2437,NULL,1,'{"rank":2}',NULL,NULL,NULL);
INSERT INTO "exchange_ticket_reward_m" VALUES(489,30,0,1001,2438,NULL,1,'{"rank":2}',NULL,NULL,NULL);
INSERT INTO "exchange_ticket_reward_m" VALUES(490,30,0,1001,2439,NULL,1,'{"rank":2}',NULL,NULL,NULL);
INSERT INTO "exchange_ticket_reward_m" VALUES(491,30,0,1001,2440,NULL,1,'{"rank":2}',NULL,NULL,NULL);
INSERT INTO "exchange_ticket_reward_m" VALUES(492,30,0,1001,2442,NULL,1,'{"rank":2}',NULL,NULL,NULL);
INSERT INTO "exchange_ticket_reward_m" VALUES(493,31,0,1001,896,NULL,1,NULL,NULL,NULL,NULL);
INSERT INTO "exchange_ticket_reward_m" VALUES(494,31,0,1001,1330,NULL,1,NULL,NULL,NULL,NULL);
INSERT INTO "exchange_ticket_reward_m" VALUES(495,31,0,1001,1732,NULL,1,NULL,NULL,NULL,NULL);
INSERT INTO "exchange_ticket_reward_m" VALUES(496,31,0,1001,1070,NULL,1,NULL,NULL,NULL,NULL);
INSERT INTO "exchange_ticket_reward_m" VALUES(497,31,0,1001,1603,NULL,1,NULL,NULL,NULL,NULL);
INSERT INTO "exchange_ticket_reward_m" VALUES(498,31,0,1001,1195,NULL,1,NULL,NULL,NULL,NULL);
INSERT INTO "exchange_ticket_reward_m" VALUES(499,31,0,1001,1514,NULL,1,NULL,NULL,NULL,NULL);
INSERT INTO "exchange_ticket_reward_m" VALUES(500,31,0,1001,2007,NULL,1,NULL,NULL,NULL,NULL);
INSERT INTO "exchange_ticket_reward_m" VALUES(501,31,0,1001,1173,NULL,1,NULL,NULL,NULL,NULL);
INSERT INTO "exchange_ticket_reward_m" VALUES(502,31,0,1001,1770,NULL,1,NULL,NULL,NULL,NULL);
INSERT INTO "exchange_ticket_reward_m" VALUES(503,31,0,1001,2225,NULL,1,NULL,NULL,NULL,NULL);
INSERT INTO "exchange_ticket_reward_m" VALUES(504,31,0,1001,1216,NULL,1,NULL,NULL,NULL,NULL);
INSERT INTO "exchange_ticket_reward_m" VALUES(505,31,0,1001,1697,NULL,1,NULL,NULL,NULL,NULL);
INSERT INTO "exchange_ticket_reward_m" VALUES(506,31,0,1001,1838,NULL,1,NULL,NULL,NULL,NULL);
INSERT INTO "exchange_ticket_reward_m" VALUES(507,31,0,1001,2250,NULL,1,NULL,NULL,NULL,NULL);
INSERT INTO "exchange_ticket_reward_m" VALUES(508,31,0,1001,1106,NULL,1,NULL,NULL,NULL,NULL);
INSERT INTO "exchange_ticket_reward_m" VALUES(509,31,0,1001,1565,NULL,1,NULL,NULL,NULL,NULL);
INSERT INTO "exchange_ticket_reward_m" VALUES(510,31,0,1001,979,NULL,1,NULL,NULL,NULL,NULL);
INSERT INTO "exchange_ticket_reward_m" VALUES(511,31,0,1001,1301,NULL,1,NULL,NULL,NULL,NULL);
INSERT INTO "exchange_ticket_reward_m" VALUES(512,31,0,1001,1663,NULL,1,NULL,NULL,NULL,NULL);
INSERT INTO "exchange_ticket_reward_m" VALUES(513,31,0,1001,1953,NULL,1,NULL,NULL,NULL,NULL);
INSERT INTO "exchange_ticket_reward_m" VALUES(514,31,0,1001,1002,NULL,1,NULL,NULL,NULL,NULL);
INSERT INTO "exchange_ticket_reward_m" VALUES(515,31,0,1001,1361,NULL,1,NULL,NULL,NULL,NULL);
INSERT INTO "exchange_ticket_reward_m" VALUES(516,31,0,1001,2071,NULL,1,NULL,NULL,NULL,NULL);
INSERT INTO "exchange_ticket_reward_m" VALUES(517,31,0,1001,2328,NULL,1,NULL,NULL,NULL,NULL);
INSERT INTO "exchange_ticket_reward_m" VALUES(518,31,0,1001,1023,NULL,1,NULL,NULL,NULL,NULL);
INSERT INTO "exchange_ticket_reward_m" VALUES(519,31,0,1001,1442,NULL,1,NULL,NULL,NULL,NULL);
INSERT INTO "exchange_ticket_reward_m" VALUES(520,31,0,1001,2036,NULL,1,NULL,NULL,NULL,NULL);
INSERT INTO "exchange_ticket_reward_m" VALUES(521,31,0,1001,1045,NULL,1,NULL,NULL,NULL,NULL);
INSERT INTO "exchange_ticket_reward_m" VALUES(522,31,0,1001,1475,NULL,1,NULL,NULL,NULL,NULL);
INSERT INTO "exchange_ticket_reward_m" VALUES(523,31,0,1001,1952,NULL,1,NULL,NULL,NULL,NULL);
INSERT INTO "exchange_ticket_reward_m" VALUES(524,31,0,1001,1150,NULL,1,NULL,NULL,NULL,NULL);
INSERT INTO "exchange_ticket_reward_m" VALUES(525,31,0,1001,1413,NULL,1,NULL,NULL,NULL,NULL);
INSERT INTO "exchange_ticket_reward_m" VALUES(526,31,0,1001,1794,NULL,1,NULL,NULL,NULL,NULL);
INSERT INTO "exchange_ticket_reward_m" VALUES(527,31,0,1001,1001,NULL,1,NULL,NULL,NULL,NULL);
INSERT INTO "exchange_ticket_reward_m" VALUES(528,31,0,1001,1240,NULL,1,NULL,NULL,NULL,NULL);
INSERT INTO "exchange_ticket_reward_m" VALUES(529,31,0,1001,1837,NULL,1,NULL,NULL,NULL,NULL);
INSERT INTO "exchange_ticket_reward_m" VALUES(530,31,0,1001,2278,NULL,1,NULL,NULL,NULL,NULL);
INSERT INTO "exchange_ticket_reward_m" VALUES(531,31,0,1001,1071,NULL,1,NULL,NULL,NULL,NULL);
INSERT INTO "exchange_ticket_reward_m" VALUES(532,31,0,1001,1515,NULL,1,NULL,NULL,NULL,NULL);
INSERT INTO "exchange_ticket_reward_m" VALUES(533,31,0,1001,2094,NULL,1,NULL,NULL,NULL,NULL);
INSERT INTO "exchange_ticket_reward_m" VALUES(534,31,0,1001,978,NULL,1,NULL,NULL,NULL,NULL);
INSERT INTO "exchange_ticket_reward_m" VALUES(535,31,0,1001,1279,NULL,1,NULL,NULL,NULL,NULL);
INSERT INTO "exchange_ticket_reward_m" VALUES(536,31,0,1001,2035,NULL,1,NULL,NULL,NULL,NULL);
INSERT INTO "exchange_ticket_reward_m" VALUES(537,31,0,1001,1217,NULL,1,NULL,NULL,NULL,NULL);
INSERT INTO "exchange_ticket_reward_m" VALUES(538,31,0,1001,1662,NULL,1,NULL,NULL,NULL,NULL);
INSERT INTO "exchange_ticket_reward_m" VALUES(539,31,0,1001,2150,NULL,1,NULL,NULL,NULL,NULL);
INSERT INTO "exchange_ticket_reward_m" VALUES(540,31,0,1001,2226,NULL,1,NULL,NULL,NULL,NULL);
INSERT INTO "exchange_ticket_reward_m" VALUES(541,31,0,1001,1128,NULL,1,NULL,NULL,NULL,NULL);
INSERT INTO "exchange_ticket_reward_m" VALUES(542,31,0,1001,1886,NULL,1,NULL,NULL,NULL,NULL);
INSERT INTO "exchange_ticket_reward_m" VALUES(543,31,0,1001,2300,NULL,1,NULL,NULL,NULL,NULL);
INSERT INTO "exchange_ticket_reward_m" VALUES(544,31,0,1001,1174,NULL,1,NULL,NULL,NULL,NULL);
INSERT INTO "exchange_ticket_reward_m" VALUES(545,31,0,1001,1698,NULL,1,NULL,NULL,NULL,NULL);
INSERT INTO "exchange_ticket_reward_m" VALUES(546,31,0,1001,1927,NULL,1,NULL,NULL,NULL,NULL);
INSERT INTO "exchange_ticket_reward_m" VALUES(547,31,0,1001,2204,NULL,1,NULL,NULL,NULL,NULL);
INSERT INTO "exchange_ticket_reward_m" VALUES(548,31,0,1001,962,NULL,1,NULL,NULL,NULL,NULL);
INSERT INTO "exchange_ticket_reward_m" VALUES(549,31,0,1001,1362,NULL,1,NULL,NULL,NULL,NULL);
INSERT INTO "exchange_ticket_reward_m" VALUES(550,31,0,1001,1631,NULL,1,NULL,NULL,NULL,NULL);
INSERT INTO "exchange_ticket_reward_m" VALUES(551,31,0,1001,1239,NULL,1,NULL,NULL,NULL,NULL);
INSERT INTO "exchange_ticket_reward_m" VALUES(552,31,0,1001,1602,NULL,1,NULL,NULL,NULL,NULL);
INSERT INTO "exchange_ticket_reward_m" VALUES(553,31,0,1001,2249,NULL,1,NULL,NULL,NULL,NULL);
INSERT INTO "exchange_ticket_reward_m" VALUES(554,31,0,1001,897,NULL,1,NULL,NULL,NULL,NULL);
INSERT INTO "exchange_ticket_reward_m" VALUES(555,31,0,1001,1278,NULL,1,NULL,NULL,NULL,NULL);
INSERT INTO "exchange_ticket_reward_m" VALUES(556,31,0,1001,2006,NULL,1,NULL,NULL,NULL,NULL);
INSERT INTO "exchange_ticket_reward_m" VALUES(557,31,0,1001,2203,NULL,1,NULL,NULL,NULL,NULL);
INSERT INTO "exchange_ticket_reward_m" VALUES(558,31,0,1001,2277,NULL,1,NULL,NULL,NULL,NULL);
INSERT INTO "exchange_ticket_reward_m" VALUES(559,31,0,1001,1127,NULL,1,NULL,NULL,NULL,NULL);
INSERT INTO "exchange_ticket_reward_m" VALUES(560,31,0,1001,1630,NULL,1,NULL,NULL,NULL,NULL);
INSERT INTO "exchange_ticket_reward_m" VALUES(561,31,0,1001,2149,NULL,1,NULL,NULL,NULL,NULL);
INSERT INTO "exchange_ticket_reward_m" VALUES(562,31,0,1001,961,NULL,1,NULL,NULL,NULL,NULL);
INSERT INTO "exchange_ticket_reward_m" VALUES(563,31,0,1001,1331,NULL,1,NULL,NULL,NULL,NULL);
INSERT INTO "exchange_ticket_reward_m" VALUES(564,31,0,1001,1564,NULL,1,NULL,NULL,NULL,NULL);
INSERT INTO "exchange_ticket_reward_m" VALUES(565,31,0,1001,1885,NULL,1,NULL,NULL,NULL,NULL);
INSERT INTO "exchange_ticket_reward_m" VALUES(566,31,0,1001,1046,NULL,1,NULL,NULL,NULL,NULL);
INSERT INTO "exchange_ticket_reward_m" VALUES(567,31,0,1001,1441,NULL,1,NULL,NULL,NULL,NULL);
INSERT INTO "exchange_ticket_reward_m" VALUES(568,31,0,1001,2095,NULL,1,NULL,NULL,NULL,NULL);
INSERT INTO "exchange_ticket_reward_m" VALUES(569,31,0,1001,2327,NULL,1,NULL,NULL,NULL,NULL);
INSERT INTO "exchange_ticket_reward_m" VALUES(570,31,0,1001,1022,NULL,1,NULL,NULL,NULL,NULL);
INSERT INTO "exchange_ticket_reward_m" VALUES(571,31,0,1001,1300,NULL,1,NULL,NULL,NULL,NULL);
INSERT INTO "exchange_ticket_reward_m" VALUES(572,31,0,1001,1795,NULL,1,NULL,NULL,NULL,NULL);
INSERT INTO "exchange_ticket_reward_m" VALUES(573,31,0,1001,1926,NULL,1,NULL,NULL,NULL,NULL);
INSERT INTO "exchange_ticket_reward_m" VALUES(574,31,0,1001,1196,NULL,1,NULL,NULL,NULL,NULL);
INSERT INTO "exchange_ticket_reward_m" VALUES(575,31,0,1001,1414,NULL,1,NULL,NULL,NULL,NULL);
INSERT INTO "exchange_ticket_reward_m" VALUES(576,31,0,1001,2070,NULL,1,NULL,NULL,NULL,NULL);
INSERT INTO "exchange_ticket_reward_m" VALUES(577,31,0,1001,1107,NULL,1,NULL,NULL,NULL,NULL);
INSERT INTO "exchange_ticket_reward_m" VALUES(578,31,0,1001,1476,NULL,1,NULL,NULL,NULL,NULL);
INSERT INTO "exchange_ticket_reward_m" VALUES(579,31,0,1001,1771,NULL,1,NULL,NULL,NULL,NULL);
INSERT INTO "exchange_ticket_reward_m" VALUES(580,31,0,1001,1151,NULL,1,NULL,NULL,NULL,NULL);
INSERT INTO "exchange_ticket_reward_m" VALUES(581,31,0,1001,1733,NULL,1,NULL,NULL,NULL,NULL);
INSERT INTO "exchange_ticket_reward_m" VALUES(582,31,0,1001,2301,NULL,1,NULL,NULL,NULL,NULL);
INSERT INTO "exchange_ticket_reward_m" VALUES(583,32,1,1001,282,NULL,1,NULL,NULL,NULL,NULL);
INSERT INTO "exchange_ticket_reward_m" VALUES(584,32,1,1001,728,NULL,1,NULL,NULL,NULL,NULL);
INSERT INTO "exchange_ticket_reward_m" VALUES(585,32,1,1001,1198,NULL,1,NULL,NULL,NULL,NULL);
INSERT INTO "exchange_ticket_reward_m" VALUES(586,32,1,1001,149,NULL,1,NULL,NULL,NULL,NULL);
INSERT INTO "exchange_ticket_reward_m" VALUES(587,32,1,1001,781,NULL,1,NULL,NULL,NULL,NULL);
INSERT INTO "exchange_ticket_reward_m" VALUES(588,32,1,1001,1334,NULL,1,NULL,NULL,NULL,NULL);
INSERT INTO "exchange_ticket_reward_m" VALUES(589,32,1,1001,611,NULL,1,NULL,NULL,NULL,NULL);
INSERT INTO "exchange_ticket_reward_m" VALUES(590,32,1,1001,1691,NULL,1,NULL,NULL,NULL,NULL);
INSERT INTO "exchange_ticket_reward_m" VALUES(591,32,1,1001,1496,NULL,1,NULL,NULL,NULL,NULL);
INSERT INTO "exchange_ticket_reward_m" VALUES(592,32,1,1001,265,NULL,1,NULL,NULL,NULL,NULL);
INSERT INTO "exchange_ticket_reward_m" VALUES(593,32,1,1001,1153,NULL,1,NULL,NULL,NULL,NULL);
INSERT INTO "exchange_ticket_reward_m" VALUES(594,32,1,1001,826,NULL,1,NULL,NULL,NULL,NULL);
INSERT INTO "exchange_ticket_reward_m" VALUES(595,32,1,1001,1220,NULL,1,NULL,NULL,NULL,NULL);
INSERT INTO "exchange_ticket_reward_m" VALUES(596,32,1,1001,1625,NULL,1,NULL,NULL,NULL,NULL);
INSERT INTO "exchange_ticket_reward_m" VALUES(597,32,1,1001,883,NULL,1,NULL,NULL,NULL,NULL);
INSERT INTO "exchange_ticket_reward_m" VALUES(598,32,1,1001,367,NULL,1,NULL,NULL,NULL,NULL);
INSERT INTO "exchange_ticket_reward_m" VALUES(599,32,1,1001,677,NULL,1,NULL,NULL,NULL,NULL);
INSERT INTO "exchange_ticket_reward_m" VALUES(600,32,1,1001,801,NULL,1,NULL,NULL,NULL,NULL);
INSERT INTO "exchange_ticket_reward_m" VALUES(601,32,1,1001,902,NULL,1,NULL,NULL,NULL,NULL);
INSERT INTO "exchange_ticket_reward_m" VALUES(602,32,1,1001,330,NULL,1,NULL,NULL,NULL,NULL);
INSERT INTO "exchange_ticket_reward_m" VALUES(603,32,1,1001,574,NULL,1,NULL,NULL,NULL,NULL);
INSERT INTO "exchange_ticket_reward_m" VALUES(604,32,1,1001,463,NULL,1,NULL,NULL,NULL,NULL);
INSERT INTO "exchange_ticket_reward_m" VALUES(605,32,1,1001,1303,NULL,1,NULL,NULL,NULL,NULL);
INSERT INTO "exchange_ticket_reward_m" VALUES(606,32,1,1001,1075,NULL,1,NULL,NULL,NULL,NULL);
INSERT INTO "exchange_ticket_reward_m" VALUES(607,32,1,1001,442,NULL,1,NULL,NULL,NULL,NULL);
INSERT INTO "exchange_ticket_reward_m" VALUES(608,32,1,1001,1394,NULL,1,NULL,NULL,NULL,NULL);
INSERT INTO "exchange_ticket_reward_m" VALUES(609,32,1,1001,911,NULL,1,NULL,NULL,NULL,NULL);
INSERT INTO "exchange_ticket_reward_m" VALUES(610,32,2,1001,1287,NULL,1,NULL,NULL,NULL,NULL);
INSERT INTO "exchange_ticket_reward_m" VALUES(611,32,2,1001,1813,NULL,1,NULL,NULL,NULL,NULL);
INSERT INTO "exchange_ticket_reward_m" VALUES(612,32,2,1001,1158,NULL,1,NULL,NULL,NULL,NULL);
INSERT INTO "exchange_ticket_reward_m" VALUES(613,32,2,1001,1766,NULL,1,NULL,NULL,NULL,NULL);
INSERT INTO "exchange_ticket_reward_m" VALUES(614,32,2,1001,1225,NULL,1,NULL,NULL,NULL,NULL);
INSERT INTO "exchange_ticket_reward_m" VALUES(615,32,2,1001,1707,NULL,1,NULL,NULL,NULL,NULL);
INSERT INTO "exchange_ticket_reward_m" VALUES(616,32,2,1001,976,NULL,1,NULL,NULL,NULL,NULL);
INSERT INTO "exchange_ticket_reward_m" VALUES(617,32,2,1001,1193,NULL,1,NULL,NULL,NULL,NULL);
INSERT INTO "exchange_ticket_reward_m" VALUES(618,32,2,1001,1578,NULL,1,NULL,NULL,NULL,NULL);
INSERT INTO "exchange_ticket_reward_m" VALUES(619,32,2,1001,1009,NULL,1,NULL,NULL,NULL,NULL);
INSERT INTO "exchange_ticket_reward_m" VALUES(620,32,2,1001,1298,NULL,1,NULL,NULL,NULL,NULL);
INSERT INTO "exchange_ticket_reward_m" VALUES(621,32,2,1001,1782,NULL,1,NULL,NULL,NULL,NULL);
INSERT INTO "exchange_ticket_reward_m" VALUES(622,32,2,1001,1169,NULL,1,NULL,NULL,NULL,NULL);
INSERT INTO "exchange_ticket_reward_m" VALUES(623,32,2,1001,1649,NULL,1,NULL,NULL,NULL,NULL);
INSERT INTO "exchange_ticket_reward_m" VALUES(624,32,2,1001,1136,NULL,1,NULL,NULL,NULL,NULL);
INSERT INTO "exchange_ticket_reward_m" VALUES(625,32,2,1001,1561,NULL,1,NULL,NULL,NULL,NULL);
INSERT INTO "exchange_ticket_reward_m" VALUES(626,32,2,1001,987,NULL,1,NULL,NULL,NULL,NULL);
INSERT INTO "exchange_ticket_reward_m" VALUES(627,32,2,1001,1055,NULL,1,NULL,NULL,NULL,NULL);
INSERT INTO "exchange_ticket_reward_m" VALUES(628,32,2,1001,1308,NULL,1,NULL,NULL,NULL,NULL);
INSERT INTO "exchange_ticket_reward_m" VALUES(629,32,2,1001,1148,NULL,1,NULL,NULL,NULL,NULL);
INSERT INTO "exchange_ticket_reward_m" VALUES(630,32,2,1001,1629,NULL,1,NULL,NULL,NULL,NULL);
INSERT INTO "exchange_ticket_reward_m" VALUES(631,32,2,1001,1353,NULL,1,NULL,NULL,NULL,NULL);
INSERT INTO "exchange_ticket_reward_m" VALUES(632,32,2,1001,1020,NULL,1,NULL,NULL,NULL,NULL);
INSERT INTO "exchange_ticket_reward_m" VALUES(633,32,2,1001,1182,NULL,1,NULL,NULL,NULL,NULL);
INSERT INTO "exchange_ticket_reward_m" VALUES(634,32,2,1001,1203,NULL,1,NULL,NULL,NULL,NULL);
INSERT INTO "exchange_ticket_reward_m" VALUES(635,32,2,1001,1265,NULL,1,NULL,NULL,NULL,NULL);
INSERT INTO "exchange_ticket_reward_m" VALUES(636,32,2,1001,1672,NULL,1,NULL,NULL,NULL,NULL);
INSERT INTO "exchange_ticket_reward_m" VALUES(637,33,0,1001,982,NULL,1,NULL,NULL,NULL,NULL);
INSERT INTO "exchange_ticket_reward_m" VALUES(638,33,0,1001,1282,NULL,1,NULL,NULL,NULL,NULL);
INSERT INTO "exchange_ticket_reward_m" VALUES(639,33,0,1001,149,NULL,1,NULL,NULL,NULL,NULL);
INSERT INTO "exchange_ticket_reward_m" VALUES(640,33,0,1001,2163,NULL,1,NULL,NULL,NULL,NULL);
INSERT INTO "exchange_ticket_reward_m" VALUES(641,33,0,1001,668,NULL,1,NULL,NULL,NULL,NULL);
INSERT INTO "exchange_ticket_reward_m" VALUES(642,33,0,1001,1691,NULL,1,NULL,NULL,NULL,NULL);
INSERT INTO "exchange_ticket_reward_m" VALUES(643,33,0,1001,138,NULL,1,NULL,NULL,NULL,NULL);
INSERT INTO "exchange_ticket_reward_m" VALUES(644,33,0,1001,2133,NULL,1,NULL,NULL,NULL,NULL);
INSERT INTO "exchange_ticket_reward_m" VALUES(645,33,0,1001,1004,NULL,1,NULL,NULL,NULL,NULL);
INSERT INTO "exchange_ticket_reward_m" VALUES(646,33,0,1001,367,NULL,1,NULL,NULL,NULL,NULL);
INSERT INTO "exchange_ticket_reward_m" VALUES(647,33,0,1001,652,NULL,1,NULL,NULL,NULL,NULL);
INSERT INTO "exchange_ticket_reward_m" VALUES(648,33,0,1001,2085,NULL,1,NULL,NULL,NULL,NULL);
INSERT INTO "exchange_ticket_reward_m" VALUES(649,33,0,1001,132,NULL,1,NULL,NULL,NULL,NULL);
INSERT INTO "exchange_ticket_reward_m" VALUES(650,33,0,1001,661,NULL,1,NULL,NULL,NULL,NULL);
INSERT INTO "exchange_ticket_reward_m" VALUES(651,33,0,1001,156,NULL,1,NULL,NULL,NULL,NULL);
INSERT INTO "exchange_ticket_reward_m" VALUES(652,33,0,1001,645,NULL,1,NULL,NULL,NULL,NULL);
INSERT INTO "exchange_ticket_reward_m" VALUES(653,33,0,1001,1303,NULL,1,NULL,NULL,NULL,NULL);
INSERT INTO "exchange_ticket_reward_m" VALUES(654,33,0,1001,358,NULL,1,NULL,NULL,NULL,NULL);
INSERT INTO "exchange_ticket_reward_m" VALUES(655,33,0,1001,2063,NULL,1,NULL,NULL,NULL,NULL);
INSERT INTO "exchange_ticket_reward_m" VALUES(656,33,0,1001,1724,NULL,1,NULL,NULL,NULL,NULL);
INSERT INTO "exchange_ticket_reward_m" VALUES(657,34,0,1001,1287,NULL,1,NULL,NULL,NULL,NULL);
INSERT INTO "exchange_ticket_reward_m" VALUES(658,34,0,1001,2092,NULL,1,NULL,NULL,NULL,NULL);
INSERT INTO "exchange_ticket_reward_m" VALUES(659,34,0,1001,976,NULL,1,NULL,NULL,NULL,NULL);
INSERT INTO "exchange_ticket_reward_m" VALUES(660,34,0,1001,999,NULL,1,NULL,NULL,NULL,NULL);
INSERT INTO "exchange_ticket_reward_m" VALUES(661,34,0,1001,1660,NULL,1,NULL,NULL,NULL,NULL);
INSERT INTO "exchange_ticket_reward_m" VALUES(662,34,0,1001,1009,NULL,1,NULL,NULL,NULL,NULL);
INSERT INTO "exchange_ticket_reward_m" VALUES(663,34,0,1001,2115,NULL,1,NULL,NULL,NULL,NULL);
INSERT INTO "exchange_ticket_reward_m" VALUES(664,34,0,1001,1169,NULL,1,NULL,NULL,NULL,NULL);
INSERT INTO "exchange_ticket_reward_m" VALUES(665,34,0,1001,1649,NULL,1,NULL,NULL,NULL,NULL);
INSERT INTO "exchange_ticket_reward_m" VALUES(666,34,0,1001,2080,NULL,1,NULL,NULL,NULL,NULL);
INSERT INTO "exchange_ticket_reward_m" VALUES(667,34,0,1001,987,NULL,1,NULL,NULL,NULL,NULL);
INSERT INTO "exchange_ticket_reward_m" VALUES(668,34,0,1001,2138,NULL,1,NULL,NULL,NULL,NULL);
INSERT INTO "exchange_ticket_reward_m" VALUES(669,34,0,1001,1276,NULL,1,NULL,NULL,NULL,NULL);
INSERT INTO "exchange_ticket_reward_m" VALUES(670,34,0,1001,1182,NULL,1,NULL,NULL,NULL,NULL);
INSERT INTO "exchange_ticket_reward_m" VALUES(671,34,0,1001,1696,NULL,1,NULL,NULL,NULL,NULL);
INSERT INTO "exchange_ticket_reward_m" VALUES(672,34,0,1001,1672,NULL,1,NULL,NULL,NULL,NULL);
INSERT INTO "exchange_ticket_reward_m" VALUES(673,35,1,1001,282,NULL,1,'{"sign_flag":1,"rank":2}',NULL,NULL,NULL);
INSERT INTO "exchange_ticket_reward_m" VALUES(674,35,1,1001,728,NULL,1,'{"sign_flag":1,"rank":2}',NULL,NULL,NULL);
INSERT INTO "exchange_ticket_reward_m" VALUES(675,35,1,1001,1198,NULL,1,'{"sign_flag":1,"rank":2}',NULL,NULL,NULL);
INSERT INTO "exchange_ticket_reward_m" VALUES(676,35,1,1001,781,NULL,1,'{"sign_flag":1,"rank":2}',NULL,NULL,NULL);
INSERT INTO "exchange_ticket_reward_m" VALUES(677,35,1,1001,1334,NULL,1,'{"sign_flag":1,"rank":2}',NULL,NULL,NULL);
INSERT INTO "exchange_ticket_reward_m" VALUES(678,35,1,1001,1997,NULL,1,'{"sign_flag":1,"rank":2}',NULL,NULL,NULL);
INSERT INTO "exchange_ticket_reward_m" VALUES(679,35,1,1001,1691,NULL,1,'{"sign_flag":1,"rank":2}',NULL,NULL,NULL);
INSERT INTO "exchange_ticket_reward_m" VALUES(680,35,1,1001,1496,NULL,1,'{"sign_flag":1,"rank":2}',NULL,NULL,NULL);
INSERT INTO "exchange_ticket_reward_m" VALUES(681,35,1,1001,1153,NULL,1,'{"sign_flag":1,"rank":2}',NULL,NULL,NULL);
INSERT INTO "exchange_ticket_reward_m" VALUES(682,35,1,1001,1220,NULL,1,'{"sign_flag":1,"rank":2}',NULL,NULL,NULL);
INSERT INTO "exchange_ticket_reward_m" VALUES(683,35,1,1001,1625,NULL,1,'{"sign_flag":1,"rank":2}',NULL,NULL,NULL);
INSERT INTO "exchange_ticket_reward_m" VALUES(684,35,1,1001,2133,NULL,1,'{"sign_flag":1,"rank":2}',NULL,NULL,NULL);
INSERT INTO "exchange_ticket_reward_m" VALUES(685,35,1,1001,367,NULL,1,'{"sign_flag":1,"rank":2}',NULL,NULL,NULL);
INSERT INTO "exchange_ticket_reward_m" VALUES(686,35,1,1001,1943,NULL,1,'{"sign_flag":1,"rank":2}',NULL,NULL,NULL);
INSERT INTO "exchange_ticket_reward_m" VALUES(687,35,1,1001,677,NULL,1,'{"sign_flag":1,"rank":2}',NULL,NULL,NULL);
INSERT INTO "exchange_ticket_reward_m" VALUES(688,35,1,1001,2085,NULL,1,'{"sign_flag":1,"rank":2}',NULL,NULL,NULL);
INSERT INTO "exchange_ticket_reward_m" VALUES(689,35,1,1001,801,NULL,1,'{"sign_flag":1,"rank":2}',NULL,NULL,NULL);
INSERT INTO "exchange_ticket_reward_m" VALUES(690,35,1,1001,2218,NULL,1,'{"sign_flag":1,"rank":2}',NULL,NULL,NULL);
INSERT INTO "exchange_ticket_reward_m" VALUES(691,35,1,1001,902,NULL,1,'{"sign_flag":1,"rank":2}',NULL,NULL,NULL);
INSERT INTO "exchange_ticket_reward_m" VALUES(692,35,1,1001,2195,NULL,1,'{"sign_flag":1,"rank":2}',NULL,NULL,NULL);
INSERT INTO "exchange_ticket_reward_m" VALUES(693,35,1,1001,2268,NULL,1,'{"sign_flag":1,"rank":2}',NULL,NULL,NULL);
INSERT INTO "exchange_ticket_reward_m" VALUES(694,35,1,1001,2030,NULL,1,'{"sign_flag":1,"rank":2}',NULL,NULL,NULL);
INSERT INTO "exchange_ticket_reward_m" VALUES(695,35,1,1001,463,NULL,1,'{"sign_flag":1,"rank":2}',NULL,NULL,NULL);
INSERT INTO "exchange_ticket_reward_m" VALUES(696,35,1,1001,1303,NULL,1,'{"sign_flag":1,"rank":2}',NULL,NULL,NULL);
INSERT INTO "exchange_ticket_reward_m" VALUES(697,35,1,1001,1075,NULL,1,'{"sign_flag":1,"rank":2}',NULL,NULL,NULL);
INSERT INTO "exchange_ticket_reward_m" VALUES(698,35,1,1001,2063,NULL,1,'{"sign_flag":1,"rank":2}',NULL,NULL,NULL);
INSERT INTO "exchange_ticket_reward_m" VALUES(699,35,1,1001,1394,NULL,1,'{"sign_flag":1,"rank":2}',NULL,NULL,NULL);
INSERT INTO "exchange_ticket_reward_m" VALUES(700,35,2,1001,1813,NULL,1,'{"sign_flag":1,"rank":2}',NULL,NULL,NULL);
INSERT INTO "exchange_ticket_reward_m" VALUES(701,35,2,1001,2223,NULL,1,'{"sign_flag":1,"rank":2}',NULL,NULL,NULL);
INSERT INTO "exchange_ticket_reward_m" VALUES(702,35,2,1001,1766,NULL,1,'{"sign_flag":1,"rank":2}',NULL,NULL,NULL);
INSERT INTO "exchange_ticket_reward_m" VALUES(703,35,2,1001,1225,NULL,1,'{"sign_flag":1,"rank":2}',NULL,NULL,NULL);
INSERT INTO "exchange_ticket_reward_m" VALUES(704,35,2,1001,1707,NULL,1,'{"sign_flag":1,"rank":2}',NULL,NULL,NULL);
INSERT INTO "exchange_ticket_reward_m" VALUES(705,35,2,1001,976,NULL,1,'{"sign_flag":1,"rank":2}',NULL,NULL,NULL);
INSERT INTO "exchange_ticket_reward_m" VALUES(706,35,2,1001,1578,NULL,1,'{"sign_flag":1,"rank":2}',NULL,NULL,NULL);
INSERT INTO "exchange_ticket_reward_m" VALUES(707,35,2,1001,1782,NULL,1,'{"sign_flag":1,"rank":2}',NULL,NULL,NULL);
INSERT INTO "exchange_ticket_reward_m" VALUES(708,35,2,1001,1169,NULL,1,'{"sign_flag":1,"rank":2}',NULL,NULL,NULL);
INSERT INTO "exchange_ticket_reward_m" VALUES(709,35,2,1001,1649,NULL,1,'{"sign_flag":1,"rank":2}',NULL,NULL,NULL);
INSERT INTO "exchange_ticket_reward_m" VALUES(710,35,2,1001,1904,NULL,1,'{"sign_flag":1,"rank":2}',NULL,NULL,NULL);
INSERT INTO "exchange_ticket_reward_m" VALUES(711,35,2,1001,1561,NULL,1,'{"sign_flag":1,"rank":2}',NULL,NULL,NULL);
INSERT INTO "exchange_ticket_reward_m" VALUES(712,35,2,1001,2080,NULL,1,'{"sign_flag":1,"rank":2}',NULL,NULL,NULL);
INSERT INTO "exchange_ticket_reward_m" VALUES(713,35,2,1001,987,NULL,1,'{"sign_flag":1,"rank":2}',NULL,NULL,NULL);
INSERT INTO "exchange_ticket_reward_m" VALUES(714,35,2,1001,2200,NULL,1,'{"sign_flag":1,"rank":2}',NULL,NULL,NULL);
INSERT INTO "exchange_ticket_reward_m" VALUES(715,35,2,1001,1055,NULL,1,'{"sign_flag":1,"rank":2}',NULL,NULL,NULL);
INSERT INTO "exchange_ticket_reward_m" VALUES(716,35,2,1001,1308,NULL,1,'{"sign_flag":1,"rank":2}',NULL,NULL,NULL);
INSERT INTO "exchange_ticket_reward_m" VALUES(717,35,2,1001,2138,NULL,1,'{"sign_flag":1,"rank":2}',NULL,NULL,NULL);
INSERT INTO "exchange_ticket_reward_m" VALUES(718,35,2,1001,1148,NULL,1,'{"sign_flag":1,"rank":2}',NULL,NULL,NULL);
INSERT INTO "exchange_ticket_reward_m" VALUES(719,35,2,1001,1629,NULL,1,'{"sign_flag":1,"rank":2}',NULL,NULL,NULL);
INSERT INTO "exchange_ticket_reward_m" VALUES(720,35,2,1001,2051,NULL,1,'{"sign_flag":1,"rank":2}',NULL,NULL,NULL);
INSERT INTO "exchange_ticket_reward_m" VALUES(721,35,2,1001,1353,NULL,1,'{"sign_flag":1,"rank":2}',NULL,NULL,NULL);
INSERT INTO "exchange_ticket_reward_m" VALUES(722,35,2,1001,2034,NULL,1,'{"sign_flag":1,"rank":2}',NULL,NULL,NULL);
INSERT INTO "exchange_ticket_reward_m" VALUES(723,35,2,1001,1966,NULL,1,'{"sign_flag":1,"rank":2}',NULL,NULL,NULL);
INSERT INTO "exchange_ticket_reward_m" VALUES(724,35,2,1001,2158,NULL,1,'{"sign_flag":1,"rank":2}',NULL,NULL,NULL);
INSERT INTO "exchange_ticket_reward_m" VALUES(725,35,2,1001,1203,NULL,1,'{"sign_flag":1,"rank":2}',NULL,NULL,NULL);
INSERT INTO "exchange_ticket_reward_m" VALUES(726,35,2,1001,1672,NULL,1,'{"sign_flag":1,"rank":2}',NULL,NULL,NULL);
INSERT INTO "exchange_ticket_reward_m" VALUES(727,36,0,1001,111,NULL,1,NULL,NULL,NULL,NULL);
INSERT INTO "exchange_ticket_reward_m" VALUES(728,36,0,1001,324,NULL,1,NULL,NULL,NULL,NULL);
INSERT INTO "exchange_ticket_reward_m" VALUES(729,36,0,1001,410,NULL,1,NULL,NULL,NULL,NULL);
INSERT INTO "exchange_ticket_reward_m" VALUES(730,36,0,1001,885,NULL,1,NULL,NULL,NULL,NULL);
INSERT INTO "exchange_ticket_reward_m" VALUES(731,36,0,1001,1011,NULL,1,NULL,NULL,NULL,NULL);
INSERT INTO "exchange_ticket_reward_m" VALUES(732,36,0,1001,1310,NULL,1,NULL,NULL,NULL,NULL);
INSERT INTO "exchange_ticket_reward_m" VALUES(733,36,0,1001,1814,NULL,1,NULL,NULL,NULL,NULL);
INSERT INTO "exchange_ticket_reward_m" VALUES(734,36,0,1001,2160,NULL,1,NULL,NULL,NULL,NULL);
INSERT INTO "exchange_ticket_reward_m" VALUES(735,36,0,1001,2390,NULL,1,'{"rank":2}',NULL,NULL,NULL);
INSERT INTO "exchange_ticket_reward_m" VALUES(736,36,0,1001,2419,NULL,1,'{"rank":2}',NULL,NULL,NULL);
INSERT INTO "exchange_ticket_reward_m" VALUES(737,36,0,1001,174,NULL,1,NULL,NULL,NULL,NULL);
INSERT INTO "exchange_ticket_reward_m" VALUES(738,36,0,1001,458,NULL,1,NULL,NULL,NULL,NULL);
INSERT INTO "exchange_ticket_reward_m" VALUES(739,36,0,1001,712,NULL,1,NULL,NULL,NULL,NULL);
INSERT INTO "exchange_ticket_reward_m" VALUES(740,36,0,1001,1205,NULL,1,NULL,NULL,NULL,NULL);
INSERT INTO "exchange_ticket_reward_m" VALUES(741,36,0,1001,1651,NULL,1,NULL,NULL,NULL,NULL);
INSERT INTO "exchange_ticket_reward_m" VALUES(742,36,0,1001,2052,NULL,1,NULL,NULL,NULL,NULL);
INSERT INTO "exchange_ticket_reward_m" VALUES(743,36,0,1001,583,NULL,1,NULL,NULL,NULL,NULL);
INSERT INTO "exchange_ticket_reward_m" VALUES(744,36,0,1001,970,NULL,1,NULL,NULL,NULL,NULL);
INSERT INTO "exchange_ticket_reward_m" VALUES(745,36,0,1001,1374,NULL,1,NULL,NULL,NULL,NULL);
INSERT INTO "exchange_ticket_reward_m" VALUES(746,36,0,1001,1988,NULL,1,NULL,NULL,NULL,NULL);
INSERT INTO "exchange_ticket_reward_m" VALUES(747,36,0,1001,2360,NULL,1,'{"rank":2}',NULL,NULL,NULL);
INSERT INTO "exchange_ticket_reward_m" VALUES(748,36,0,1001,654,NULL,1,NULL,NULL,NULL,NULL);
INSERT INTO "exchange_ticket_reward_m" VALUES(749,36,0,1001,819,NULL,1,NULL,NULL,NULL,NULL);
INSERT INTO "exchange_ticket_reward_m" VALUES(750,36,0,1001,1344,NULL,1,NULL,NULL,NULL,NULL);
INSERT INTO "exchange_ticket_reward_m" VALUES(751,36,0,1001,1619,NULL,1,NULL,NULL,NULL,NULL);
INSERT INTO "exchange_ticket_reward_m" VALUES(752,36,0,1001,1938,NULL,1,NULL,NULL,NULL,NULL);
INSERT INTO "exchange_ticket_reward_m" VALUES(753,36,0,1001,2361,NULL,1,'{"rank":2}',NULL,NULL,NULL);
INSERT INTO "exchange_ticket_reward_m" VALUES(754,36,0,1001,332,NULL,1,NULL,NULL,NULL,NULL);
INSERT INTO "exchange_ticket_reward_m" VALUES(755,36,0,1001,444,NULL,1,NULL,NULL,NULL,NULL);
INSERT INTO "exchange_ticket_reward_m" VALUES(756,36,0,1001,559,NULL,1,NULL,NULL,NULL,NULL);
INSERT INTO "exchange_ticket_reward_m" VALUES(757,36,0,1001,1185,NULL,1,NULL,NULL,NULL,NULL);
INSERT INTO "exchange_ticket_reward_m" VALUES(758,36,0,1001,1745,NULL,1,NULL,NULL,NULL,NULL);
INSERT INTO "exchange_ticket_reward_m" VALUES(759,36,0,1001,2392,NULL,1,'{"rank":2}',NULL,NULL,NULL);
INSERT INTO "exchange_ticket_reward_m" VALUES(760,36,0,1001,2423,NULL,1,'{"rank":2}',NULL,NULL,NULL);
INSERT INTO "exchange_ticket_reward_m" VALUES(761,36,0,1001,167,NULL,1,NULL,NULL,NULL,NULL);
INSERT INTO "exchange_ticket_reward_m" VALUES(762,36,0,1001,259,NULL,1,NULL,NULL,NULL,NULL);
INSERT INTO "exchange_ticket_reward_m" VALUES(763,36,0,1001,837,NULL,1,NULL,NULL,NULL,NULL);
INSERT INTO "exchange_ticket_reward_m" VALUES(764,36,0,1001,1060,NULL,1,NULL,NULL,NULL,NULL);
INSERT INTO "exchange_ticket_reward_m" VALUES(765,36,0,1001,1491,NULL,1,NULL,NULL,NULL,NULL);
INSERT INTO "exchange_ticket_reward_m" VALUES(766,36,0,1001,1718,NULL,1,NULL,NULL,NULL,NULL);
INSERT INTO "exchange_ticket_reward_m" VALUES(767,36,0,1001,2266,NULL,1,NULL,NULL,NULL,NULL);
INSERT INTO "exchange_ticket_reward_m" VALUES(768,36,0,1001,360,NULL,1,NULL,NULL,NULL,NULL);
INSERT INTO "exchange_ticket_reward_m" VALUES(769,36,0,1001,776,NULL,1,NULL,NULL,NULL,NULL);
INSERT INTO "exchange_ticket_reward_m" VALUES(770,36,0,1001,1035,NULL,1,NULL,NULL,NULL,NULL);
INSERT INTO "exchange_ticket_reward_m" VALUES(771,36,0,1001,1677,NULL,1,NULL,NULL,NULL,NULL);
INSERT INTO "exchange_ticket_reward_m" VALUES(772,36,0,1001,2023,NULL,1,NULL,NULL,NULL,NULL);
INSERT INTO "exchange_ticket_reward_m" VALUES(773,36,0,1001,2289,NULL,1,NULL,NULL,NULL,NULL);
INSERT INTO "exchange_ticket_reward_m" VALUES(774,36,0,1001,2424,NULL,1,'{"rank":2}',NULL,NULL,NULL);
INSERT INTO "exchange_ticket_reward_m" VALUES(775,36,0,1001,525,NULL,1,NULL,NULL,NULL,NULL);
INSERT INTO "exchange_ticket_reward_m" VALUES(776,36,0,1001,604,NULL,1,NULL,NULL,NULL,NULL);
INSERT INTO "exchange_ticket_reward_m" VALUES(777,36,0,1001,905,NULL,1,NULL,NULL,NULL,NULL);
INSERT INTO "exchange_ticket_reward_m" VALUES(778,36,0,1001,1161,NULL,1,NULL,NULL,NULL,NULL);
INSERT INTO "exchange_ticket_reward_m" VALUES(779,36,0,1001,1462,NULL,1,NULL,NULL,NULL,NULL);
INSERT INTO "exchange_ticket_reward_m" VALUES(780,36,0,1001,2216,NULL,1,NULL,NULL,NULL,NULL);
INSERT INTO "exchange_ticket_reward_m" VALUES(781,36,0,1001,95,NULL,1,NULL,NULL,NULL,NULL);
INSERT INTO "exchange_ticket_reward_m" VALUES(782,36,0,1001,215,NULL,1,NULL,NULL,NULL,NULL);
INSERT INTO "exchange_ticket_reward_m" VALUES(783,36,0,1001,486,NULL,1,NULL,NULL,NULL,NULL);
INSERT INTO "exchange_ticket_reward_m" VALUES(784,36,0,1001,730,NULL,1,NULL,NULL,NULL,NULL);
INSERT INTO "exchange_ticket_reward_m" VALUES(785,36,0,1001,1139,NULL,1,NULL,NULL,NULL,NULL);
INSERT INTO "exchange_ticket_reward_m" VALUES(786,36,0,1001,1386,NULL,1,NULL,NULL,NULL,NULL);
INSERT INTO "exchange_ticket_reward_m" VALUES(787,36,0,1001,2083,NULL,1,NULL,NULL,NULL,NULL);
INSERT INTO "exchange_ticket_reward_m" VALUES(788,36,0,1001,190,NULL,1,NULL,NULL,NULL,NULL);
INSERT INTO "exchange_ticket_reward_m" VALUES(789,36,0,1001,639,NULL,1,NULL,NULL,NULL,NULL);
INSERT INTO "exchange_ticket_reward_m" VALUES(790,36,0,1001,1082,NULL,1,NULL,NULL,NULL,NULL);
INSERT INTO "exchange_ticket_reward_m" VALUES(791,36,0,1001,1618,NULL,1,NULL,NULL,NULL,NULL);
INSERT INTO "exchange_ticket_reward_m" VALUES(792,36,0,1001,2022,NULL,1,NULL,NULL,NULL,NULL);
INSERT INTO "exchange_ticket_reward_m" VALUES(793,36,0,1001,2358,NULL,1,'{"rank":2}',NULL,NULL,NULL);
INSERT INTO "exchange_ticket_reward_m" VALUES(794,36,0,1001,647,NULL,1,NULL,NULL,NULL,NULL);
INSERT INTO "exchange_ticket_reward_m" VALUES(795,36,0,1001,803,NULL,1,NULL,NULL,NULL,NULL);
INSERT INTO "exchange_ticket_reward_m" VALUES(796,36,0,1001,1116,NULL,1,NULL,NULL,NULL,NULL);
INSERT INTO "exchange_ticket_reward_m" VALUES(797,36,0,1001,1289,NULL,1,NULL,NULL,NULL,NULL);
INSERT INTO "exchange_ticket_reward_m" VALUES(798,36,0,1001,1784,NULL,1,NULL,NULL,NULL,NULL);
INSERT INTO "exchange_ticket_reward_m" VALUES(799,36,0,1001,2215,NULL,1,NULL,NULL,NULL,NULL);
INSERT INTO "exchange_ticket_reward_m" VALUES(800,36,0,1001,2314,NULL,1,NULL,NULL,NULL,NULL);
INSERT INTO "exchange_ticket_reward_m" VALUES(801,36,0,1001,2391,NULL,1,'{"rank":2}',NULL,NULL,NULL);
INSERT INTO "exchange_ticket_reward_m" VALUES(802,36,0,1001,79,NULL,1,NULL,NULL,NULL,NULL);
INSERT INTO "exchange_ticket_reward_m" VALUES(803,36,0,1001,371,NULL,1,NULL,NULL,NULL,NULL);
INSERT INTO "exchange_ticket_reward_m" VALUES(804,36,0,1001,679,NULL,1,NULL,NULL,NULL,NULL);
INSERT INTO "exchange_ticket_reward_m" VALUES(805,36,0,1001,1059,NULL,1,NULL,NULL,NULL,NULL);
INSERT INTO "exchange_ticket_reward_m" VALUES(806,36,0,1001,1490,NULL,1,NULL,NULL,NULL,NULL);
INSERT INTO "exchange_ticket_reward_m" VALUES(807,36,0,1001,1861,NULL,1,NULL,NULL,NULL,NULL);
INSERT INTO "exchange_ticket_reward_m" VALUES(808,36,0,1001,2239,NULL,1,NULL,NULL,NULL,NULL);
INSERT INTO "exchange_ticket_reward_m" VALUES(809,36,0,1001,206,NULL,1,NULL,NULL,NULL,NULL);
INSERT INTO "exchange_ticket_reward_m" VALUES(810,36,0,1001,317,NULL,1,NULL,NULL,NULL,NULL);
INSERT INTO "exchange_ticket_reward_m" VALUES(811,36,0,1001,576,NULL,1,NULL,NULL,NULL,NULL);
INSERT INTO "exchange_ticket_reward_m" VALUES(812,36,0,1001,989,NULL,1,NULL,NULL,NULL,NULL);
INSERT INTO "exchange_ticket_reward_m" VALUES(813,36,0,1001,1206,NULL,1,NULL,NULL,NULL,NULL);
INSERT INTO "exchange_ticket_reward_m" VALUES(814,36,0,1001,2120,NULL,1,NULL,NULL,NULL,NULL);
INSERT INTO "exchange_ticket_reward_m" VALUES(815,36,0,1001,2422,NULL,1,'{"rank":2}',NULL,NULL,NULL);
INSERT INTO "exchange_ticket_reward_m" VALUES(816,36,0,1001,158,NULL,1,NULL,NULL,NULL,NULL);
INSERT INTO "exchange_ticket_reward_m" VALUES(817,36,0,1001,252,NULL,1,NULL,NULL,NULL,NULL);
INSERT INTO "exchange_ticket_reward_m" VALUES(818,36,0,1001,765,NULL,1,NULL,NULL,NULL,NULL);
INSERT INTO "exchange_ticket_reward_m" VALUES(819,36,0,1001,1034,NULL,1,NULL,NULL,NULL,NULL);
INSERT INTO "exchange_ticket_reward_m" VALUES(820,36,0,1001,1428,NULL,1,NULL,NULL,NULL,NULL);
INSERT INTO "exchange_ticket_reward_m" VALUES(821,36,0,1001,1939,NULL,1,NULL,NULL,NULL,NULL);
INSERT INTO "exchange_ticket_reward_m" VALUES(822,36,0,1001,2082,NULL,1,NULL,NULL,NULL,NULL);
INSERT INTO "exchange_ticket_reward_m" VALUES(823,36,0,1001,478,NULL,1,NULL,NULL,NULL,NULL);
INSERT INTO "exchange_ticket_reward_m" VALUES(824,36,0,1001,705,NULL,1,NULL,NULL,NULL,NULL);
INSERT INTO "exchange_ticket_reward_m" VALUES(825,36,0,1001,1160,NULL,1,NULL,NULL,NULL,NULL);
INSERT INTO "exchange_ticket_reward_m" VALUES(826,36,0,1001,1586,NULL,1,NULL,NULL,NULL,NULL);
INSERT INTO "exchange_ticket_reward_m" VALUES(827,36,0,1001,1906,NULL,1,NULL,NULL,NULL,NULL);
INSERT INTO "exchange_ticket_reward_m" VALUES(828,36,0,1001,2362,NULL,1,'{"rank":2}',NULL,NULL,NULL);
INSERT INTO "exchange_ticket_reward_m" VALUES(829,36,0,1001,467,NULL,1,NULL,NULL,NULL,NULL);
INSERT INTO "exchange_ticket_reward_m" VALUES(830,36,0,1001,540,NULL,1,NULL,NULL,NULL,NULL);
INSERT INTO "exchange_ticket_reward_m" VALUES(831,36,0,1001,663,NULL,1,NULL,NULL,NULL,NULL);
INSERT INTO "exchange_ticket_reward_m" VALUES(832,36,0,1001,878,NULL,1,NULL,NULL,NULL,NULL);
INSERT INTO "exchange_ticket_reward_m" VALUES(833,36,0,1001,1227,NULL,1,NULL,NULL,NULL,NULL);
INSERT INTO "exchange_ticket_reward_m" VALUES(834,36,0,1001,1461,NULL,1,NULL,NULL,NULL,NULL);
INSERT INTO "exchange_ticket_reward_m" VALUES(835,36,0,1001,2363,NULL,1,'{"rank":2}',NULL,NULL,NULL);
INSERT INTO "exchange_ticket_reward_m" VALUES(836,36,0,1001,139,NULL,1,NULL,NULL,NULL,NULL);
INSERT INTO "exchange_ticket_reward_m" VALUES(837,36,0,1001,309,NULL,1,NULL,NULL,NULL,NULL);
INSERT INTO "exchange_ticket_reward_m" VALUES(838,36,0,1001,859,NULL,1,NULL,NULL,NULL,NULL);
INSERT INTO "exchange_ticket_reward_m" VALUES(839,36,0,1001,1268,NULL,1,NULL,NULL,NULL,NULL);
INSERT INTO "exchange_ticket_reward_m" VALUES(840,36,0,1001,1746,NULL,1,NULL,NULL,NULL,NULL);
INSERT INTO "exchange_ticket_reward_m" VALUES(841,36,0,1001,2161,NULL,1,NULL,NULL,NULL,NULL);
INSERT INTO "exchange_ticket_reward_m" VALUES(842,36,0,1001,2425,NULL,1,'{"rank":2}',NULL,NULL,NULL);
INSERT INTO "exchange_ticket_reward_m" VALUES(843,36,0,1001,267,NULL,1,NULL,NULL,NULL,NULL);
INSERT INTO "exchange_ticket_reward_m" VALUES(844,36,0,1001,392,NULL,1,NULL,NULL,NULL,NULL);
INSERT INTO "exchange_ticket_reward_m" VALUES(845,36,0,1001,1012,NULL,1,NULL,NULL,NULL,NULL);
INSERT INTO "exchange_ticket_reward_m" VALUES(846,36,0,1001,1345,NULL,1,NULL,NULL,NULL,NULL);
INSERT INTO "exchange_ticket_reward_m" VALUES(847,36,0,1001,1550,NULL,1,NULL,NULL,NULL,NULL);
INSERT INTO "exchange_ticket_reward_m" VALUES(848,36,0,1001,2192,NULL,1,NULL,NULL,NULL,NULL);
INSERT INTO "exchange_ticket_reward_m" VALUES(849,36,0,1001,2396,NULL,1,'{"rank":2}',NULL,NULL,NULL);
INSERT INTO "exchange_ticket_reward_m" VALUES(850,36,0,1001,533,NULL,1,NULL,NULL,NULL,NULL);
INSERT INTO "exchange_ticket_reward_m" VALUES(851,36,0,1001,748,NULL,1,NULL,NULL,NULL,NULL);
INSERT INTO "exchange_ticket_reward_m" VALUES(852,36,0,1001,1184,NULL,1,NULL,NULL,NULL,NULL);
INSERT INTO "exchange_ticket_reward_m" VALUES(853,36,0,1001,1427,NULL,1,NULL,NULL,NULL,NULL);
INSERT INTO "exchange_ticket_reward_m" VALUES(854,36,0,1001,2238,NULL,1,NULL,NULL,NULL,NULL);
INSERT INTO "exchange_ticket_reward_m" VALUES(855,36,0,1001,2313,NULL,1,NULL,NULL,NULL,NULL);
INSERT INTO "exchange_ticket_reward_m" VALUES(856,36,0,1001,83,NULL,1,NULL,NULL,NULL,NULL);
INSERT INTO "exchange_ticket_reward_m" VALUES(857,36,0,1001,349,NULL,1,NULL,NULL,NULL,NULL);
INSERT INTO "exchange_ticket_reward_m" VALUES(858,36,0,1001,551,NULL,1,NULL,NULL,NULL,NULL);
INSERT INTO "exchange_ticket_reward_m" VALUES(859,36,0,1001,969,NULL,1,NULL,NULL,NULL,NULL);
INSERT INTO "exchange_ticket_reward_m" VALUES(860,36,0,1001,1385,NULL,1,NULL,NULL,NULL,NULL);
INSERT INTO "exchange_ticket_reward_m" VALUES(861,36,0,1001,1905,NULL,1,NULL,NULL,NULL,NULL);
INSERT INTO "exchange_ticket_reward_m" VALUES(862,36,0,1001,2359,NULL,1,'{"rank":2}',NULL,NULL,NULL);
INSERT INTO "exchange_ticket_reward_m" VALUES(863,36,0,1001,2420,NULL,1,'{"rank":2}',NULL,NULL,NULL);
INSERT INTO "exchange_ticket_reward_m" VALUES(864,36,0,1001,183,NULL,1,NULL,NULL,NULL,NULL);
INSERT INTO "exchange_ticket_reward_m" VALUES(865,36,0,1001,274,NULL,1,NULL,NULL,NULL,NULL);
INSERT INTO "exchange_ticket_reward_m" VALUES(866,36,0,1001,509,NULL,1,NULL,NULL,NULL,NULL);
INSERT INTO "exchange_ticket_reward_m" VALUES(867,36,0,1001,783,NULL,1,NULL,NULL,NULL,NULL);
INSERT INTO "exchange_ticket_reward_m" VALUES(868,36,0,1001,1267,NULL,1,NULL,NULL,NULL,NULL);
INSERT INTO "exchange_ticket_reward_m" VALUES(869,36,0,1001,1676,NULL,1,NULL,NULL,NULL,NULL);
INSERT INTO "exchange_ticket_reward_m" VALUES(870,36,0,1001,2053,NULL,1,NULL,NULL,NULL,NULL);
INSERT INTO "exchange_ticket_reward_m" VALUES(871,36,0,1001,2421,NULL,1,'{"rank":2}',NULL,NULL,NULL);
INSERT INTO "exchange_ticket_reward_m" VALUES(872,36,0,1001,84,NULL,1,NULL,NULL,NULL,NULL);
INSERT INTO "exchange_ticket_reward_m" VALUES(873,36,0,1001,417,NULL,1,NULL,NULL,NULL,NULL);
INSERT INTO "exchange_ticket_reward_m" VALUES(874,36,0,1001,737,NULL,1,NULL,NULL,NULL,NULL);
INSERT INTO "exchange_ticket_reward_m" VALUES(875,36,0,1001,1083,NULL,1,NULL,NULL,NULL,NULL);
INSERT INTO "exchange_ticket_reward_m" VALUES(876,36,0,1001,1549,NULL,1,NULL,NULL,NULL,NULL);
INSERT INTO "exchange_ticket_reward_m" VALUES(877,36,0,1001,1815,NULL,1,NULL,NULL,NULL,NULL);
INSERT INTO "exchange_ticket_reward_m" VALUES(878,36,0,1001,2288,NULL,1,NULL,NULL,NULL,NULL);
INSERT INTO "exchange_ticket_reward_m" VALUES(879,36,0,1001,670,NULL,1,NULL,NULL,NULL,NULL);
INSERT INTO "exchange_ticket_reward_m" VALUES(880,36,0,1001,866,NULL,1,NULL,NULL,NULL,NULL);
INSERT INTO "exchange_ticket_reward_m" VALUES(881,36,0,1001,1138,NULL,1,NULL,NULL,NULL,NULL);
INSERT INTO "exchange_ticket_reward_m" VALUES(882,36,0,1001,1290,NULL,1,NULL,NULL,NULL,NULL);
INSERT INTO "exchange_ticket_reward_m" VALUES(883,36,0,1001,1652,NULL,1,NULL,NULL,NULL,NULL);
INSERT INTO "exchange_ticket_reward_m" VALUES(884,36,0,1001,2265,NULL,1,NULL,NULL,NULL,NULL);
INSERT INTO "exchange_ticket_reward_m" VALUES(885,36,0,1001,284,NULL,1,NULL,NULL,NULL,NULL);
INSERT INTO "exchange_ticket_reward_m" VALUES(886,36,0,1001,399,NULL,1,NULL,NULL,NULL,NULL);
INSERT INTO "exchange_ticket_reward_m" VALUES(887,36,0,1001,594,NULL,1,NULL,NULL,NULL,NULL);
INSERT INTO "exchange_ticket_reward_m" VALUES(888,36,0,1001,990,NULL,1,NULL,NULL,NULL,NULL);
INSERT INTO "exchange_ticket_reward_m" VALUES(889,36,0,1001,1311,NULL,1,NULL,NULL,NULL,NULL);
INSERT INTO "exchange_ticket_reward_m" VALUES(890,36,0,1001,2121,NULL,1,NULL,NULL,NULL,NULL);
INSERT INTO "exchange_ticket_reward_m" VALUES(891,36,0,1001,2393,NULL,1,'{"rank":2}',NULL,NULL,NULL);
INSERT INTO "exchange_ticket_reward_m" VALUES(892,36,0,1001,151,NULL,1,NULL,NULL,NULL,NULL);
INSERT INTO "exchange_ticket_reward_m" VALUES(893,36,0,1001,224,NULL,1,NULL,NULL,NULL,NULL);
INSERT INTO "exchange_ticket_reward_m" VALUES(894,36,0,1001,904,NULL,1,NULL,NULL,NULL,NULL);
INSERT INTO "exchange_ticket_reward_m" VALUES(895,36,0,1001,1375,NULL,1,NULL,NULL,NULL,NULL);
INSERT INTO "exchange_ticket_reward_m" VALUES(896,36,0,1001,1785,NULL,1,NULL,NULL,NULL,NULL);
INSERT INTO "exchange_ticket_reward_m" VALUES(897,36,0,1001,2191,NULL,1,NULL,NULL,NULL,NULL);
INSERT INTO "exchange_ticket_reward_m" VALUES(898,36,0,1001,2394,NULL,1,'{"rank":2}',NULL,NULL,NULL);
INSERT INTO "exchange_ticket_reward_m" VALUES(899,36,0,1001,198,NULL,1,NULL,NULL,NULL,NULL);
INSERT INTO "exchange_ticket_reward_m" VALUES(900,36,0,1001,428,NULL,1,NULL,NULL,NULL,NULL);
INSERT INTO "exchange_ticket_reward_m" VALUES(901,36,0,1001,696,NULL,1,NULL,NULL,NULL,NULL);
INSERT INTO "exchange_ticket_reward_m" VALUES(902,36,0,1001,1117,NULL,1,NULL,NULL,NULL,NULL);
INSERT INTO "exchange_ticket_reward_m" VALUES(903,36,0,1001,1587,NULL,1,NULL,NULL,NULL,NULL);
INSERT INTO "exchange_ticket_reward_m" VALUES(904,36,0,1001,1989,NULL,1,NULL,NULL,NULL,NULL);
INSERT INTO "exchange_ticket_reward_m" VALUES(905,36,0,1001,2395,NULL,1,'{"rank":2}',NULL,NULL,NULL);
INSERT INTO "exchange_ticket_reward_m" VALUES(906,36,0,1001,622,NULL,1,NULL,NULL,NULL,NULL);
INSERT INTO "exchange_ticket_reward_m" VALUES(907,36,0,1001,847,NULL,1,NULL,NULL,NULL,NULL);
INSERT INTO "exchange_ticket_reward_m" VALUES(908,36,0,1001,1228,NULL,1,NULL,NULL,NULL,NULL);
INSERT INTO "exchange_ticket_reward_m" VALUES(909,36,0,1001,1719,NULL,1,NULL,NULL,NULL,NULL);
INSERT INTO "exchange_ticket_reward_m" VALUES(910,36,0,1001,1862,NULL,1,NULL,NULL,NULL,NULL);
INSERT INTO "exchange_ticket_reward_m" VALUES(911,36,0,1001,2364,NULL,1,'{"rank":2}',NULL,NULL,NULL);
INSERT INTO "exchange_ticket_reward_m" VALUES(912,37,0,1001,2520,NULL,1,'{"rank":2}',NULL,NULL,NULL);
INSERT INTO "exchange_ticket_reward_m" VALUES(913,37,0,1001,2521,NULL,1,'{"rank":2}',NULL,NULL,NULL);
INSERT INTO "exchange_ticket_reward_m" VALUES(914,37,0,1001,2522,NULL,1,'{"rank":2}',NULL,NULL,NULL);
INSERT INTO "exchange_ticket_reward_m" VALUES(915,37,0,1001,2523,NULL,1,'{"rank":2}',NULL,NULL,NULL);
INSERT INTO "exchange_ticket_reward_m" VALUES(916,37,0,1001,2524,NULL,1,'{"rank":2}',NULL,NULL,NULL);
INSERT INTO "exchange_ticket_reward_m" VALUES(917,37,0,1001,2525,NULL,1,'{"rank":2}',NULL,NULL,NULL);
INSERT INTO "exchange_ticket_reward_m" VALUES(918,37,0,1001,2526,NULL,1,'{"rank":2}',NULL,NULL,NULL);
INSERT INTO "exchange_ticket_reward_m" VALUES(919,37,0,1001,2527,NULL,1,'{"rank":2}',NULL,NULL,NULL);
INSERT INTO "exchange_ticket_reward_m" VALUES(920,37,0,1001,2528,NULL,1,'{"rank":2}',NULL,NULL,NULL);
INSERT INTO "exchange_ticket_reward_m" VALUES(921,38,1,1001,282,NULL,1,NULL,NULL,NULL,NULL);
INSERT INTO "exchange_ticket_reward_m" VALUES(922,38,1,1001,728,NULL,1,NULL,NULL,NULL,NULL);
INSERT INTO "exchange_ticket_reward_m" VALUES(923,38,1,1001,1198,NULL,1,NULL,NULL,NULL,NULL);
INSERT INTO "exchange_ticket_reward_m" VALUES(924,38,1,1001,149,NULL,1,NULL,NULL,NULL,NULL);
INSERT INTO "exchange_ticket_reward_m" VALUES(925,38,1,1001,781,NULL,1,NULL,NULL,NULL,NULL);
INSERT INTO "exchange_ticket_reward_m" VALUES(926,38,1,1001,1334,NULL,1,NULL,NULL,NULL,NULL);
INSERT INTO "exchange_ticket_reward_m" VALUES(927,38,1,1001,611,NULL,1,NULL,NULL,NULL,NULL);
INSERT INTO "exchange_ticket_reward_m" VALUES(928,38,1,1001,1691,NULL,1,NULL,NULL,NULL,NULL);
INSERT INTO "exchange_ticket_reward_m" VALUES(929,38,1,1001,1496,NULL,1,NULL,NULL,NULL,NULL);
INSERT INTO "exchange_ticket_reward_m" VALUES(930,38,1,1001,265,NULL,1,NULL,NULL,NULL,NULL);
INSERT INTO "exchange_ticket_reward_m" VALUES(931,38,1,1001,1153,NULL,1,NULL,NULL,NULL,NULL);
INSERT INTO "exchange_ticket_reward_m" VALUES(932,38,1,1001,826,NULL,1,NULL,NULL,NULL,NULL);
INSERT INTO "exchange_ticket_reward_m" VALUES(933,38,1,1001,1220,NULL,1,NULL,NULL,NULL,NULL);
INSERT INTO "exchange_ticket_reward_m" VALUES(934,38,1,1001,1625,NULL,1,NULL,NULL,NULL,NULL);
INSERT INTO "exchange_ticket_reward_m" VALUES(935,38,1,1001,883,NULL,1,NULL,NULL,NULL,NULL);
INSERT INTO "exchange_ticket_reward_m" VALUES(936,38,1,1001,367,NULL,1,NULL,NULL,NULL,NULL);
INSERT INTO "exchange_ticket_reward_m" VALUES(937,38,1,1001,677,NULL,1,NULL,NULL,NULL,NULL);
INSERT INTO "exchange_ticket_reward_m" VALUES(938,38,1,1001,801,NULL,1,NULL,NULL,NULL,NULL);
INSERT INTO "exchange_ticket_reward_m" VALUES(939,38,1,1001,902,NULL,1,NULL,NULL,NULL,NULL);
INSERT INTO "exchange_ticket_reward_m" VALUES(940,38,1,1001,330,NULL,1,NULL,NULL,NULL,NULL);
INSERT INTO "exchange_ticket_reward_m" VALUES(941,38,1,1001,574,NULL,1,NULL,NULL,NULL,NULL);
INSERT INTO "exchange_ticket_reward_m" VALUES(942,38,1,1001,463,NULL,1,NULL,NULL,NULL,NULL);
INSERT INTO "exchange_ticket_reward_m" VALUES(943,38,1,1001,1303,NULL,1,NULL,NULL,NULL,NULL);
INSERT INTO "exchange_ticket_reward_m" VALUES(944,38,1,1001,1075,NULL,1,NULL,NULL,NULL,NULL);
INSERT INTO "exchange_ticket_reward_m" VALUES(945,38,1,1001,442,NULL,1,NULL,NULL,NULL,NULL);
INSERT INTO "exchange_ticket_reward_m" VALUES(946,38,1,1001,1394,NULL,1,NULL,NULL,NULL,NULL);
INSERT INTO "exchange_ticket_reward_m" VALUES(947,38,1,1001,911,NULL,1,NULL,NULL,NULL,NULL);
INSERT INTO "exchange_ticket_reward_m" VALUES(948,38,2,1001,1287,NULL,1,NULL,NULL,NULL,NULL);
INSERT INTO "exchange_ticket_reward_m" VALUES(949,38,2,1001,1813,NULL,1,NULL,NULL,NULL,NULL);
INSERT INTO "exchange_ticket_reward_m" VALUES(950,38,2,1001,1158,NULL,1,NULL,NULL,NULL,NULL);
INSERT INTO "exchange_ticket_reward_m" VALUES(951,38,2,1001,1766,NULL,1,NULL,NULL,NULL,NULL);
INSERT INTO "exchange_ticket_reward_m" VALUES(952,38,2,1001,1225,NULL,1,NULL,NULL,NULL,NULL);
INSERT INTO "exchange_ticket_reward_m" VALUES(953,38,2,1001,1707,NULL,1,NULL,NULL,NULL,NULL);
INSERT INTO "exchange_ticket_reward_m" VALUES(954,38,2,1001,976,NULL,1,NULL,NULL,NULL,NULL);
INSERT INTO "exchange_ticket_reward_m" VALUES(955,38,2,1001,1193,NULL,1,NULL,NULL,NULL,NULL);
INSERT INTO "exchange_ticket_reward_m" VALUES(956,38,2,1001,1578,NULL,1,NULL,NULL,NULL,NULL);
INSERT INTO "exchange_ticket_reward_m" VALUES(957,38,2,1001,1009,NULL,1,NULL,NULL,NULL,NULL);
INSERT INTO "exchange_ticket_reward_m" VALUES(958,38,2,1001,1298,NULL,1,NULL,NULL,NULL,NULL);
INSERT INTO "exchange_ticket_reward_m" VALUES(959,38,2,1001,1782,NULL,1,NULL,NULL,NULL,NULL);
INSERT INTO "exchange_ticket_reward_m" VALUES(960,38,2,1001,1169,NULL,1,NULL,NULL,NULL,NULL);
INSERT INTO "exchange_ticket_reward_m" VALUES(961,38,2,1001,1649,NULL,1,NULL,NULL,NULL,NULL);
INSERT INTO "exchange_ticket_reward_m" VALUES(962,38,2,1001,1136,NULL,1,NULL,NULL,NULL,NULL);
INSERT INTO "exchange_ticket_reward_m" VALUES(963,38,2,1001,1561,NULL,1,NULL,NULL,NULL,NULL);
INSERT INTO "exchange_ticket_reward_m" VALUES(964,38,2,1001,987,NULL,1,NULL,NULL,NULL,NULL);
INSERT INTO "exchange_ticket_reward_m" VALUES(965,38,2,1001,1055,NULL,1,NULL,NULL,NULL,NULL);
INSERT INTO "exchange_ticket_reward_m" VALUES(966,38,2,1001,1308,NULL,1,NULL,NULL,NULL,NULL);
INSERT INTO "exchange_ticket_reward_m" VALUES(967,38,2,1001,1148,NULL,1,NULL,NULL,NULL,NULL);
INSERT INTO "exchange_ticket_reward_m" VALUES(968,38,2,1001,1629,NULL,1,NULL,NULL,NULL,NULL);
INSERT INTO "exchange_ticket_reward_m" VALUES(969,38,2,1001,1353,NULL,1,NULL,NULL,NULL,NULL);
INSERT INTO "exchange_ticket_reward_m" VALUES(970,38,2,1001,1020,NULL,1,NULL,NULL,NULL,NULL);
INSERT INTO "exchange_ticket_reward_m" VALUES(971,38,2,1001,1182,NULL,1,NULL,NULL,NULL,NULL);
INSERT INTO "exchange_ticket_reward_m" VALUES(972,38,2,1001,1203,NULL,1,NULL,NULL,NULL,NULL);
INSERT INTO "exchange_ticket_reward_m" VALUES(973,38,2,1001,1265,NULL,1,NULL,NULL,NULL,NULL);
INSERT INTO "exchange_ticket_reward_m" VALUES(974,38,2,1001,1672,NULL,1,NULL,NULL,NULL,NULL);
INSERT INTO "exchange_ticket_reward_m" VALUES(975,39,0,1001,939,NULL,1,NULL,NULL,NULL,1455);
INSERT INTO "exchange_ticket_reward_m" VALUES(976,39,0,1001,1478,NULL,1,NULL,NULL,NULL,1455);
INSERT INTO "exchange_ticket_reward_m" VALUES(977,39,0,1001,1419,NULL,1,NULL,NULL,NULL,1455);
INSERT INTO "exchange_ticket_reward_m" VALUES(978,39,0,1001,2280,NULL,1,NULL,NULL,NULL,1455);
INSERT INTO "exchange_ticket_reward_m" VALUES(979,39,0,1001,1119,NULL,1,NULL,NULL,NULL,1455);
INSERT INTO "exchange_ticket_reward_m" VALUES(980,39,0,1001,2014,NULL,1,NULL,NULL,NULL,1455);
INSERT INTO "exchange_ticket_reward_m" VALUES(981,39,0,1001,1313,NULL,1,NULL,NULL,NULL,1455);
INSERT INTO "exchange_ticket_reward_m" VALUES(982,39,0,1001,943,NULL,1,NULL,NULL,NULL,1455);
INSERT INTO "exchange_ticket_reward_m" VALUES(983,39,0,1001,1644,NULL,1,NULL,NULL,NULL,1455);
INSERT INTO "exchange_ticket_reward_m" VALUES(984,39,0,1001,1270,NULL,1,NULL,NULL,NULL,1455);
INSERT INTO "exchange_ticket_reward_m" VALUES(985,39,0,1001,1899,NULL,1,NULL,NULL,NULL,1455);
INSERT INTO "exchange_ticket_reward_m" VALUES(986,39,0,1001,1187,NULL,1,NULL,NULL,NULL,1455);
INSERT INTO "exchange_ticket_reward_m" VALUES(987,39,0,1001,2230,NULL,1,NULL,NULL,NULL,1455);
INSERT INTO "exchange_ticket_reward_m" VALUES(988,39,0,1001,1037,NULL,1,NULL,NULL,NULL,1455);
INSERT INTO "exchange_ticket_reward_m" VALUES(989,39,0,1001,1961,NULL,1,NULL,NULL,NULL,1455);
INSERT INTO "exchange_ticket_reward_m" VALUES(990,39,0,1001,947,NULL,1,NULL,NULL,NULL,1455);
INSERT INTO "exchange_ticket_reward_m" VALUES(991,39,0,1001,1608,NULL,1,NULL,NULL,NULL,1455);
INSERT INTO "exchange_ticket_reward_m" VALUES(992,39,0,1001,1208,NULL,1,NULL,NULL,NULL,1455);
INSERT INTO "exchange_ticket_reward_m" VALUES(993,39,0,1001,2304,NULL,1,NULL,NULL,NULL,1455);
INSERT INTO "exchange_ticket_reward_m" VALUES(994,39,0,1001,1141,NULL,1,NULL,NULL,NULL,1455);
INSERT INTO "exchange_ticket_reward_m" VALUES(995,39,0,1001,2075,NULL,1,NULL,NULL,NULL,1455);
INSERT INTO "exchange_ticket_reward_m" VALUES(996,39,0,1001,941,NULL,1,NULL,NULL,NULL,1455);
INSERT INTO "exchange_ticket_reward_m" VALUES(997,39,0,1001,1668,NULL,1,NULL,NULL,NULL,1455);
INSERT INTO "exchange_ticket_reward_m" VALUES(998,39,0,1001,1089,NULL,1,NULL,NULL,NULL,1455);
INSERT INTO "exchange_ticket_reward_m" VALUES(999,39,0,1001,1931,NULL,1,NULL,NULL,NULL,1455);
INSERT INTO "exchange_ticket_reward_m" VALUES(1000,39,0,1001,1377,NULL,1,NULL,NULL,NULL,1455);
INSERT INTO "exchange_ticket_reward_m" VALUES(1001,39,0,1001,1845,NULL,1,NULL,NULL,NULL,1455);
INSERT INTO "exchange_ticket_reward_m" VALUES(1002,39,0,1001,1014,NULL,1,NULL,NULL,NULL,1455);
INSERT INTO "exchange_ticket_reward_m" VALUES(1003,39,0,1001,2183,NULL,1,NULL,NULL,NULL,1455);
INSERT INTO "exchange_ticket_reward_m" VALUES(1004,39,0,1001,945,NULL,1,NULL,NULL,NULL,1455);
INSERT INTO "exchange_ticket_reward_m" VALUES(1005,39,0,1001,1776,NULL,1,NULL,NULL,NULL,1455);
INSERT INTO "exchange_ticket_reward_m" VALUES(1006,39,0,1001,946,NULL,1,NULL,NULL,NULL,1455);
INSERT INTO "exchange_ticket_reward_m" VALUES(1007,39,0,1001,1738,NULL,1,NULL,NULL,NULL,1455);
INSERT INTO "exchange_ticket_reward_m" VALUES(1008,39,0,1001,1230,NULL,1,NULL,NULL,NULL,1455);
INSERT INTO "exchange_ticket_reward_m" VALUES(1009,39,0,1001,2256,NULL,1,NULL,NULL,NULL,1455);
INSERT INTO "exchange_ticket_reward_m" VALUES(1010,39,0,1001,1062,NULL,1,NULL,NULL,NULL,1455);
INSERT INTO "exchange_ticket_reward_m" VALUES(1011,39,0,1001,2108,NULL,1,NULL,NULL,NULL,1455);
INSERT INTO "exchange_ticket_reward_m" VALUES(1012,39,0,1001,940,NULL,1,NULL,NULL,NULL,1455);
INSERT INTO "exchange_ticket_reward_m" VALUES(1013,39,0,1001,1702,NULL,1,NULL,NULL,NULL,1455);
INSERT INTO "exchange_ticket_reward_m" VALUES(1014,39,0,1001,1292,NULL,1,NULL,NULL,NULL,1455);
INSERT INTO "exchange_ticket_reward_m" VALUES(1015,39,0,1001,2152,NULL,1,NULL,NULL,NULL,1455);
INSERT INTO "exchange_ticket_reward_m" VALUES(1016,39,0,1001,942,NULL,1,NULL,NULL,NULL,1455);
INSERT INTO "exchange_ticket_reward_m" VALUES(1017,39,0,1001,1570,NULL,1,NULL,NULL,NULL,1455);
INSERT INTO "exchange_ticket_reward_m" VALUES(1018,39,0,1001,1163,NULL,1,NULL,NULL,NULL,1455);
INSERT INTO "exchange_ticket_reward_m" VALUES(1019,39,0,1001,2206,NULL,1,NULL,NULL,NULL,1455);
INSERT INTO "exchange_ticket_reward_m" VALUES(1020,39,0,1001,944,NULL,1,NULL,NULL,NULL,1455);
INSERT INTO "exchange_ticket_reward_m" VALUES(1021,39,0,1001,1520,NULL,1,NULL,NULL,NULL,1455);
INSERT INTO "exchange_ticket_reward_m" VALUES(1022,39,0,1001,1444,NULL,1,NULL,NULL,NULL,1455);
INSERT INTO "exchange_ticket_reward_m" VALUES(1023,39,0,1001,2046,NULL,1,NULL,NULL,NULL,1455);
INSERT INTO "exchange_ticket_reward_m" VALUES(1024,39,0,1001,1347,NULL,1,NULL,NULL,NULL,1455);
INSERT INTO "exchange_ticket_reward_m" VALUES(1025,39,0,1001,2334,NULL,1,NULL,NULL,NULL,1455);
INSERT INTO "exchange_ticket_reward_m" VALUES(1026,39,0,1001,992,NULL,1,NULL,NULL,NULL,1455);
INSERT INTO "exchange_ticket_reward_m" VALUES(1027,39,0,1001,1808,NULL,1,NULL,NULL,NULL,1455);
INSERT INTO "exchange_ticket_reward_m" VALUES(1028,40,0,1001,1588,NULL,1,NULL,NULL,NULL,1455);
INSERT INTO "exchange_ticket_reward_m" VALUES(1029,40,0,1001,1553,NULL,1,NULL,NULL,NULL,1455);
INSERT INTO "exchange_ticket_reward_m" VALUES(1030,40,0,1001,1493,NULL,1,NULL,NULL,NULL,1455);
INSERT INTO "exchange_ticket_reward_m" VALUES(1031,40,0,1001,1551,NULL,1,NULL,NULL,NULL,1455);
INSERT INTO "exchange_ticket_reward_m" VALUES(1032,40,0,1001,1492,NULL,1,NULL,NULL,NULL,1455);
INSERT INTO "exchange_ticket_reward_m" VALUES(1033,40,0,1001,1590,NULL,1,NULL,NULL,NULL,1455);
INSERT INTO "exchange_ticket_reward_m" VALUES(1034,40,0,1001,1552,NULL,1,NULL,NULL,NULL,1455);
INSERT INTO "exchange_ticket_reward_m" VALUES(1035,40,0,1001,1589,NULL,1,NULL,NULL,NULL,1455);
INSERT INTO "exchange_ticket_reward_m" VALUES(1036,40,0,1001,1494,NULL,1,NULL,NULL,NULL,1455);
INSERT INTO "exchange_ticket_reward_m" VALUES(1037,40,0,1001,2057,NULL,1,NULL,NULL,NULL,1455);
INSERT INTO "exchange_ticket_reward_m" VALUES(1038,40,0,1001,1993,NULL,1,NULL,NULL,NULL,1455);
INSERT INTO "exchange_ticket_reward_m" VALUES(1039,40,0,1001,2028,NULL,1,NULL,NULL,NULL,1455);
INSERT INTO "exchange_ticket_reward_m" VALUES(1040,40,0,1001,1992,NULL,1,NULL,NULL,NULL,1455);
INSERT INTO "exchange_ticket_reward_m" VALUES(1041,40,0,1001,2058,NULL,1,NULL,NULL,NULL,1455);
INSERT INTO "exchange_ticket_reward_m" VALUES(1042,40,0,1001,2027,NULL,1,NULL,NULL,NULL,1455);
INSERT INTO "exchange_ticket_reward_m" VALUES(1043,40,0,1001,2056,NULL,1,NULL,NULL,NULL,1455);
INSERT INTO "exchange_ticket_reward_m" VALUES(1044,40,0,1001,2026,NULL,1,NULL,NULL,NULL,1455);
INSERT INTO "exchange_ticket_reward_m" VALUES(1045,40,0,1001,1994,NULL,1,NULL,NULL,NULL,1455);
INSERT INTO "exchange_ticket_reward_m" VALUES(1046,40,0,1001,2251,NULL,1,'{"rank":2}',NULL,NULL,1455);
INSERT INTO "exchange_ticket_reward_m" VALUES(1047,40,0,1001,2252,NULL,1,'{"rank":2}',NULL,NULL,1455);
INSERT INTO "exchange_ticket_reward_m" VALUES(1048,40,0,1001,2387,NULL,1,'{"rank":2}',NULL,NULL,1455);
INSERT INTO "exchange_ticket_reward_m" VALUES(1049,40,0,1001,2388,NULL,1,'{"rank":2}',NULL,NULL,1455);
INSERT INTO "exchange_ticket_reward_m" VALUES(1050,40,0,1001,2415,NULL,1,'{"rank":2}',NULL,NULL,1455);
INSERT INTO "exchange_ticket_reward_m" VALUES(1051,40,0,1001,2416,NULL,1,'{"rank":2}',NULL,NULL,1455);
INSERT INTO "exchange_ticket_reward_m" VALUES(1052,40,0,1001,2448,NULL,1,'{"rank":2}',NULL,NULL,1455);
INSERT INTO "exchange_ticket_reward_m" VALUES(1053,40,0,1001,2449,NULL,1,'{"rank":2}',NULL,NULL,1455);
INSERT INTO "exchange_ticket_reward_m" VALUES(1054,40,0,1001,2477,NULL,1,'{"rank":2}',NULL,NULL,1455);
INSERT INTO "exchange_ticket_reward_m" VALUES(1055,40,0,1001,2478,NULL,1,'{"rank":2}',NULL,NULL,1455);
INSERT INTO "exchange_ticket_reward_m" VALUES(1056,40,0,1001,67,NULL,1,NULL,NULL,NULL,1455);
INSERT INTO "exchange_ticket_reward_m" VALUES(1057,40,0,1001,338,NULL,1,NULL,NULL,NULL,1455);
INSERT INTO "exchange_ticket_reward_m" VALUES(1058,40,0,1001,710,NULL,1,NULL,NULL,NULL,1455);
INSERT INTO "exchange_ticket_reward_m" VALUES(1059,40,0,1001,982,NULL,1,NULL,NULL,NULL,1455);
INSERT INTO "exchange_ticket_reward_m" VALUES(1060,40,0,1001,1789,NULL,1,NULL,NULL,NULL,1455);
INSERT INTO "exchange_ticket_reward_m" VALUES(1061,40,0,1001,282,NULL,1,NULL,NULL,NULL,1455);
INSERT INTO "exchange_ticket_reward_m" VALUES(1062,40,0,1001,507,NULL,1,NULL,NULL,NULL,1455);
INSERT INTO "exchange_ticket_reward_m" VALUES(1063,40,0,1001,746,NULL,1,NULL,NULL,NULL,1455);
INSERT INTO "exchange_ticket_reward_m" VALUES(1064,40,0,1001,1282,NULL,1,NULL,NULL,NULL,1455);
INSERT INTO "exchange_ticket_reward_m" VALUES(1065,40,0,1001,315,NULL,1,NULL,NULL,NULL,1455);
INSERT INTO "exchange_ticket_reward_m" VALUES(1066,40,0,1001,476,NULL,1,NULL,NULL,NULL,1455);
INSERT INTO "exchange_ticket_reward_m" VALUES(1067,40,0,1001,728,NULL,1,NULL,NULL,NULL,1455);
INSERT INTO "exchange_ticket_reward_m" VALUES(1068,40,0,1001,1198,NULL,1,NULL,NULL,NULL,1455);
INSERT INTO "exchange_ticket_reward_m" VALUES(1069,40,0,1001,149,NULL,1,NULL,NULL,NULL,1455);
INSERT INTO "exchange_ticket_reward_m" VALUES(1070,40,0,1001,549,NULL,1,NULL,NULL,NULL,1455);
INSERT INTO "exchange_ticket_reward_m" VALUES(1071,40,0,1001,781,NULL,1,NULL,NULL,NULL,1455);
INSERT INTO "exchange_ticket_reward_m" VALUES(1072,40,0,1001,1334,NULL,1,NULL,NULL,NULL,1455);
INSERT INTO "exchange_ticket_reward_m" VALUES(1073,40,0,1001,2163,NULL,1,NULL,NULL,NULL,1455);
INSERT INTO "exchange_ticket_reward_m" VALUES(1074,40,0,1001,113,NULL,1,NULL,NULL,NULL,1455);
INSERT INTO "exchange_ticket_reward_m" VALUES(1075,40,0,1001,408,NULL,1,NULL,NULL,NULL,1455);
INSERT INTO "exchange_ticket_reward_m" VALUES(1076,40,0,1001,668,NULL,1,NULL,NULL,NULL,1455);
INSERT INTO "exchange_ticket_reward_m" VALUES(1077,40,0,1001,1109,NULL,1,NULL,NULL,NULL,1455);
INSERT INTO "exchange_ticket_reward_m" VALUES(1078,40,0,1001,1997,NULL,1,NULL,NULL,NULL,1455);
INSERT INTO "exchange_ticket_reward_m" VALUES(1079,40,0,1001,188,NULL,1,NULL,NULL,NULL,1455);
INSERT INTO "exchange_ticket_reward_m" VALUES(1080,40,0,1001,611,NULL,1,NULL,NULL,NULL,1455);
INSERT INTO "exchange_ticket_reward_m" VALUES(1081,40,0,1001,854,NULL,1,NULL,NULL,NULL,1455);
INSERT INTO "exchange_ticket_reward_m" VALUES(1082,40,0,1001,1691,NULL,1,NULL,NULL,NULL,1455);
INSERT INTO "exchange_ticket_reward_m" VALUES(1083,40,0,1001,2242,NULL,1,NULL,NULL,NULL,1455);
INSERT INTO "exchange_ticket_reward_m" VALUES(1084,40,0,1001,138,NULL,1,NULL,NULL,NULL,1455);
INSERT INTO "exchange_ticket_reward_m" VALUES(1085,40,0,1001,531,NULL,1,NULL,NULL,NULL,1455);
INSERT INTO "exchange_ticket_reward_m" VALUES(1086,40,0,1001,891,NULL,1,NULL,NULL,NULL,1455);
INSERT INTO "exchange_ticket_reward_m" VALUES(1087,40,0,1001,1496,NULL,1,NULL,NULL,NULL,1455);
INSERT INTO "exchange_ticket_reward_m" VALUES(1088,40,0,1001,2317,NULL,1,NULL,NULL,NULL,1455);
INSERT INTO "exchange_ticket_reward_m" VALUES(1089,40,0,1001,2320,NULL,1,'{"rank":2}',NULL,NULL,1455);
INSERT INTO "exchange_ticket_reward_m" VALUES(1090,40,0,1001,265,NULL,1,NULL,NULL,NULL,1455);
INSERT INTO "exchange_ticket_reward_m" VALUES(1091,40,0,1001,425,NULL,1,NULL,NULL,NULL,1455);
INSERT INTO "exchange_ticket_reward_m" VALUES(1092,40,0,1001,842,NULL,1,NULL,NULL,NULL,1455);
INSERT INTO "exchange_ticket_reward_m" VALUES(1093,40,0,1001,1556,NULL,1,NULL,NULL,NULL,1455);
INSERT INTO "exchange_ticket_reward_m" VALUES(1094,40,0,1001,72,NULL,1,NULL,NULL,NULL,1455);
INSERT INTO "exchange_ticket_reward_m" VALUES(1095,40,0,1001,397,NULL,1,NULL,NULL,NULL,1455);
INSERT INTO "exchange_ticket_reward_m" VALUES(1096,40,0,1001,693,NULL,1,NULL,NULL,NULL,1455);
INSERT INTO "exchange_ticket_reward_m" VALUES(1097,40,0,1001,1153,NULL,1,NULL,NULL,NULL,1455);
INSERT INTO "exchange_ticket_reward_m" VALUES(1098,40,0,1001,1912,NULL,1,NULL,NULL,NULL,1455);
INSERT INTO "exchange_ticket_reward_m" VALUES(1099,40,0,1001,165,NULL,1,NULL,NULL,NULL,1455);
INSERT INTO "exchange_ticket_reward_m" VALUES(1100,40,0,1001,483,NULL,1,NULL,NULL,NULL,1455);
INSERT INTO "exchange_ticket_reward_m" VALUES(1101,40,0,1001,826,NULL,1,NULL,NULL,NULL,1455);
INSERT INTO "exchange_ticket_reward_m" VALUES(1102,40,0,1001,1220,NULL,1,NULL,NULL,NULL,1455);
INSERT INTO "exchange_ticket_reward_m" VALUES(1103,40,0,1001,196,NULL,1,NULL,NULL,NULL,1455);
INSERT INTO "exchange_ticket_reward_m" VALUES(1104,40,0,1001,581,NULL,1,NULL,NULL,NULL,1455);
INSERT INTO "exchange_ticket_reward_m" VALUES(1105,40,0,1001,864,NULL,1,NULL,NULL,NULL,1455);
INSERT INTO "exchange_ticket_reward_m" VALUES(1106,40,0,1001,1625,NULL,1,NULL,NULL,NULL,1455);
INSERT INTO "exchange_ticket_reward_m" VALUES(1107,40,0,1001,2133,NULL,1,NULL,NULL,NULL,1455);
INSERT INTO "exchange_ticket_reward_m" VALUES(1108,40,0,1001,96,NULL,1,NULL,NULL,NULL,1455);
INSERT INTO "exchange_ticket_reward_m" VALUES(1109,40,0,1001,378,NULL,1,NULL,NULL,NULL,1455);
INSERT INTO "exchange_ticket_reward_m" VALUES(1110,40,0,1001,637,NULL,1,NULL,NULL,NULL,1455);
INSERT INTO "exchange_ticket_reward_m" VALUES(1111,40,0,1001,1004,NULL,1,NULL,NULL,NULL,1455);
INSERT INTO "exchange_ticket_reward_m" VALUES(1112,40,0,1001,1832,NULL,1,NULL,NULL,NULL,1455);
INSERT INTO "exchange_ticket_reward_m" VALUES(1113,40,0,1001,2319,NULL,1,'{"rank":2}',NULL,NULL,1455);
INSERT INTO "exchange_ticket_reward_m" VALUES(1114,40,0,1001,213,NULL,1,NULL,NULL,NULL,1455);
INSERT INTO "exchange_ticket_reward_m" VALUES(1115,40,0,1001,415,NULL,1,NULL,NULL,NULL,1455);
INSERT INTO "exchange_ticket_reward_m" VALUES(1116,40,0,1001,967,NULL,1,NULL,NULL,NULL,1455);
INSERT INTO "exchange_ticket_reward_m" VALUES(1117,40,0,1001,1761,NULL,1,NULL,NULL,NULL,1455);
INSERT INTO "exchange_ticket_reward_m" VALUES(1118,40,0,1001,272,NULL,1,NULL,NULL,NULL,1455);
INSERT INTO "exchange_ticket_reward_m" VALUES(1119,40,0,1001,538,NULL,1,NULL,NULL,NULL,1455);
INSERT INTO "exchange_ticket_reward_m" VALUES(1120,40,0,1001,883,NULL,1,NULL,NULL,NULL,1455);
INSERT INTO "exchange_ticket_reward_m" VALUES(1121,40,0,1001,1592,NULL,1,NULL,NULL,NULL,1455);
INSERT INTO "exchange_ticket_reward_m" VALUES(1122,40,0,1001,2293,NULL,1,NULL,NULL,NULL,1455);
INSERT INTO "exchange_ticket_reward_m" VALUES(1123,40,0,1001,257,NULL,1,NULL,NULL,NULL,1455);
INSERT INTO "exchange_ticket_reward_m" VALUES(1124,40,0,1001,456,NULL,1,NULL,NULL,NULL,1455);
INSERT INTO "exchange_ticket_reward_m" VALUES(1125,40,0,1001,774,NULL,1,NULL,NULL,NULL,1455);
INSERT INTO "exchange_ticket_reward_m" VALUES(1126,40,0,1001,1367,NULL,1,NULL,NULL,NULL,1455);
INSERT INTO "exchange_ticket_reward_m" VALUES(1127,40,0,1001,108,NULL,1,NULL,NULL,NULL,1455);
INSERT INTO "exchange_ticket_reward_m" VALUES(1128,40,0,1001,367,NULL,1,NULL,NULL,NULL,1455);
INSERT INTO "exchange_ticket_reward_m" VALUES(1129,40,0,1001,652,NULL,1,NULL,NULL,NULL,1455);
INSERT INTO "exchange_ticket_reward_m" VALUES(1130,40,0,1001,1048,NULL,1,NULL,NULL,NULL,1455);
INSERT INTO "exchange_ticket_reward_m" VALUES(1131,40,0,1001,1943,NULL,1,NULL,NULL,NULL,1455);
INSERT INTO "exchange_ticket_reward_m" VALUES(1132,40,0,1001,69,NULL,1,NULL,NULL,NULL,1455);
INSERT INTO "exchange_ticket_reward_m" VALUES(1133,40,0,1001,322,NULL,1,NULL,NULL,NULL,1455);
INSERT INTO "exchange_ticket_reward_m" VALUES(1134,40,0,1001,677,NULL,1,NULL,NULL,NULL,1455);
INSERT INTO "exchange_ticket_reward_m" VALUES(1135,40,0,1001,1177,NULL,1,NULL,NULL,NULL,1455);
INSERT INTO "exchange_ticket_reward_m" VALUES(1136,40,0,1001,2085,NULL,1,NULL,NULL,NULL,1455);
INSERT INTO "exchange_ticket_reward_m" VALUES(1137,40,0,1001,132,NULL,1,NULL,NULL,NULL,1455);
INSERT INTO "exchange_ticket_reward_m" VALUES(1138,40,0,1001,592,NULL,1,NULL,NULL,NULL,1455);
INSERT INTO "exchange_ticket_reward_m" VALUES(1139,40,0,1001,801,NULL,1,NULL,NULL,NULL,1455);
INSERT INTO "exchange_ticket_reward_m" VALUES(1140,40,0,1001,1433,NULL,1,NULL,NULL,NULL,1455);
INSERT INTO "exchange_ticket_reward_m" VALUES(1141,40,0,1001,2218,NULL,1,NULL,NULL,NULL,1455);
INSERT INTO "exchange_ticket_reward_m" VALUES(1142,40,0,1001,222,NULL,1,NULL,NULL,NULL,1455);
INSERT INTO "exchange_ticket_reward_m" VALUES(1143,40,0,1001,602,NULL,1,NULL,NULL,NULL,1455);
INSERT INTO "exchange_ticket_reward_m" VALUES(1144,40,0,1001,902,NULL,1,NULL,NULL,NULL,1455);
INSERT INTO "exchange_ticket_reward_m" VALUES(1145,40,0,1001,1656,NULL,1,NULL,NULL,NULL,1455);
INSERT INTO "exchange_ticket_reward_m" VALUES(1146,40,0,1001,2195,NULL,1,NULL,NULL,NULL,1455);
INSERT INTO "exchange_ticket_reward_m" VALUES(1147,40,0,1001,68,NULL,1,NULL,NULL,NULL,1455);
INSERT INTO "exchange_ticket_reward_m" VALUES(1148,40,0,1001,330,NULL,1,NULL,NULL,NULL,1455);
INSERT INTO "exchange_ticket_reward_m" VALUES(1149,40,0,1001,661,NULL,1,NULL,NULL,NULL,1455);
INSERT INTO "exchange_ticket_reward_m" VALUES(1150,40,0,1001,1027,NULL,1,NULL,NULL,NULL,1455);
INSERT INTO "exchange_ticket_reward_m" VALUES(1151,40,0,1001,1878,NULL,1,NULL,NULL,NULL,1455);
INSERT INTO "exchange_ticket_reward_m" VALUES(1152,40,0,1001,156,NULL,1,NULL,NULL,NULL,1455);
INSERT INTO "exchange_ticket_reward_m" VALUES(1153,40,0,1001,574,NULL,1,NULL,NULL,NULL,1455);
INSERT INTO "exchange_ticket_reward_m" VALUES(1154,40,0,1001,873,NULL,1,NULL,NULL,NULL,1455);
INSERT INTO "exchange_ticket_reward_m" VALUES(1155,40,0,1001,1468,NULL,1,NULL,NULL,NULL,1455);
INSERT INTO "exchange_ticket_reward_m" VALUES(1156,40,0,1001,2268,NULL,1,NULL,NULL,NULL,1455);
INSERT INTO "exchange_ticket_reward_m" VALUES(1157,40,0,1001,71,NULL,1,NULL,NULL,NULL,1455);
INSERT INTO "exchange_ticket_reward_m" VALUES(1158,40,0,1001,298,NULL,1,NULL,NULL,NULL,1455);
INSERT INTO "exchange_ticket_reward_m" VALUES(1159,40,0,1001,645,NULL,1,NULL,NULL,NULL,1455);
INSERT INTO "exchange_ticket_reward_m" VALUES(1160,40,0,1001,1131,NULL,1,NULL,NULL,NULL,1455);
INSERT INTO "exchange_ticket_reward_m" VALUES(1161,40,0,1001,2030,NULL,1,NULL,NULL,NULL,1455);
INSERT INTO "exchange_ticket_reward_m" VALUES(1162,40,0,1001,172,NULL,1,NULL,NULL,NULL,1455);
INSERT INTO "exchange_ticket_reward_m" VALUES(1163,40,0,1001,463,NULL,1,NULL,NULL,NULL,1455);
INSERT INTO "exchange_ticket_reward_m" VALUES(1164,40,0,1001,817,NULL,1,NULL,NULL,NULL,1455);
INSERT INTO "exchange_ticket_reward_m" VALUES(1165,40,0,1001,1303,NULL,1,NULL,NULL,NULL,1455);
INSERT INTO "exchange_ticket_reward_m" VALUES(1166,40,0,1001,81,NULL,1,NULL,NULL,NULL,1455);
INSERT INTO "exchange_ticket_reward_m" VALUES(1167,40,0,1001,358,NULL,1,NULL,NULL,NULL,1455);
INSERT INTO "exchange_ticket_reward_m" VALUES(1168,40,0,1001,703,NULL,1,NULL,NULL,NULL,1455);
INSERT INTO "exchange_ticket_reward_m" VALUES(1169,40,0,1001,1075,NULL,1,NULL,NULL,NULL,1455);
INSERT INTO "exchange_ticket_reward_m" VALUES(1170,40,0,1001,2063,NULL,1,NULL,NULL,NULL,1455);
INSERT INTO "exchange_ticket_reward_m" VALUES(1171,40,0,1001,203,NULL,1,NULL,NULL,NULL,1455);
INSERT INTO "exchange_ticket_reward_m" VALUES(1172,40,0,1001,442,NULL,1,NULL,NULL,NULL,1455);
INSERT INTO "exchange_ticket_reward_m" VALUES(1173,40,0,1001,735,NULL,1,NULL,NULL,NULL,1455);
INSERT INTO "exchange_ticket_reward_m" VALUES(1174,40,0,1001,1242,NULL,1,NULL,NULL,NULL,1455);
INSERT INTO "exchange_ticket_reward_m" VALUES(1175,40,0,1001,180,NULL,1,NULL,NULL,NULL,1455);
INSERT INTO "exchange_ticket_reward_m" VALUES(1176,40,0,1001,556,NULL,1,NULL,NULL,NULL,1455);
INSERT INTO "exchange_ticket_reward_m" VALUES(1177,40,0,1001,763,NULL,1,NULL,NULL,NULL,1455);
INSERT INTO "exchange_ticket_reward_m" VALUES(1178,40,0,1001,1394,NULL,1,NULL,NULL,NULL,1455);
INSERT INTO "exchange_ticket_reward_m" VALUES(1179,40,0,1001,249,NULL,1,NULL,NULL,NULL,1455);
INSERT INTO "exchange_ticket_reward_m" VALUES(1180,40,0,1001,514,NULL,1,NULL,NULL,NULL,1455);
INSERT INTO "exchange_ticket_reward_m" VALUES(1181,40,0,1001,911,NULL,1,NULL,NULL,NULL,1455);
INSERT INTO "exchange_ticket_reward_m" VALUES(1182,40,0,1001,1724,NULL,1,NULL,NULL,NULL,1455);
INSERT INTO "exchange_ticket_reward_m" VALUES(1183,41,0,1001,948,NULL,1,NULL,NULL,NULL,1455);
INSERT INTO "exchange_ticket_reward_m" VALUES(1184,41,0,1001,1202,NULL,1,NULL,NULL,NULL,1455);
INSERT INTO "exchange_ticket_reward_m" VALUES(1185,41,0,1001,1671,NULL,1,NULL,NULL,NULL,1455);
INSERT INTO "exchange_ticket_reward_m" VALUES(1186,41,0,1001,2235,NULL,1,NULL,NULL,NULL,1455);
INSERT INTO "exchange_ticket_reward_m" VALUES(1187,41,0,1001,1008,NULL,1,NULL,NULL,NULL,1455);
INSERT INTO "exchange_ticket_reward_m" VALUES(1188,41,0,1001,1458,NULL,1,NULL,NULL,NULL,1455);
INSERT INTO "exchange_ticket_reward_m" VALUES(1189,41,0,1001,2020,NULL,1,NULL,NULL,NULL,1455);
INSERT INTO "exchange_ticket_reward_m" VALUES(1190,41,0,1001,1067,NULL,1,NULL,NULL,NULL,1455);
INSERT INTO "exchange_ticket_reward_m" VALUES(1191,41,0,1001,1382,NULL,1,NULL,NULL,NULL,1455);
INSERT INTO "exchange_ticket_reward_m" VALUES(1192,41,0,1001,1812,NULL,1,NULL,NULL,NULL,1455);
INSERT INTO "exchange_ticket_reward_m" VALUES(1193,41,0,1001,2273,NULL,1,NULL,NULL,NULL,1455);
INSERT INTO "exchange_ticket_reward_m" VALUES(1194,41,0,1001,1181,NULL,1,NULL,NULL,NULL,1455);
INSERT INTO "exchange_ticket_reward_m" VALUES(1195,41,0,1001,1525,NULL,1,NULL,NULL,NULL,1455);
INSERT INTO "exchange_ticket_reward_m" VALUES(1196,41,0,1001,1948,NULL,1,NULL,NULL,NULL,1455);
INSERT INTO "exchange_ticket_reward_m" VALUES(1197,41,0,1001,1135,NULL,1,NULL,NULL,NULL,1455);
INSERT INTO "exchange_ticket_reward_m" VALUES(1198,41,0,1001,1437,NULL,1,NULL,NULL,NULL,1455);
INSERT INTO "exchange_ticket_reward_m" VALUES(1199,41,0,1001,1849,NULL,1,NULL,NULL,NULL,1455);
INSERT INTO "exchange_ticket_reward_m" VALUES(1200,41,0,1001,2285,NULL,1,NULL,NULL,NULL,1455);
INSERT INTO "exchange_ticket_reward_m" VALUES(1201,41,0,1001,1079,NULL,1,NULL,NULL,NULL,1455);
INSERT INTO "exchange_ticket_reward_m" VALUES(1202,41,0,1001,1560,NULL,1,NULL,NULL,NULL,1455);
INSERT INTO "exchange_ticket_reward_m" VALUES(1203,41,0,1001,2079,NULL,1,NULL,NULL,NULL,1455);
INSERT INTO "exchange_ticket_reward_m" VALUES(1204,41,0,1001,954,NULL,1,NULL,NULL,NULL,1455);
INSERT INTO "exchange_ticket_reward_m" VALUES(1205,41,0,1001,1275,NULL,1,NULL,NULL,NULL,1455);
INSERT INTO "exchange_ticket_reward_m" VALUES(1206,41,0,1001,1695,NULL,1,NULL,NULL,NULL,1455);
INSERT INTO "exchange_ticket_reward_m" VALUES(1207,41,0,1001,2212,NULL,1,NULL,NULL,NULL,1455);
INSERT INTO "exchange_ticket_reward_m" VALUES(1208,41,0,1001,955,NULL,1,NULL,NULL,NULL,1455);
INSERT INTO "exchange_ticket_reward_m" VALUES(1209,41,0,1001,1213,NULL,1,NULL,NULL,NULL,1455);
INSERT INTO "exchange_ticket_reward_m" VALUES(1210,41,0,1001,1659,NULL,1,NULL,NULL,NULL,1455);
INSERT INTO "exchange_ticket_reward_m" VALUES(1211,41,0,1001,2157,NULL,1,NULL,NULL,NULL,1455);
INSERT INTO "exchange_ticket_reward_m" VALUES(1212,41,0,1001,1019,NULL,1,NULL,NULL,NULL,1455);
INSERT INTO "exchange_ticket_reward_m" VALUES(1213,41,0,1001,1307,NULL,1,NULL,NULL,NULL,1455);
INSERT INTO "exchange_ticket_reward_m" VALUES(1214,41,0,1001,1903,NULL,1,NULL,NULL,NULL,1455);
INSERT INTO "exchange_ticket_reward_m" VALUES(1215,41,0,1001,1124,NULL,1,NULL,NULL,NULL,1455);
INSERT INTO "exchange_ticket_reward_m" VALUES(1216,41,0,1001,1484,NULL,1,NULL,NULL,NULL,1455);
INSERT INTO "exchange_ticket_reward_m" VALUES(1217,41,0,1001,2091,NULL,1,NULL,NULL,NULL,1455);
INSERT INTO "exchange_ticket_reward_m" VALUES(1218,41,0,1001,1113,NULL,1,NULL,NULL,NULL,1455);
INSERT INTO "exchange_ticket_reward_m" VALUES(1219,41,0,1001,1352,NULL,1,NULL,NULL,NULL,1455);
INSERT INTO "exchange_ticket_reward_m" VALUES(1220,41,0,1001,1835,NULL,1,NULL,NULL,NULL,1455);
INSERT INTO "exchange_ticket_reward_m" VALUES(1221,41,0,1001,2309,NULL,1,NULL,NULL,NULL,1455);
INSERT INTO "exchange_ticket_reward_m" VALUES(1222,41,0,1001,950,NULL,1,NULL,NULL,NULL,1455);
INSERT INTO "exchange_ticket_reward_m" VALUES(1223,41,0,1001,1192,NULL,1,NULL,NULL,NULL,1455);
INSERT INTO "exchange_ticket_reward_m" VALUES(1224,41,0,1001,1729,NULL,1,NULL,NULL,NULL,1455);
INSERT INTO "exchange_ticket_reward_m" VALUES(1225,41,0,1001,2188,NULL,1,NULL,NULL,NULL,1455);
INSERT INTO "exchange_ticket_reward_m" VALUES(1226,41,0,1001,998,NULL,1,NULL,NULL,NULL,1455);
INSERT INTO "exchange_ticket_reward_m" VALUES(1227,41,0,1001,1424,NULL,1,NULL,NULL,NULL,1455);
INSERT INTO "exchange_ticket_reward_m" VALUES(1228,41,0,1001,1792,NULL,1,NULL,NULL,NULL,1455);
INSERT INTO "exchange_ticket_reward_m" VALUES(1229,41,0,1001,952,NULL,1,NULL,NULL,NULL,1455);
INSERT INTO "exchange_ticket_reward_m" VALUES(1230,41,0,1001,1286,NULL,1,NULL,NULL,NULL,1455);
INSERT INTO "exchange_ticket_reward_m" VALUES(1231,41,0,1001,1765,NULL,1,NULL,NULL,NULL,1455);
INSERT INTO "exchange_ticket_reward_m" VALUES(1232,41,0,1001,2114,NULL,1,NULL,NULL,NULL,1455);
INSERT INTO "exchange_ticket_reward_m" VALUES(1233,41,0,1001,975,NULL,1,NULL,NULL,NULL,1455);
INSERT INTO "exchange_ticket_reward_m" VALUES(1234,41,0,1001,1341,NULL,1,NULL,NULL,NULL,1455);
INSERT INTO "exchange_ticket_reward_m" VALUES(1235,41,0,1001,1915,NULL,1,NULL,NULL,NULL,1455);
INSERT INTO "exchange_ticket_reward_m" VALUES(1236,41,0,1001,2262,NULL,1,NULL,NULL,NULL,1455);
INSERT INTO "exchange_ticket_reward_m" VALUES(1237,41,0,1001,1147,NULL,1,NULL,NULL,NULL,1455);
INSERT INTO "exchange_ticket_reward_m" VALUES(1238,41,0,1001,1612,NULL,1,NULL,NULL,NULL,1455);
INSERT INTO "exchange_ticket_reward_m" VALUES(1239,41,0,1001,2050,NULL,1,NULL,NULL,NULL,1455);
INSERT INTO "exchange_ticket_reward_m" VALUES(1240,41,0,1001,1054,NULL,1,NULL,NULL,NULL,1455);
INSERT INTO "exchange_ticket_reward_m" VALUES(1241,41,0,1001,1502,NULL,1,NULL,NULL,NULL,1455);
INSERT INTO "exchange_ticket_reward_m" VALUES(1242,41,0,1001,1965,NULL,1,NULL,NULL,NULL,1455);
INSERT INTO "exchange_ticket_reward_m" VALUES(1243,41,0,1001,956,NULL,1,NULL,NULL,NULL,1455);
INSERT INTO "exchange_ticket_reward_m" VALUES(1244,41,0,1001,1224,NULL,1,NULL,NULL,NULL,1455);
INSERT INTO "exchange_ticket_reward_m" VALUES(1245,41,0,1001,1706,NULL,1,NULL,NULL,NULL,1455);
INSERT INTO "exchange_ticket_reward_m" VALUES(1246,41,0,1001,2137,NULL,1,NULL,NULL,NULL,1455);
INSERT INTO "exchange_ticket_reward_m" VALUES(1247,41,0,1001,1031,NULL,1,NULL,NULL,NULL,1455);
INSERT INTO "exchange_ticket_reward_m" VALUES(1248,41,0,1001,1371,NULL,1,NULL,NULL,NULL,1455);
INSERT INTO "exchange_ticket_reward_m" VALUES(1249,41,0,1001,1781,NULL,1,NULL,NULL,NULL,1455);
INSERT INTO "exchange_ticket_reward_m" VALUES(1250,41,0,1001,949,NULL,1,NULL,NULL,NULL,1455);
INSERT INTO "exchange_ticket_reward_m" VALUES(1251,41,0,1001,1236,NULL,1,NULL,NULL,NULL,1455);
INSERT INTO "exchange_ticket_reward_m" VALUES(1252,41,0,1001,1628,NULL,1,NULL,NULL,NULL,1455);
INSERT INTO "exchange_ticket_reward_m" VALUES(1253,41,0,1001,2199,NULL,1,NULL,NULL,NULL,1455);
INSERT INTO "exchange_ticket_reward_m" VALUES(1254,41,0,1001,1168,NULL,1,NULL,NULL,NULL,1455);
INSERT INTO "exchange_ticket_reward_m" VALUES(1255,41,0,1001,1577,NULL,1,NULL,NULL,NULL,1455);
INSERT INTO "exchange_ticket_reward_m" VALUES(1256,41,0,1001,2000,NULL,1,NULL,NULL,NULL,1455);
INSERT INTO "exchange_ticket_reward_m" VALUES(1257,41,0,1001,951,NULL,1,NULL,NULL,NULL,1455);
INSERT INTO "exchange_ticket_reward_m" VALUES(1258,41,0,1001,1297,NULL,1,NULL,NULL,NULL,1455);
INSERT INTO "exchange_ticket_reward_m" VALUES(1259,41,0,1001,1648,NULL,1,NULL,NULL,NULL,1455);
INSERT INTO "exchange_ticket_reward_m" VALUES(1260,41,0,1001,2168,NULL,1,NULL,NULL,NULL,1455);
INSERT INTO "exchange_ticket_reward_m" VALUES(1261,41,0,1001,986,NULL,1,NULL,NULL,NULL,1455);
INSERT INTO "exchange_ticket_reward_m" VALUES(1262,41,0,1001,1595,NULL,1,NULL,NULL,NULL,1455);
INSERT INTO "exchange_ticket_reward_m" VALUES(1263,41,0,1001,2033,NULL,1,NULL,NULL,NULL,1455);
INSERT INTO "exchange_ticket_reward_m" VALUES(1264,41,0,1001,953,NULL,1,NULL,NULL,NULL,1455);
INSERT INTO "exchange_ticket_reward_m" VALUES(1265,41,0,1001,1264,NULL,1,NULL,NULL,NULL,1455);
INSERT INTO "exchange_ticket_reward_m" VALUES(1266,41,0,1001,1742,NULL,1,NULL,NULL,NULL,1455);
INSERT INTO "exchange_ticket_reward_m" VALUES(1267,41,0,1001,2222,NULL,1,NULL,NULL,NULL,1455);
INSERT INTO "exchange_ticket_reward_m" VALUES(1268,41,0,1001,1042,NULL,1,NULL,NULL,NULL,1455);
INSERT INTO "exchange_ticket_reward_m" VALUES(1269,41,0,1001,1398,NULL,1,NULL,NULL,NULL,1455);
INSERT INTO "exchange_ticket_reward_m" VALUES(1270,41,0,1001,1935,NULL,1,NULL,NULL,NULL,1455);
INSERT INTO "exchange_ticket_reward_m" VALUES(1271,41,0,1001,2324,NULL,1,NULL,NULL,NULL,1455);
INSERT INTO "exchange_ticket_reward_m" VALUES(1272,41,0,1001,1103,NULL,1,NULL,NULL,NULL,1455);
INSERT INTO "exchange_ticket_reward_m" VALUES(1273,41,0,1001,1327,NULL,1,NULL,NULL,NULL,1455);
INSERT INTO "exchange_ticket_reward_m" VALUES(1274,41,0,1001,1881,NULL,1,NULL,NULL,NULL,1455);
INSERT INTO "exchange_ticket_reward_m" VALUES(1275,41,0,1001,2297,NULL,1,NULL,NULL,NULL,1455);
INSERT INTO "exchange_ticket_reward_m" VALUES(1276,41,0,1001,1157,NULL,1,NULL,NULL,NULL,1455);
INSERT INTO "exchange_ticket_reward_m" VALUES(1277,41,0,1001,1472,NULL,1,NULL,NULL,NULL,1455);
INSERT INTO "exchange_ticket_reward_m" VALUES(1278,41,0,1001,2068,NULL,1,NULL,NULL,NULL,1455);
INSERT INTO "exchange_ticket_reward_m" VALUES(1279,41,0,1001,2246,NULL,1,NULL,NULL,NULL,1455);
INSERT INTO "exchange_ticket_reward_m" VALUES(1280,42,0,1001,1605,NULL,1,NULL,NULL,NULL,1455);
INSERT INTO "exchange_ticket_reward_m" VALUES(1281,42,0,1001,1517,NULL,1,NULL,NULL,NULL,1455);
INSERT INTO "exchange_ticket_reward_m" VALUES(1282,42,0,1001,1566,NULL,1,NULL,NULL,NULL,1455);
INSERT INTO "exchange_ticket_reward_m" VALUES(1283,42,0,1001,1604,NULL,1,NULL,NULL,NULL,1455);
INSERT INTO "exchange_ticket_reward_m" VALUES(1284,42,0,1001,1567,NULL,1,NULL,NULL,NULL,1455);
INSERT INTO "exchange_ticket_reward_m" VALUES(1285,42,0,1001,1518,NULL,1,NULL,NULL,NULL,1455);
INSERT INTO "exchange_ticket_reward_m" VALUES(1286,42,0,1001,1516,NULL,1,NULL,NULL,NULL,1455);
INSERT INTO "exchange_ticket_reward_m" VALUES(1287,42,0,1001,1606,NULL,1,NULL,NULL,NULL,1455);
INSERT INTO "exchange_ticket_reward_m" VALUES(1288,42,0,1001,1568,NULL,1,NULL,NULL,NULL,1455);
INSERT INTO "exchange_ticket_reward_m" VALUES(1289,42,0,1001,2039,NULL,1,NULL,NULL,NULL,1455);
INSERT INTO "exchange_ticket_reward_m" VALUES(1290,42,0,1001,1957,NULL,1,NULL,NULL,NULL,1455);
INSERT INTO "exchange_ticket_reward_m" VALUES(1291,42,0,1001,2012,NULL,1,NULL,NULL,NULL,1455);
INSERT INTO "exchange_ticket_reward_m" VALUES(1292,42,0,1001,2010,NULL,1,NULL,NULL,NULL,1455);
INSERT INTO "exchange_ticket_reward_m" VALUES(1293,42,0,1001,2041,NULL,1,NULL,NULL,NULL,1455);
INSERT INTO "exchange_ticket_reward_m" VALUES(1294,42,0,1001,1958,NULL,1,NULL,NULL,NULL,1455);
INSERT INTO "exchange_ticket_reward_m" VALUES(1295,42,0,1001,2040,NULL,1,NULL,NULL,NULL,1455);
INSERT INTO "exchange_ticket_reward_m" VALUES(1296,42,0,1001,2011,NULL,1,NULL,NULL,NULL,1455);
INSERT INTO "exchange_ticket_reward_m" VALUES(1297,42,0,1001,1956,NULL,1,NULL,NULL,NULL,1455);
INSERT INTO "exchange_ticket_reward_m" VALUES(1298,42,0,1001,2253,NULL,1,'{"rank":2}',NULL,NULL,1455);
INSERT INTO "exchange_ticket_reward_m" VALUES(1299,42,0,1001,2254,NULL,1,'{"rank":2}',NULL,NULL,1455);
INSERT INTO "exchange_ticket_reward_m" VALUES(1300,42,0,1001,2401,NULL,1,'{"rank":2}',NULL,NULL,1455);
INSERT INTO "exchange_ticket_reward_m" VALUES(1301,42,0,1001,2402,NULL,1,'{"rank":2}',NULL,NULL,1455);
INSERT INTO "exchange_ticket_reward_m" VALUES(1302,42,0,1001,2433,NULL,1,'{"rank":2}',NULL,NULL,1455);
INSERT INTO "exchange_ticket_reward_m" VALUES(1303,42,0,1001,2434,NULL,1,'{"rank":2}',NULL,NULL,1455);
INSERT INTO "exchange_ticket_reward_m" VALUES(1304,42,0,1001,2464,NULL,1,'{"rank":2}',NULL,NULL,1455);
INSERT INTO "exchange_ticket_reward_m" VALUES(1305,42,0,1001,2465,NULL,1,'{"rank":2}',NULL,NULL,1455);
INSERT INTO "exchange_ticket_reward_m" VALUES(1306,42,0,1001,2494,NULL,1,'{"rank":2}',NULL,NULL,1455);
INSERT INTO "exchange_ticket_reward_m" VALUES(1307,42,0,1001,2495,NULL,1,'{"rank":2}',NULL,NULL,1455);
INSERT INTO "exchange_ticket_reward_m" VALUES(1308,42,0,1001,957,NULL,1,NULL,NULL,NULL,1455);
INSERT INTO "exchange_ticket_reward_m" VALUES(1309,42,0,1001,1287,NULL,1,NULL,NULL,NULL,1455);
INSERT INTO "exchange_ticket_reward_m" VALUES(1310,42,0,1001,1813,NULL,1,NULL,NULL,NULL,1455);
INSERT INTO "exchange_ticket_reward_m" VALUES(1311,42,0,1001,2223,NULL,1,NULL,NULL,NULL,1455);
INSERT INTO "exchange_ticket_reward_m" VALUES(1312,42,0,1001,1043,NULL,1,NULL,NULL,NULL,1455);
INSERT INTO "exchange_ticket_reward_m" VALUES(1313,42,0,1001,1399,NULL,1,NULL,NULL,NULL,1455);
INSERT INTO "exchange_ticket_reward_m" VALUES(1314,42,0,1001,1916,NULL,1,NULL,NULL,NULL,1455);
INSERT INTO "exchange_ticket_reward_m" VALUES(1315,42,0,1001,1237,NULL,1,NULL,NULL,NULL,1455);
INSERT INTO "exchange_ticket_reward_m" VALUES(1316,42,0,1001,1425,NULL,1,NULL,NULL,NULL,1455);
INSERT INTO "exchange_ticket_reward_m" VALUES(1317,42,0,1001,1882,NULL,1,NULL,NULL,NULL,1455);
INSERT INTO "exchange_ticket_reward_m" VALUES(1318,42,0,1001,1158,NULL,1,NULL,NULL,NULL,1455);
INSERT INTO "exchange_ticket_reward_m" VALUES(1319,42,0,1001,1596,NULL,1,NULL,NULL,NULL,1455);
INSERT INTO "exchange_ticket_reward_m" VALUES(1320,42,0,1001,1766,NULL,1,NULL,NULL,NULL,1455);
INSERT INTO "exchange_ticket_reward_m" VALUES(1321,42,0,1001,1225,NULL,1,NULL,NULL,NULL,1455);
INSERT INTO "exchange_ticket_reward_m" VALUES(1322,42,0,1001,1613,NULL,1,NULL,NULL,NULL,1455);
INSERT INTO "exchange_ticket_reward_m" VALUES(1323,42,0,1001,2092,NULL,1,NULL,NULL,NULL,1455);
INSERT INTO "exchange_ticket_reward_m" VALUES(1324,42,0,1001,1125,NULL,1,NULL,NULL,NULL,1455);
INSERT INTO "exchange_ticket_reward_m" VALUES(1325,42,0,1001,1707,NULL,1,NULL,NULL,NULL,1455);
INSERT INTO "exchange_ticket_reward_m" VALUES(1326,42,0,1001,2001,NULL,1,NULL,NULL,NULL,1455);
INSERT INTO "exchange_ticket_reward_m" VALUES(1327,42,0,1001,2247,NULL,1,NULL,NULL,NULL,1455);
INSERT INTO "exchange_ticket_reward_m" VALUES(1328,42,0,1001,976,NULL,1,NULL,NULL,NULL,1455);
INSERT INTO "exchange_ticket_reward_m" VALUES(1329,42,0,1001,1328,NULL,1,NULL,NULL,NULL,1455);
INSERT INTO "exchange_ticket_reward_m" VALUES(1330,42,0,1001,1743,NULL,1,NULL,NULL,NULL,1455);
INSERT INTO "exchange_ticket_reward_m" VALUES(1331,42,0,1001,999,NULL,1,NULL,NULL,NULL,1455);
INSERT INTO "exchange_ticket_reward_m" VALUES(1332,42,0,1001,1372,NULL,1,NULL,NULL,NULL,1455);
INSERT INTO "exchange_ticket_reward_m" VALUES(1333,42,0,1001,2189,NULL,1,NULL,NULL,NULL,1455);
INSERT INTO "exchange_ticket_reward_m" VALUES(1334,42,0,1001,1114,NULL,1,NULL,NULL,NULL,1455);
INSERT INTO "exchange_ticket_reward_m" VALUES(1335,42,0,1001,1503,NULL,1,NULL,NULL,NULL,1455);
INSERT INTO "exchange_ticket_reward_m" VALUES(1336,42,0,1001,1936,NULL,1,NULL,NULL,NULL,1455);
INSERT INTO "exchange_ticket_reward_m" VALUES(1337,42,0,1001,2286,NULL,1,NULL,NULL,NULL,1455);
INSERT INTO "exchange_ticket_reward_m" VALUES(1338,42,0,1001,2118,NULL,1,'{"rank":2}',NULL,NULL,1455);
INSERT INTO "exchange_ticket_reward_m" VALUES(1339,42,0,1001,1214,NULL,1,NULL,NULL,NULL,1455);
INSERT INTO "exchange_ticket_reward_m" VALUES(1340,42,0,1001,1660,NULL,1,NULL,NULL,NULL,1455);
INSERT INTO "exchange_ticket_reward_m" VALUES(1341,42,0,1001,2021,NULL,1,NULL,NULL,NULL,1455);
INSERT INTO "exchange_ticket_reward_m" VALUES(1342,42,0,1001,2298,NULL,1,NULL,NULL,NULL,1455);
INSERT INTO "exchange_ticket_reward_m" VALUES(1343,42,0,1001,1193,NULL,1,NULL,NULL,NULL,1455);
INSERT INTO "exchange_ticket_reward_m" VALUES(1344,42,0,1001,1578,NULL,1,NULL,NULL,NULL,1455);
INSERT INTO "exchange_ticket_reward_m" VALUES(1345,42,0,1001,2069,NULL,1,NULL,NULL,NULL,1455);
INSERT INTO "exchange_ticket_reward_m" VALUES(1346,42,0,1001,2274,NULL,1,NULL,NULL,NULL,1455);
INSERT INTO "exchange_ticket_reward_m" VALUES(1347,42,0,1001,1009,NULL,1,NULL,NULL,NULL,1455);
INSERT INTO "exchange_ticket_reward_m" VALUES(1348,42,0,1001,1342,NULL,1,NULL,NULL,NULL,1455);
INSERT INTO "exchange_ticket_reward_m" VALUES(1349,42,0,1001,2236,NULL,1,NULL,NULL,NULL,1455);
INSERT INTO "exchange_ticket_reward_m" VALUES(1350,42,0,1001,1104,NULL,1,NULL,NULL,NULL,1455);
INSERT INTO "exchange_ticket_reward_m" VALUES(1351,42,0,1001,1473,NULL,1,NULL,NULL,NULL,1455);
INSERT INTO "exchange_ticket_reward_m" VALUES(1352,42,0,1001,2115,NULL,1,NULL,NULL,NULL,1455);
INSERT INTO "exchange_ticket_reward_m" VALUES(1353,42,0,1001,959,NULL,1,NULL,NULL,NULL,1455);
INSERT INTO "exchange_ticket_reward_m" VALUES(1354,42,0,1001,1298,NULL,1,NULL,NULL,NULL,1455);
INSERT INTO "exchange_ticket_reward_m" VALUES(1355,42,0,1001,1782,NULL,1,NULL,NULL,NULL,1455);
INSERT INTO "exchange_ticket_reward_m" VALUES(1356,42,0,1001,2213,NULL,1,NULL,NULL,NULL,1455);
INSERT INTO "exchange_ticket_reward_m" VALUES(1357,42,0,1001,1169,NULL,1,NULL,NULL,NULL,1455);
INSERT INTO "exchange_ticket_reward_m" VALUES(1358,42,0,1001,1485,NULL,1,NULL,NULL,NULL,1455);
INSERT INTO "exchange_ticket_reward_m" VALUES(1359,42,0,1001,1850,NULL,1,NULL,NULL,NULL,1455);
INSERT INTO "exchange_ticket_reward_m" VALUES(1360,42,0,1001,1080,NULL,1,NULL,NULL,NULL,1455);
INSERT INTO "exchange_ticket_reward_m" VALUES(1361,42,0,1001,1649,NULL,1,NULL,NULL,NULL,1455);
INSERT INTO "exchange_ticket_reward_m" VALUES(1362,42,0,1001,1904,NULL,1,NULL,NULL,NULL,1455);
INSERT INTO "exchange_ticket_reward_m" VALUES(1363,42,0,1001,1136,NULL,1,NULL,NULL,NULL,1455);
INSERT INTO "exchange_ticket_reward_m" VALUES(1364,42,0,1001,1561,NULL,1,NULL,NULL,NULL,1455);
INSERT INTO "exchange_ticket_reward_m" VALUES(1365,42,0,1001,2080,NULL,1,NULL,NULL,NULL,1455);
INSERT INTO "exchange_ticket_reward_m" VALUES(1366,42,0,1001,2325,NULL,1,NULL,NULL,NULL,1455);
INSERT INTO "exchange_ticket_reward_m" VALUES(1367,42,0,1001,987,NULL,1,NULL,NULL,NULL,1455);
INSERT INTO "exchange_ticket_reward_m" VALUES(1368,42,0,1001,1383,NULL,1,NULL,NULL,NULL,1455);
INSERT INTO "exchange_ticket_reward_m" VALUES(1369,42,0,1001,2200,NULL,1,NULL,NULL,NULL,1455);
INSERT INTO "exchange_ticket_reward_m" VALUES(1370,42,0,1001,1055,NULL,1,NULL,NULL,NULL,1455);
INSERT INTO "exchange_ticket_reward_m" VALUES(1371,42,0,1001,1438,NULL,1,NULL,NULL,NULL,1455);
INSERT INTO "exchange_ticket_reward_m" VALUES(1372,42,0,1001,1949,NULL,1,NULL,NULL,NULL,1455);
INSERT INTO "exchange_ticket_reward_m" VALUES(1373,42,0,1001,958,NULL,1,NULL,NULL,NULL,1455);
INSERT INTO "exchange_ticket_reward_m" VALUES(1374,42,0,1001,1308,NULL,1,NULL,NULL,NULL,1455);
INSERT INTO "exchange_ticket_reward_m" VALUES(1375,42,0,1001,1730,NULL,1,NULL,NULL,NULL,1455);
INSERT INTO "exchange_ticket_reward_m" VALUES(1376,42,0,1001,2138,NULL,1,NULL,NULL,NULL,1455);
INSERT INTO "exchange_ticket_reward_m" VALUES(1377,42,0,1001,1148,NULL,1,NULL,NULL,NULL,1455);
INSERT INTO "exchange_ticket_reward_m" VALUES(1378,42,0,1001,1629,NULL,1,NULL,NULL,NULL,1455);
INSERT INTO "exchange_ticket_reward_m" VALUES(1379,42,0,1001,2051,NULL,1,NULL,NULL,NULL,1455);
INSERT INTO "exchange_ticket_reward_m" VALUES(1380,42,0,1001,1032,NULL,1,NULL,NULL,NULL,1455);
INSERT INTO "exchange_ticket_reward_m" VALUES(1381,42,0,1001,1353,NULL,1,NULL,NULL,NULL,1455);
INSERT INTO "exchange_ticket_reward_m" VALUES(1382,42,0,1001,2034,NULL,1,NULL,NULL,NULL,1455);
INSERT INTO "exchange_ticket_reward_m" VALUES(1383,42,0,1001,2310,NULL,1,NULL,NULL,NULL,1455);
INSERT INTO "exchange_ticket_reward_m" VALUES(1384,42,0,1001,1068,NULL,1,NULL,NULL,NULL,1455);
INSERT INTO "exchange_ticket_reward_m" VALUES(1385,42,0,1001,1459,NULL,1,NULL,NULL,NULL,1455);
INSERT INTO "exchange_ticket_reward_m" VALUES(1386,42,0,1001,1966,NULL,1,NULL,NULL,NULL,1455);
INSERT INTO "exchange_ticket_reward_m" VALUES(1387,42,0,1001,2263,NULL,1,NULL,NULL,NULL,1455);
INSERT INTO "exchange_ticket_reward_m" VALUES(1388,42,0,1001,2117,NULL,1,'{"rank":2}',NULL,NULL,1455);
INSERT INTO "exchange_ticket_reward_m" VALUES(1389,42,0,1001,1020,NULL,1,NULL,NULL,NULL,1455);
INSERT INTO "exchange_ticket_reward_m" VALUES(1390,42,0,1001,1276,NULL,1,NULL,NULL,NULL,1455);
INSERT INTO "exchange_ticket_reward_m" VALUES(1391,42,0,1001,2158,NULL,1,NULL,NULL,NULL,1455);
INSERT INTO "exchange_ticket_reward_m" VALUES(1392,42,0,1001,1182,NULL,1,NULL,NULL,NULL,1455);
INSERT INTO "exchange_ticket_reward_m" VALUES(1393,42,0,1001,1526,NULL,1,NULL,NULL,NULL,1455);
INSERT INTO "exchange_ticket_reward_m" VALUES(1394,42,0,1001,2169,NULL,1,NULL,NULL,NULL,1455);
INSERT INTO "exchange_ticket_reward_m" VALUES(1395,42,0,1001,1203,NULL,1,NULL,NULL,NULL,1455);
INSERT INTO "exchange_ticket_reward_m" VALUES(1396,42,0,1001,1696,NULL,1,NULL,NULL,NULL,1455);
INSERT INTO "exchange_ticket_reward_m" VALUES(1397,42,0,1001,1836,NULL,1,NULL,NULL,NULL,1455);
INSERT INTO "exchange_ticket_reward_m" VALUES(1398,42,0,1001,1265,NULL,1,NULL,NULL,NULL,1455);
INSERT INTO "exchange_ticket_reward_m" VALUES(1399,42,0,1001,1672,NULL,1,NULL,NULL,NULL,1455);
INSERT INTO "exchange_ticket_reward_m" VALUES(1400,42,0,1001,1793,NULL,1,NULL,NULL,NULL,1455);
COMMIT;
